Copyright 1986-2022 Xilinx, Inc. All Rights Reserved. Copyright 2022-2026 Advanced Micro Devices, Inc. All Rights Reserved.
----------------------------------------------------------------------------------------------------------------------------------------------------------------------------------------
| Tool Version : Vivado v.2025.2.1 (win64) Build 6403652 Thu Mar 19 19:48:24 GMT 2026
| Date         : Thu Aug 20 10:43:23 2026
| Host         : LAPTOP-GFLFTQ3I running 64-bit major release  (build 9200)
| Command      : report_timing_summary -delay_type min_max -report_unconstrained -check_timing_verbose -file D:/prg/prg_cam/docs/reports/ethernet_bringup/post_synth_timing_summary.rpt
| Design       : Camera_Ethernet_Top
| Device       : 7a50ti-csg324
| Speed File   : -1L  PRODUCTION 1.23 2018-06-13
| Design State : Synthesized
----------------------------------------------------------------------------------------------------------------------------------------------------------------------------------------

Timing Summary Report

------------------------------------------------------------------------------------------------
| Timer Settings
| --------------
------------------------------------------------------------------------------------------------

  Enable Multi Corner Analysis               :  Yes
  Enable Pessimism Removal                   :  Yes
  Pessimism Removal Resolution               :  Nearest Common Node
  Enable Input Delay Default Clock           :  No
  Enable Preset / Clear Arcs                 :  No
  Disable Flight Delays                      :  No
  Ignore I/O Paths                           :  No
  Timing Early Launch at Borrowing Latches   :  No
  Borrow Time for Max Delay Exceptions       :  Yes
  Merge Timing Exceptions                    :  Yes
  Inter-SLR Compensation                     :  Conservative

  Corner  Analyze    Analyze    
  Name    Max Paths  Min Paths  
  ------  ---------  ---------  
  Slow    Yes        Yes        
  Fast    Yes        Yes        


------------------------------------------------------------------------------------------------
| Report Methodology
| ------------------
------------------------------------------------------------------------------------------------

Rule       Severity  Description                                 Violations  
---------  --------  ------------------------------------------  ----------  
SYNTH-6    Warning   Timing of a RAM block might be sub-optimal  5           
TIMING-15  Warning   Large hold violation                        14          
TIMING-18  Warning   Missing input or output delay               26          

Note: This report is based on the most recent report_methodology run and may not be up-to-date. Run report_methodology on the current design for the latest report.



check_timing report

Table of Contents
-----------------
1. checking no_clock (0)
2. checking constant_clock (0)
3. checking pulse_width_clock (0)
4. checking unconstrained_internal_endpoints (0)
5. checking no_input_delay (22)
6. checking no_output_delay (2)
7. checking multiple_clock (0)
8. checking generated_clocks (0)
9. checking loops (0)
10. checking partial_input_delay (0)
11. checking partial_output_delay (0)
12. checking latch_loops (0)

1. checking no_clock (0)
------------------------
 There are 0 register/latch pins with no clock.


2. checking constant_clock (0)
------------------------------
 There are 0 register/latch pins with constant_clock.


3. checking pulse_width_clock (0)
---------------------------------
 There are 0 register/latch pins which need pulse_width check


4. checking unconstrained_internal_endpoints (0)
------------------------------------------------
 There are 0 pins that are not constrained for maximum delay.

 There are 0 pins that are not constrained for maximum delay due to constant clock.


5. checking no_input_delay (22)
-------------------------------
 There are 22 input ports with no input delay specified. (HIGH)

CAMERA_CAPTURE_ENABLE
CPU_RESETN
GPIO[0]
GPIO[1]
GPIO[2]
GPIO[3]
GPIO[4]
GPIO[5]
GPIO[6]
GPIO[7]
GPIO[8]
GPIO[9]
GPIO_CAM1[0]
GPIO_CAM1[1]
GPIO_CAM1[2]
GPIO_CAM1[3]
GPIO_CAM1[4]
GPIO_CAM1[5]
GPIO_CAM1[6]
GPIO_CAM1[7]
GPIO_CAM1[8]
GPIO_CAM1[9]

 There are 0 input ports with no input delay but user has a false path constraint.


6. checking no_output_delay (2)
-------------------------------
 There is 1 port with no output delay specified. (HIGH)

ETH_RSTN

 There are 0 ports with no output delay but user has a false path constraint

 There is 1 port with no output delay but with a timing clock defined on it or propagating through it (LOW)

ETH_REFCLK


7. checking multiple_clock (0)
------------------------------
 There are 0 register/latch pins with multiple clocks.


8. checking generated_clocks (0)
--------------------------------
 There are 0 generated clocks that are not connected to a clock source.


9. checking loops (0)
---------------------
 There are 0 combinational loops in the design.


10. checking partial_input_delay (0)
------------------------------------
 There are 0 input ports with partial input delay specified.


11. checking partial_output_delay (0)
-------------------------------------
 There are 0 ports with partial output delay specified.


12. checking latch_loops (0)
----------------------------
 There are 0 combinational latch loops in the design through latch input



------------------------------------------------------------------------------------------------
| Design Timing Summary
| ---------------------
------------------------------------------------------------------------------------------------

    WNS(ns)      TNS(ns)  TNS Failing Endpoints  TNS Total Endpoints      WHS(ns)      THS(ns)  THS Failing Endpoints  THS Total Endpoints     WPWS(ns)     TPWS(ns)  TPWS Failing Endpoints  TPWS Total Endpoints  
    -------      -------  ---------------------  -------------------      -------      -------  ---------------------  -------------------     --------     --------  ----------------------  --------------------  
      3.388        0.000                      0                 3324       -1.637      -40.242                     26                 3324        3.000        0.000                       0                  1142  


Timing constraints are not met.


------------------------------------------------------------------------------------------------
| Clock Summary
| -------------
------------------------------------------------------------------------------------------------

Clock                            Waveform(ns)       Period(ns)      Frequency(MHz)
-----                            ------------       ----------      --------------
sys_clk_pin                      {0.000 5.000}      10.000          100.000         
  clkfbout_ethernet_clk_wiz      {0.000 5.000}      10.000          100.000         
  phy_ref_clk_ethernet_clk_wiz   {2.500 12.500}     20.000          50.000          
    eth_refclk_out               {2.500 12.500}     20.000          50.000          
  rmii_ref_clk_ethernet_clk_wiz  {0.000 10.000}     20.000          50.000          
    mii_rx_clk                   {0.000 20.000}     40.000          25.000          
    mii_tx_clk                   {0.000 20.000}     40.000          25.000          


------------------------------------------------------------------------------------------------
| Intra Clock Table
| -----------------
------------------------------------------------------------------------------------------------

Clock                                WNS(ns)      TNS(ns)  TNS Failing Endpoints  TNS Total Endpoints      WHS(ns)      THS(ns)  THS Failing Endpoints  THS Total Endpoints     WPWS(ns)     TPWS(ns)  TPWS Failing Endpoints  TPWS Total Endpoints  
-----                                -------      -------  ---------------------  -------------------      -------      -------  ---------------------  -------------------     --------     --------  ----------------------  --------------------  
sys_clk_pin                            3.388        0.000                      0                 2403        0.045        0.000                      0                 2403        3.000        0.000                       0                   909  
  clkfbout_ethernet_clk_wiz                                                                                                                                                        7.845        0.000                       0                     3  
  phy_ref_clk_ethernet_clk_wiz                                                                                                                                                    17.845        0.000                       0                     6  
  rmii_ref_clk_ethernet_clk_wiz       18.191        0.000                      0                   29        0.045        0.000                      0                   29        9.500        0.000                       0                    31  
    mii_rx_clk                        39.039        0.000                      0                    6        0.045        0.000                      0                    6       19.500        0.000                       0                     9  
    mii_tx_clk                        35.034        0.000                      0                  441        0.045        0.000                      0                  441       19.500        0.000                       0                   184  


------------------------------------------------------------------------------------------------
| Inter Clock Table
| -----------------
------------------------------------------------------------------------------------------------

From Clock                     To Clock                           WNS(ns)      TNS(ns)  TNS Failing Endpoints  TNS Total Endpoints      WHS(ns)      THS(ns)  THS Failing Endpoints  THS Total Endpoints  
----------                     --------                           -------      -------  ---------------------  -------------------      -------      -------  ---------------------  -------------------  
mii_tx_clk                     sys_clk_pin                          6.688        0.000                      0                   15        0.529        0.000                      0                   15  
rmii_ref_clk_ethernet_clk_wiz  phy_ref_clk_ethernet_clk_wiz        10.164        0.000                      0                    3        7.662        0.000                      0                    3  
phy_ref_clk_ethernet_clk_wiz   eth_refclk_out                       5.565        0.000                      0                    3        8.192        0.000                      0                    3  
mii_rx_clk                     rmii_ref_clk_ethernet_clk_wiz       18.729        0.000                      0                    1        0.139        0.000                      0                    1  
mii_tx_clk                     rmii_ref_clk_ethernet_clk_wiz       15.948        0.000                      0                    6        0.149        0.000                      0                    6  
sys_clk_pin                    mii_tx_clk                           9.772        0.000                      0                   14       -1.637      -22.890                     14                   14  


------------------------------------------------------------------------------------------------
| Other Path Groups Table
| -----------------------
------------------------------------------------------------------------------------------------

Path Group                     From Clock                     To Clock                           WNS(ns)      TNS(ns)  TNS Failing Endpoints  TNS Total Endpoints      WHS(ns)      THS(ns)  THS Failing Endpoints  THS Total Endpoints  
----------                     ----------                     --------                           -------      -------  ---------------------  -------------------      -------      -------  ---------------------  -------------------  
**async_default**              sys_clk_pin                    mii_rx_clk                           9.719        0.000                      0                    8       -1.612      -12.730                      8                    8  
**async_default**              mii_tx_clk                     mii_tx_clk                          38.291        0.000                      0                    1        0.328        0.000                      0                    1  
**async_default**              sys_clk_pin                    mii_tx_clk                           9.653        0.000                      0                    4       -1.155       -4.622                      4                    4  
**async_default**              rmii_ref_clk_ethernet_clk_wiz  rmii_ref_clk_ethernet_clk_wiz       18.329        0.000                      0                   25        0.310        0.000                      0                   25  
**async_default**              sys_clk_pin                    rmii_ref_clk_ethernet_clk_wiz        8.026        0.000                      0                    4        0.191        0.000                      0                    4  
**async_default**              mii_rx_clk                     sys_clk_pin                          5.910        0.000                      0                    4        0.743        0.000                      0                    4  
**async_default**              mii_tx_clk                     sys_clk_pin                          6.268        0.000                      0                    8        0.701        0.000                      0                    8  
**async_default**              sys_clk_pin                    sys_clk_pin                          7.268        0.000                      0                  354        0.322        0.000                      0                  354  


------------------------------------------------------------------------------------------------
| User Ignored Path Table
| -----------------------
------------------------------------------------------------------------------------------------

Path Group    From Clock    To Clock    
----------    ----------    --------    
(none)        sys_clk_pin   mii_tx_clk    


------------------------------------------------------------------------------------------------
| Unconstrained Path Table
| ------------------------
------------------------------------------------------------------------------------------------

Path Group                    From Clock                    To Clock                    
----------                    ----------                    --------                    
(none)                        phy_ref_clk_ethernet_clk_wiz                                
(none)                        sys_clk_pin                                                 
(none)                                                      sys_clk_pin                   


------------------------------------------------------------------------------------------------
| Timing Details
| --------------
------------------------------------------------------------------------------------------------


---------------------------------------------------------------------------------------------------
From Clock:  sys_clk_pin
  To Clock:  sys_clk_pin

Setup :            0  Failing Endpoints,  Worst Slack        3.388ns,  Total Violation        0.000ns
Hold  :            0  Failing Endpoints,  Worst Slack        0.045ns,  Total Violation        0.000ns
PW    :            0  Failing Endpoints,  Worst Slack        3.000ns,  Total Violation        0.000ns
---------------------------------------------------------------------------------------------------


Max Delay Paths
--------------------------------------------------------------------------------------
Slack (MET) :             3.388ns  (required time - arrival time)
  Source:                 u_taxi_ethernet_subsystem/u_taxi_eth_mac_mii_fifo/tx_fifo/fifo_inst/wr_ptr_gray_reg_reg[3]/C
                            (rising edge-triggered cell FDRE clocked by sys_clk_pin  {rise@0.000ns fall@5.000ns period=10.000ns})
  Destination:            packet_byte_index_dbg_reg[0]/R
                            (rising edge-triggered cell FDRE clocked by sys_clk_pin  {rise@0.000ns fall@5.000ns period=10.000ns})
  Path Group:             sys_clk_pin
  Path Type:              Setup (Max at Slow Process Corner)
  Requirement:            10.000ns  (sys_clk_pin rise@10.000ns - sys_clk_pin rise@0.000ns)
  Data Path Delay:        5.999ns  (logic 2.296ns (38.273%)  route 3.703ns (61.727%))
  Logic Levels:           7  (CARRY4=2 LUT1=1 LUT2=1 LUT3=1 LUT4=1 LUT6=1)
  Clock Path Skew:        -0.145ns (DCD - SCD + CPR)
    Destination Clock Delay (DCD):    2.924ns = ( 12.924 - 10.000 ) 
    Source Clock Delay      (SCD):    3.184ns
    Clock Pessimism Removal (CPR):    0.116ns
  Clock Uncertainty:      0.035ns  ((TSJ^2 + TIJ^2)^1/2 + DJ) / 2 + PE
    Total System Jitter     (TSJ):    0.071ns
    Total Input Jitter      (TIJ):    0.000ns
    Discrete Jitter          (DJ):    0.000ns
    Phase Error              (PE):    0.000ns

    Location             Delay type                Incr(ns)  Path(ns)    Netlist Resource(s)
  -------------------------------------------------------------------    -------------------
                         (clock sys_clk_pin rise edge)
                                                      0.000     0.000 r  
    E3                                                0.000     0.000 r  CLK100MHZ (IN)
                         net (fo=0)                   0.000     0.000    CLK100MHZ
    E3                   IBUF (Prop_ibuf_I_O)         1.489     1.489 r  u_sys_clk_ibuf/O
                         net (fo=2, unplaced)         0.800     2.289    sys_clk_ibuf
                         BUFG (Prop_bufg_I_O)         0.096     2.385 r  u_logic_clk_bufg/O
                         net (fo=906, unplaced)       0.800     3.184    u_taxi_ethernet_subsystem/u_taxi_eth_mac_mii_fifo/tx_fifo/fifo_inst/logic_clk
                         FDRE                                         r  u_taxi_ethernet_subsystem/u_taxi_eth_mac_mii_fifo/tx_fifo/fifo_inst/wr_ptr_gray_reg_reg[3]/C
  -------------------------------------------------------------------    -------------------
                         FDRE (Prop_fdre_C_Q)         0.456     3.640 r  u_taxi_ethernet_subsystem/u_taxi_eth_mac_mii_fifo/tx_fifo/fifo_inst/wr_ptr_gray_reg_reg[3]/Q
                         net (fo=1, unplaced)         0.965     4.605    u_taxi_ethernet_subsystem/u_taxi_eth_mac_mii_fifo/tx_fifo/fifo_inst/wr_ptr_gray_reg[3]
                         LUT6 (Prop_lut6_I0_O)        0.295     4.900 r  u_taxi_ethernet_subsystem/u_taxi_eth_mac_mii_fifo/tx_fifo/fifo_inst/full_carry_i_3/O
                         net (fo=1, unplaced)         0.000     4.900    u_taxi_ethernet_subsystem/u_taxi_eth_mac_mii_fifo/tx_fifo/fifo_inst/full_carry_i_3_n_0
                         CARRY4 (Prop_carry4_S[1]_CO[3])
                                                      0.533     5.433 r  u_taxi_ethernet_subsystem/u_taxi_eth_mac_mii_fifo/tx_fifo/fifo_inst/full_carry/CO[3]
                         net (fo=1, unplaced)         0.009     5.442    u_taxi_ethernet_subsystem/u_taxi_eth_mac_mii_fifo/tx_fifo/fifo_inst/full_carry_n_0
                         CARRY4 (Prop_carry4_CI_CO[0])
                                                      0.281     5.723 f  u_taxi_ethernet_subsystem/u_taxi_eth_mac_mii_fifo/tx_fifo/fifo_inst/full_carry__0/CO[0]
                         net (fo=7, unplaced)         0.505     6.228    u_taxi_ethernet_subsystem/u_taxi_eth_mac_mii_fifo/tx_fifo/fifo_inst/s_reset_sync_inst/overflow_reg_reg[0]
                         LUT3 (Prop_lut3_I0_O)        0.367     6.595 r  u_taxi_ethernet_subsystem/u_taxi_eth_mac_mii_fifo/tx_fifo/fifo_inst/s_reset_sync_inst/frame_ready_INST_0/O
                         net (fo=5, unplaced)         0.477     7.072    u_ethernet_frame_adapter/frame_ready
                         LUT2 (Prop_lut2_I0_O)        0.116     7.188 r  u_ethernet_frame_adapter/packet_ready_INST_0/O
                         net (fo=1, unplaced)         0.449     7.637    packet_ready
                         LUT1 (Prop_lut1_I0_O)        0.124     7.761 r  packet_ready_inst/O
                         net (fo=8, unplaced)         0.487     8.248    camera_packet_ready
                         LUT4 (Prop_lut4_I2_O)        0.124     8.372 r  packet_byte_index_dbg[6]_i_1/O
                         net (fo=7, unplaced)         0.811     9.183    packet_byte_index_dbg[6]_i_1_n_0
                         FDRE                                         r  packet_byte_index_dbg_reg[0]/R
  -------------------------------------------------------------------    -------------------

                         (clock sys_clk_pin rise edge)
                                                     10.000    10.000 r  
    E3                                                0.000    10.000 r  CLK100MHZ (IN)
                         net (fo=0)                   0.000    10.000    CLK100MHZ
    E3                   IBUF (Prop_ibuf_I_O)         1.418    11.418 r  u_sys_clk_ibuf/O
                         net (fo=2, unplaced)         0.760    12.178    sys_clk_ibuf
                         BUFG (Prop_bufg_I_O)         0.091    12.269 r  u_logic_clk_bufg/O
                         net (fo=906, unplaced)       0.655    12.924    logic_clk
                         FDRE                                         r  packet_byte_index_dbg_reg[0]/C
                         clock pessimism              0.116    13.039    
                         clock uncertainty           -0.035    13.004    
                         FDRE (Setup_fdre_C_R)       -0.433    12.571    packet_byte_index_dbg_reg[0]
  -------------------------------------------------------------------
                         required time                         12.571    
                         arrival time                          -9.183    
  -------------------------------------------------------------------
                         slack                                  3.388    





Min Delay Paths
--------------------------------------------------------------------------------------
Slack (MET) :             0.045ns  (arrival time - required time)
  Source:                 camera_enable_meta_reg/C
                            (rising edge-triggered cell FDRE clocked by sys_clk_pin  {rise@0.000ns fall@5.000ns period=10.000ns})
  Destination:            camera_enable_sync_reg/D
                            (rising edge-triggered cell FDRE clocked by sys_clk_pin  {rise@0.000ns fall@5.000ns period=10.000ns})
  Path Group:             sys_clk_pin
  Path Type:              Hold (Min at Fast Process Corner)
  Requirement:            0.000ns  (sys_clk_pin rise@0.000ns - sys_clk_pin rise@0.000ns)
  Data Path Delay:        0.228ns  (logic 0.147ns (64.493%)  route 0.081ns (35.507%))
  Logic Levels:           0  
  Clock Path Skew:        0.145ns (DCD - SCD - CPR)
    Destination Clock Delay (DCD):    1.183ns
    Source Clock Delay      (SCD):    0.830ns
    Clock Pessimism Removal (CPR):    0.209ns

    Location             Delay type                Incr(ns)  Path(ns)    Netlist Resource(s)
  -------------------------------------------------------------------    -------------------
                         (clock sys_clk_pin rise edge)
                                                      0.000     0.000 r  
    E3                                                0.000     0.000 r  CLK100MHZ (IN)
                         net (fo=0)                   0.000     0.000    CLK100MHZ
    E3                   IBUF (Prop_ibuf_I_O)         0.257     0.257 r  u_sys_clk_ibuf/O
                         net (fo=2, unplaced)         0.337     0.594    sys_clk_ibuf
                         BUFG (Prop_bufg_I_O)         0.026     0.620 r  u_logic_clk_bufg/O
                         net (fo=906, unplaced)       0.210     0.830    logic_clk
                         FDRE                                         r  camera_enable_meta_reg/C
  -------------------------------------------------------------------    -------------------
                         FDRE (Prop_fdre_C_Q)         0.147     0.977 r  camera_enable_meta_reg/Q
                         net (fo=1, unplaced)         0.081     1.058    camera_enable_meta
                         FDRE                                         r  camera_enable_sync_reg/D
  -------------------------------------------------------------------    -------------------

                         (clock sys_clk_pin rise edge)
                                                      0.000     0.000 r  
    E3                                                0.000     0.000 r  CLK100MHZ (IN)
                         net (fo=0)                   0.000     0.000    CLK100MHZ
    E3                   IBUF (Prop_ibuf_I_O)         0.445     0.445 r  u_sys_clk_ibuf/O
                         net (fo=2, unplaced)         0.355     0.799    sys_clk_ibuf
                         BUFG (Prop_bufg_I_O)         0.029     0.828 r  u_logic_clk_bufg/O
                         net (fo=906, unplaced)       0.355     1.183    logic_clk
                         FDRE                                         r  camera_enable_sync_reg/C
                         clock pessimism             -0.209     0.975    
                         FDRE (Hold_fdre_C_D)         0.038     1.013    camera_enable_sync_reg
  -------------------------------------------------------------------
                         required time                         -1.013    
                         arrival time                           1.058    
  -------------------------------------------------------------------
                         slack                                  0.045    





Pulse Width Checks
--------------------------------------------------------------------------------------
Clock Name:         sys_clk_pin
Waveform(ns):       { 0.000 5.000 }
Period(ns):         10.000
Sources:            { CLK100MHZ }

Check Type        Corner  Lib Pin             Reference Pin  Required(ns)  Actual(ns)  Slack(ns)  Location  Pin
Min Period        n/a     RAMB18E1/CLKARDCLK  n/a            2.944         10.000      7.056                u_camera_pipeline/u_line_buffer_0/packet_mem_reg/CLKARDCLK
Max Period        n/a     MMCME2_ADV/CLKIN1   n/a            100.000       10.000      90.000               u_ethernet_clk_wiz/inst/mmcm_adv_inst/CLKIN1
Low Pulse Width   Slow    MMCME2_ADV/CLKIN1   n/a            2.000         5.000       3.000                u_ethernet_clk_wiz/inst/mmcm_adv_inst/CLKIN1
High Pulse Width  Slow    MMCME2_ADV/CLKIN1   n/a            2.000         5.000       3.000                u_ethernet_clk_wiz/inst/mmcm_adv_inst/CLKIN1



---------------------------------------------------------------------------------------------------
From Clock:  clkfbout_ethernet_clk_wiz
  To Clock:  clkfbout_ethernet_clk_wiz

Setup :           NA  Failing Endpoints,  Worst Slack           NA  ,  Total Violation           NA
Hold  :           NA  Failing Endpoints,  Worst Slack           NA  ,  Total Violation           NA
PW    :            0  Failing Endpoints,  Worst Slack        7.845ns,  Total Violation        0.000ns
---------------------------------------------------------------------------------------------------


Pulse Width Checks
--------------------------------------------------------------------------------------
Clock Name:         clkfbout_ethernet_clk_wiz
Waveform(ns):       { 0.000 5.000 }
Period(ns):         10.000
Sources:            { u_ethernet_clk_wiz/inst/mmcm_adv_inst/CLKFBOUT }

Check Type  Corner  Lib Pin             Reference Pin  Required(ns)  Actual(ns)  Slack(ns)  Location  Pin
Min Period  n/a     BUFG/I              n/a            2.155         10.000      7.845                u_ethernet_clk_wiz/inst/clkf_buf/I
Max Period  n/a     MMCME2_ADV/CLKFBIN  n/a            100.000       10.000      90.000               u_ethernet_clk_wiz/inst/mmcm_adv_inst/CLKFBIN



---------------------------------------------------------------------------------------------------
From Clock:  phy_ref_clk_ethernet_clk_wiz
  To Clock:  phy_ref_clk_ethernet_clk_wiz

Setup :           NA  Failing Endpoints,  Worst Slack           NA  ,  Total Violation           NA
Hold  :           NA  Failing Endpoints,  Worst Slack           NA  ,  Total Violation           NA
PW    :            0  Failing Endpoints,  Worst Slack       17.845ns,  Total Violation        0.000ns
---------------------------------------------------------------------------------------------------


Pulse Width Checks
--------------------------------------------------------------------------------------
Clock Name:         phy_ref_clk_ethernet_clk_wiz
Waveform(ns):       { 2.500 12.500 }
Period(ns):         20.000
Sources:            { u_ethernet_clk_wiz/inst/mmcm_adv_inst/CLKOUT1 }

Check Type  Corner  Lib Pin             Reference Pin  Required(ns)  Actual(ns)  Slack(ns)  Location  Pin
Min Period  n/a     BUFG/I              n/a            2.155         20.000      17.845               u_ethernet_clk_wiz/inst/clkout2_buf/I
Max Period  n/a     MMCME2_ADV/CLKOUT1  n/a            213.360       20.000      193.360              u_ethernet_clk_wiz/inst/mmcm_adv_inst/CLKOUT1



---------------------------------------------------------------------------------------------------
From Clock:  rmii_ref_clk_ethernet_clk_wiz
  To Clock:  rmii_ref_clk_ethernet_clk_wiz

Setup :            0  Failing Endpoints,  Worst Slack       18.191ns,  Total Violation        0.000ns
Hold  :            0  Failing Endpoints,  Worst Slack        0.045ns,  Total Violation        0.000ns
PW    :            0  Failing Endpoints,  Worst Slack        9.500ns,  Total Violation        0.000ns
---------------------------------------------------------------------------------------------------


Max Delay Paths
--------------------------------------------------------------------------------------
Slack (MET) :             18.191ns  (required time - arrival time)
  Source:                 u_ethernet_mii_rmii_bridge/u_rmii_phy_if/cnt_action_reg[0]/C
                            (rising edge-triggered cell FDCE clocked by rmii_ref_clk_ethernet_clk_wiz  {rise@0.000ns fall@10.000ns period=20.000ns})
  Destination:            u_ethernet_mii_rmii_bridge/u_rmii_phy_if/cnt_action_reg[0]/D
                            (rising edge-triggered cell FDCE clocked by rmii_ref_clk_ethernet_clk_wiz  {rise@0.000ns fall@10.000ns period=20.000ns})
  Path Group:             rmii_ref_clk_ethernet_clk_wiz
  Path Type:              Setup (Max at Slow Process Corner)
  Requirement:            20.000ns  (rmii_ref_clk_ethernet_clk_wiz rise@20.000ns - rmii_ref_clk_ethernet_clk_wiz rise@0.000ns)
  Data Path Delay:        1.611ns  (logic 0.777ns (48.231%)  route 0.834ns (51.769%))
  Logic Levels:           1  (LUT5=1)
  Clock Path Skew:        -0.145ns (DCD - SCD + CPR)
    Destination Clock Delay (DCD):    2.708ns = ( 22.708 - 20.000 ) 
    Source Clock Delay      (SCD):    2.969ns
    Clock Pessimism Removal (CPR):    0.116ns
  Clock Uncertainty:      0.082ns  ((TSJ^2 + DJ^2)^1/2) / 2 + PE
    Total System Jitter     (TSJ):    0.071ns
    Discrete Jitter          (DJ):    0.147ns
    Phase Error              (PE):    0.000ns

    Location             Delay type                Incr(ns)  Path(ns)    Netlist Resource(s)
  -------------------------------------------------------------------    -------------------
                         (clock rmii_ref_clk_ethernet_clk_wiz rise edge)
                                                      0.000     0.000 r  
    E3                                                0.000     0.000 r  CLK100MHZ (IN)
                         net (fo=0)                   0.000     0.000    CLK100MHZ
    E3                   IBUF (Prop_ibuf_I_O)         1.489     1.489 r  u_sys_clk_ibuf/O
                         net (fo=2, unplaced)         0.800     2.289    u_ethernet_clk_wiz/inst/sys_clk
                         BUFG (Prop_bufg_I_O)         0.096     2.385 r  u_ethernet_clk_wiz/inst/clkin1_bufg/O
                         net (fo=1, unplaced)         0.584     2.969    u_ethernet_clk_wiz/inst/sys_clk_ethernet_clk_wiz
                         MMCME2_ADV (Prop_mmcme2_adv_CLKIN1_CLKOUT0)
                                                     -1.480     1.489 r  u_ethernet_clk_wiz/inst/mmcm_adv_inst/CLKOUT0
                         net (fo=1, unplaced)         0.800     2.289    u_ethernet_clk_wiz/inst/rmii_ref_clk_ethernet_clk_wiz
                         BUFG (Prop_bufg_I_O)         0.096     2.385 r  u_ethernet_clk_wiz/inst/clkout1_buf/O
                         net (fo=29, unplaced)        0.584     2.969    u_ethernet_mii_rmii_bridge/u_rmii_phy_if/rmii_ref_clk
                         FDCE                                         r  u_ethernet_mii_rmii_bridge/u_rmii_phy_if/cnt_action_reg[0]/C
  -------------------------------------------------------------------    -------------------
                         FDCE (Prop_fdce_C_Q)         0.456     3.425 f  u_ethernet_mii_rmii_bridge/u_rmii_phy_if/cnt_action_reg[0]/Q
                         net (fo=5, unplaced)         0.834     4.259    u_ethernet_mii_rmii_bridge/u_rmii_phy_if/cnt_action_reg[0]
                         LUT5 (Prop_lut5_I0_O)        0.321     4.580 r  u_ethernet_mii_rmii_bridge/u_rmii_phy_if/cnt_action[0]_i_1/O
                         net (fo=1, unplaced)         0.000     4.580    u_ethernet_mii_rmii_bridge/u_rmii_phy_if/cnt_action[0]_i_1_n_0
                         FDCE                                         r  u_ethernet_mii_rmii_bridge/u_rmii_phy_if/cnt_action_reg[0]/D
  -------------------------------------------------------------------    -------------------

                         (clock rmii_ref_clk_ethernet_clk_wiz rise edge)
                                                     20.000    20.000 r  
    E3                                                0.000    20.000 r  CLK100MHZ (IN)
                         net (fo=0)                   0.000    20.000    CLK100MHZ
    E3                   IBUF (Prop_ibuf_I_O)         1.418    21.418 r  u_sys_clk_ibuf/O
                         net (fo=2, unplaced)         0.760    22.178    u_ethernet_clk_wiz/inst/sys_clk
                         BUFG (Prop_bufg_I_O)         0.091    22.269 r  u_ethernet_clk_wiz/inst/clkin1_bufg/O
                         net (fo=1, unplaced)         0.439    22.708    u_ethernet_clk_wiz/inst/sys_clk_ethernet_clk_wiz
                         MMCME2_ADV (Prop_mmcme2_adv_CLKIN1_CLKOUT0)
                                                     -1.290    21.418 r  u_ethernet_clk_wiz/inst/mmcm_adv_inst/CLKOUT0
                         net (fo=1, unplaced)         0.760    22.178    u_ethernet_clk_wiz/inst/rmii_ref_clk_ethernet_clk_wiz
                         BUFG (Prop_bufg_I_O)         0.091    22.269 r  u_ethernet_clk_wiz/inst/clkout1_buf/O
                         net (fo=29, unplaced)        0.439    22.708    u_ethernet_mii_rmii_bridge/u_rmii_phy_if/rmii_ref_clk
                         FDCE                                         r  u_ethernet_mii_rmii_bridge/u_rmii_phy_if/cnt_action_reg[0]/C
                         clock pessimism              0.116    22.824    
                         clock uncertainty           -0.082    22.742    
                         FDCE (Setup_fdce_C_D)        0.029    22.771    u_ethernet_mii_rmii_bridge/u_rmii_phy_if/cnt_action_reg[0]
  -------------------------------------------------------------------
                         required time                         22.771    
                         arrival time                          -4.580    
  -------------------------------------------------------------------
                         slack                                 18.191    





Min Delay Paths
--------------------------------------------------------------------------------------
Slack (MET) :             0.045ns  (arrival time - required time)
  Source:                 u_ethernet_mii_rmii_bridge/rmii_reset_sync_reg[0]/C
                            (rising edge-triggered cell FDPE clocked by rmii_ref_clk_ethernet_clk_wiz  {rise@0.000ns fall@10.000ns period=20.000ns})
  Destination:            u_ethernet_mii_rmii_bridge/rmii_reset_sync_reg[1]/D
                            (rising edge-triggered cell FDPE clocked by rmii_ref_clk_ethernet_clk_wiz  {rise@0.000ns fall@10.000ns period=20.000ns})
  Path Group:             rmii_ref_clk_ethernet_clk_wiz
  Path Type:              Hold (Min at Fast Process Corner)
  Requirement:            0.000ns  (rmii_ref_clk_ethernet_clk_wiz rise@0.000ns - rmii_ref_clk_ethernet_clk_wiz rise@0.000ns)
  Data Path Delay:        0.228ns  (logic 0.147ns (64.493%)  route 0.081ns (35.507%))
  Logic Levels:           0  
  Clock Path Skew:        0.145ns (DCD - SCD - CPR)
    Destination Clock Delay (DCD):    1.087ns
    Source Clock Delay      (SCD):    0.734ns
    Clock Pessimism Removal (CPR):    0.209ns

    Location             Delay type                Incr(ns)  Path(ns)    Netlist Resource(s)
  -------------------------------------------------------------------    -------------------
                         (clock rmii_ref_clk_ethernet_clk_wiz rise edge)
                                                      0.000     0.000 r  
    E3                                                0.000     0.000 r  CLK100MHZ (IN)
                         net (fo=0)                   0.000     0.000    CLK100MHZ
    E3                   IBUF (Prop_ibuf_I_O)         0.257     0.257 r  u_sys_clk_ibuf/O
                         net (fo=2, unplaced)         0.337     0.594    u_ethernet_clk_wiz/inst/sys_clk
                         BUFG (Prop_bufg_I_O)         0.026     0.620 r  u_ethernet_clk_wiz/inst/clkin1_bufg/O
                         net (fo=1, unplaced)         0.114     0.734    u_ethernet_clk_wiz/inst/sys_clk_ethernet_clk_wiz
                         MMCME2_ADV (Prop_mmcme2_adv_CLKIN1_CLKOUT0)
                                                     -0.477     0.257 r  u_ethernet_clk_wiz/inst/mmcm_adv_inst/CLKOUT0
                         net (fo=1, unplaced)         0.337     0.594    u_ethernet_clk_wiz/inst/rmii_ref_clk_ethernet_clk_wiz
                         BUFG (Prop_bufg_I_O)         0.026     0.620 r  u_ethernet_clk_wiz/inst/clkout1_buf/O
                         net (fo=29, unplaced)        0.114     0.734    u_ethernet_mii_rmii_bridge/rmii_ref_clk
                         FDPE                                         r  u_ethernet_mii_rmii_bridge/rmii_reset_sync_reg[0]/C
  -------------------------------------------------------------------    -------------------
                         FDPE (Prop_fdpe_C_Q)         0.147     0.881 r  u_ethernet_mii_rmii_bridge/rmii_reset_sync_reg[0]/Q
                         net (fo=1, unplaced)         0.081     0.962    u_ethernet_mii_rmii_bridge/rmii_reset_sync[0]
                         FDPE                                         r  u_ethernet_mii_rmii_bridge/rmii_reset_sync_reg[1]/D
  -------------------------------------------------------------------    -------------------

                         (clock rmii_ref_clk_ethernet_clk_wiz rise edge)
                                                      0.000     0.000 r  
    E3                                                0.000     0.000 r  CLK100MHZ (IN)
                         net (fo=0)                   0.000     0.000    CLK100MHZ
    E3                   IBUF (Prop_ibuf_I_O)         0.445     0.445 r  u_sys_clk_ibuf/O
                         net (fo=2, unplaced)         0.355     0.799    u_ethernet_clk_wiz/inst/sys_clk
                         BUFG (Prop_bufg_I_O)         0.029     0.828 r  u_ethernet_clk_wiz/inst/clkin1_bufg/O
                         net (fo=1, unplaced)         0.259     1.087    u_ethernet_clk_wiz/inst/sys_clk_ethernet_clk_wiz
                         MMCME2_ADV (Prop_mmcme2_adv_CLKIN1_CLKOUT0)
                                                     -0.643     0.445 r  u_ethernet_clk_wiz/inst/mmcm_adv_inst/CLKOUT0
                         net (fo=1, unplaced)         0.355     0.799    u_ethernet_clk_wiz/inst/rmii_ref_clk_ethernet_clk_wiz
                         BUFG (Prop_bufg_I_O)         0.029     0.828 r  u_ethernet_clk_wiz/inst/clkout1_buf/O
                         net (fo=29, unplaced)        0.259     1.087    u_ethernet_mii_rmii_bridge/rmii_ref_clk
                         FDPE                                         r  u_ethernet_mii_rmii_bridge/rmii_reset_sync_reg[1]/C
                         clock pessimism             -0.209     0.879    
                         FDPE (Hold_fdpe_C_D)         0.038     0.917    u_ethernet_mii_rmii_bridge/rmii_reset_sync_reg[1]
  -------------------------------------------------------------------
                         required time                         -0.917    
                         arrival time                           0.962    
  -------------------------------------------------------------------
                         slack                                  0.045    





Pulse Width Checks
--------------------------------------------------------------------------------------
Clock Name:         rmii_ref_clk_ethernet_clk_wiz
Waveform(ns):       { 0.000 10.000 }
Period(ns):         20.000
Sources:            { u_ethernet_clk_wiz/inst/mmcm_adv_inst/CLKOUT0 }

Check Type        Corner  Lib Pin             Reference Pin  Required(ns)  Actual(ns)  Slack(ns)  Location  Pin
Min Period        n/a     BUFG/I              n/a            2.155         20.000      17.845               u_ethernet_clk_wiz/inst/clkout1_buf/I
Max Period        n/a     MMCME2_ADV/CLKOUT0  n/a            213.360       20.000      193.360              u_ethernet_clk_wiz/inst/mmcm_adv_inst/CLKOUT0
Low Pulse Width   Slow    FDPE/C              n/a            0.500         10.000      9.500                u_ethernet_mii_rmii_bridge/rmii_reset_sync_reg[0]/C
High Pulse Width  Slow    FDPE/C              n/a            0.500         10.000      9.500                u_ethernet_mii_rmii_bridge/rmii_reset_sync_reg[0]/C



---------------------------------------------------------------------------------------------------
From Clock:  mii_rx_clk
  To Clock:  mii_rx_clk

Setup :            0  Failing Endpoints,  Worst Slack       39.039ns,  Total Violation        0.000ns
Hold  :            0  Failing Endpoints,  Worst Slack        0.045ns,  Total Violation        0.000ns
PW    :            0  Failing Endpoints,  Worst Slack       19.500ns,  Total Violation        0.000ns
---------------------------------------------------------------------------------------------------


Max Delay Paths
--------------------------------------------------------------------------------------
Slack (MET) :             39.039ns  (required time - arrival time)
  Source:                 u_taxi_ethernet_subsystem/u_taxi_eth_mac_mii_fifo/eth_mac_mii_inst/mii_phy_if_inst/rx_reset_sync_inst/sync_reg_reg[0]/C
                            (rising edge-triggered cell FDPE clocked by mii_rx_clk  {rise@0.000ns fall@20.000ns period=40.000ns})
  Destination:            u_taxi_ethernet_subsystem/u_taxi_eth_mac_mii_fifo/eth_mac_mii_inst/mii_phy_if_inst/rx_reset_sync_inst/sync_reg_reg[1]/D
                            (rising edge-triggered cell FDPE clocked by mii_rx_clk  {rise@0.000ns fall@20.000ns period=40.000ns})
  Path Group:             mii_rx_clk
  Path Type:              Setup (Max at Slow Process Corner)
  Requirement:            40.000ns  (mii_rx_clk rise@40.000ns - mii_rx_clk rise@0.000ns)
  Data Path Delay:        0.670ns  (logic 0.478ns (71.343%)  route 0.192ns (28.657%))
  Logic Levels:           0  
  Clock Path Skew:        -0.145ns (DCD - SCD + CPR)
    Destination Clock Delay (DCD):    4.900ns = ( 44.900 - 40.000 ) 
    Source Clock Delay      (SCD):    5.494ns
    Clock Pessimism Removal (CPR):    0.449ns
  Clock Uncertainty:      0.082ns  ((TSJ^2 + DJ^2)^1/2) / 2 + PE
    Total System Jitter     (TSJ):    0.071ns
    Discrete Jitter          (DJ):    0.147ns
    Phase Error              (PE):    0.000ns

    Location             Delay type                Incr(ns)  Path(ns)    Netlist Resource(s)
  -------------------------------------------------------------------    -------------------
                         (clock mii_rx_clk rise edge)
                                                      0.000     0.000 r  
    E3                                                0.000     0.000 r  CLK100MHZ (IN)
                         net (fo=0)                   0.000     0.000    CLK100MHZ
    E3                   IBUF (Prop_ibuf_I_O)         1.489     1.489 r  u_sys_clk_ibuf/O
                         net (fo=2, unplaced)         0.800     2.289    u_ethernet_clk_wiz/inst/sys_clk
                         BUFG (Prop_bufg_I_O)         0.096     2.385 r  u_ethernet_clk_wiz/inst/clkin1_bufg/O
                         net (fo=1, unplaced)         0.584     2.969    u_ethernet_clk_wiz/inst/sys_clk_ethernet_clk_wiz
                         MMCME2_ADV (Prop_mmcme2_adv_CLKIN1_CLKOUT0)
                                                     -1.480     1.489 r  u_ethernet_clk_wiz/inst/mmcm_adv_inst/CLKOUT0
                         net (fo=1, unplaced)         0.800     2.289    u_ethernet_clk_wiz/inst/rmii_ref_clk_ethernet_clk_wiz
                         BUFG (Prop_bufg_I_O)         0.096     2.385 r  u_ethernet_clk_wiz/inst/clkout1_buf/O
                         net (fo=29, unplaced)        0.584     2.969    u_ethernet_mii_rmii_bridge/u_rmii_phy_if/rmii_ref_clk
                         FDCE (Prop_fdce_C_Q)         0.456     3.425 r  u_ethernet_mii_rmii_bridge/u_rmii_phy_if/mac_mii_rxc_reg/Q
                         net (fo=2, unplaced)         0.800     4.224    u_taxi_ethernet_subsystem/u_taxi_eth_mac_mii_fifo/eth_mac_mii_inst/mii_phy_if_inst/rx_ssio_sdr_inst/mii_rx_clk
                         BUFR (Prop_bufr_I_O)         0.686     4.910 r  u_taxi_ethernet_subsystem/u_taxi_eth_mac_mii_fifo/eth_mac_mii_inst/mii_phy_if_inst/rx_ssio_sdr_inst/clk_bufr/O
                         net (fo=8, unplaced)         0.584     5.494    u_taxi_ethernet_subsystem/u_taxi_eth_mac_mii_fifo/eth_mac_mii_inst/mii_phy_if_inst/rx_reset_sync_inst/CLK
                         FDPE                                         r  u_taxi_ethernet_subsystem/u_taxi_eth_mac_mii_fifo/eth_mac_mii_inst/mii_phy_if_inst/rx_reset_sync_inst/sync_reg_reg[0]/C
  -------------------------------------------------------------------    -------------------
                         FDPE (Prop_fdpe_C_Q)         0.478     5.972 r  u_taxi_ethernet_subsystem/u_taxi_eth_mac_mii_fifo/eth_mac_mii_inst/mii_phy_if_inst/rx_reset_sync_inst/sync_reg_reg[0]/Q
                         net (fo=1, unplaced)         0.192     6.164    u_taxi_ethernet_subsystem/u_taxi_eth_mac_mii_fifo/eth_mac_mii_inst/mii_phy_if_inst/rx_reset_sync_inst/sync_reg[0]
                         FDPE                                         r  u_taxi_ethernet_subsystem/u_taxi_eth_mac_mii_fifo/eth_mac_mii_inst/mii_phy_if_inst/rx_reset_sync_inst/sync_reg_reg[1]/D
  -------------------------------------------------------------------    -------------------

                         (clock mii_rx_clk rise edge)
                                                     40.000    40.000 r  
    E3                                                0.000    40.000 r  CLK100MHZ (IN)
                         net (fo=0)                   0.000    40.000    CLK100MHZ
    E3                   IBUF (Prop_ibuf_I_O)         1.418    41.418 r  u_sys_clk_ibuf/O
                         net (fo=2, unplaced)         0.760    42.178    u_ethernet_clk_wiz/inst/sys_clk
                         BUFG (Prop_bufg_I_O)         0.091    42.269 r  u_ethernet_clk_wiz/inst/clkin1_bufg/O
                         net (fo=1, unplaced)         0.439    42.708    u_ethernet_clk_wiz/inst/sys_clk_ethernet_clk_wiz
                         MMCME2_ADV (Prop_mmcme2_adv_CLKIN1_CLKOUT0)
                                                     -1.290    41.418 r  u_ethernet_clk_wiz/inst/mmcm_adv_inst/CLKOUT0
                         net (fo=1, unplaced)         0.760    42.178    u_ethernet_clk_wiz/inst/rmii_ref_clk_ethernet_clk_wiz
                         BUFG (Prop_bufg_I_O)         0.091    42.269 r  u_ethernet_clk_wiz/inst/clkout1_buf/O
                         net (fo=29, unplaced)        0.439    42.708    u_ethernet_mii_rmii_bridge/u_rmii_phy_if/rmii_ref_clk
                         FDCE (Prop_fdce_C_Q)         0.367    43.075 r  u_ethernet_mii_rmii_bridge/u_rmii_phy_if/mac_mii_rxc_reg/Q
                         net (fo=2, unplaced)         0.760    43.835    u_taxi_ethernet_subsystem/u_taxi_eth_mac_mii_fifo/eth_mac_mii_inst/mii_phy_if_inst/rx_ssio_sdr_inst/mii_rx_clk
                         BUFR (Prop_bufr_I_O)         0.627    44.461 r  u_taxi_ethernet_subsystem/u_taxi_eth_mac_mii_fifo/eth_mac_mii_inst/mii_phy_if_inst/rx_ssio_sdr_inst/clk_bufr/O
                         net (fo=8, unplaced)         0.439    44.900    u_taxi_ethernet_subsystem/u_taxi_eth_mac_mii_fifo/eth_mac_mii_inst/mii_phy_if_inst/rx_reset_sync_inst/CLK
                         FDPE                                         r  u_taxi_ethernet_subsystem/u_taxi_eth_mac_mii_fifo/eth_mac_mii_inst/mii_phy_if_inst/rx_reset_sync_inst/sync_reg_reg[1]/C
                         clock pessimism              0.449    45.349    
                         clock uncertainty           -0.082    45.268    
                         FDPE (Setup_fdpe_C_D)       -0.064    45.204    u_taxi_ethernet_subsystem/u_taxi_eth_mac_mii_fifo/eth_mac_mii_inst/mii_phy_if_inst/rx_reset_sync_inst/sync_reg_reg[1]
  -------------------------------------------------------------------
                         required time                         45.204    
                         arrival time                          -6.164    
  -------------------------------------------------------------------
                         slack                                 39.039    





Min Delay Paths
--------------------------------------------------------------------------------------
Slack (MET) :             0.045ns  (arrival time - required time)
  Source:                 u_taxi_ethernet_subsystem/u_taxi_eth_mac_mii_fifo/eth_mac_mii_inst/mii_phy_if_inst/rx_reset_sync_inst/sync_reg_reg[0]/C
                            (rising edge-triggered cell FDPE clocked by mii_rx_clk  {rise@0.000ns fall@20.000ns period=40.000ns})
  Destination:            u_taxi_ethernet_subsystem/u_taxi_eth_mac_mii_fifo/eth_mac_mii_inst/mii_phy_if_inst/rx_reset_sync_inst/sync_reg_reg[1]/D
                            (rising edge-triggered cell FDPE clocked by mii_rx_clk  {rise@0.000ns fall@20.000ns period=40.000ns})
  Path Group:             mii_rx_clk
  Path Type:              Hold (Min at Fast Process Corner)
  Requirement:            0.000ns  (mii_rx_clk rise@0.000ns - mii_rx_clk rise@0.000ns)
  Data Path Delay:        0.228ns  (logic 0.147ns (64.493%)  route 0.081ns (35.507%))
  Logic Levels:           0  
  Clock Path Skew:        0.145ns (DCD - SCD - CPR)
    Destination Clock Delay (DCD):    2.199ns
    Source Clock Delay      (SCD):    1.472ns
    Clock Pessimism Removal (CPR):    0.582ns

    Location             Delay type                Incr(ns)  Path(ns)    Netlist Resource(s)
  -------------------------------------------------------------------    -------------------
                         (clock mii_rx_clk rise edge)
                                                      0.000     0.000 r  
    E3                                                0.000     0.000 r  CLK100MHZ (IN)
                         net (fo=0)                   0.000     0.000    CLK100MHZ
    E3                   IBUF (Prop_ibuf_I_O)         0.257     0.257 r  u_sys_clk_ibuf/O
                         net (fo=2, unplaced)         0.337     0.594    u_ethernet_clk_wiz/inst/sys_clk
                         BUFG (Prop_bufg_I_O)         0.026     0.620 r  u_ethernet_clk_wiz/inst/clkin1_bufg/O
                         net (fo=1, unplaced)         0.114     0.734    u_ethernet_clk_wiz/inst/sys_clk_ethernet_clk_wiz
                         MMCME2_ADV (Prop_mmcme2_adv_CLKIN1_CLKOUT0)
                                                     -0.477     0.257 r  u_ethernet_clk_wiz/inst/mmcm_adv_inst/CLKOUT0
                         net (fo=1, unplaced)         0.337     0.594    u_ethernet_clk_wiz/inst/rmii_ref_clk_ethernet_clk_wiz
                         BUFG (Prop_bufg_I_O)         0.026     0.620 r  u_ethernet_clk_wiz/inst/clkout1_buf/O
                         net (fo=29, unplaced)        0.114     0.734    u_ethernet_mii_rmii_bridge/u_rmii_phy_if/rmii_ref_clk
                         FDCE (Prop_fdce_C_Q)         0.141     0.875 r  u_ethernet_mii_rmii_bridge/u_rmii_phy_if/mac_mii_rxc_reg/Q
                         net (fo=2, unplaced)         0.337     1.212    u_taxi_ethernet_subsystem/u_taxi_eth_mac_mii_fifo/eth_mac_mii_inst/mii_phy_if_inst/rx_ssio_sdr_inst/mii_rx_clk
                         BUFR (Prop_bufr_I_O)         0.146     1.358 r  u_taxi_ethernet_subsystem/u_taxi_eth_mac_mii_fifo/eth_mac_mii_inst/mii_phy_if_inst/rx_ssio_sdr_inst/clk_bufr/O
                         net (fo=8, unplaced)         0.114     1.472    u_taxi_ethernet_subsystem/u_taxi_eth_mac_mii_fifo/eth_mac_mii_inst/mii_phy_if_inst/rx_reset_sync_inst/CLK
                         FDPE                                         r  u_taxi_ethernet_subsystem/u_taxi_eth_mac_mii_fifo/eth_mac_mii_inst/mii_phy_if_inst/rx_reset_sync_inst/sync_reg_reg[0]/C
  -------------------------------------------------------------------    -------------------
                         FDPE (Prop_fdpe_C_Q)         0.147     1.619 r  u_taxi_ethernet_subsystem/u_taxi_eth_mac_mii_fifo/eth_mac_mii_inst/mii_phy_if_inst/rx_reset_sync_inst/sync_reg_reg[0]/Q
                         net (fo=1, unplaced)         0.081     1.700    u_taxi_ethernet_subsystem/u_taxi_eth_mac_mii_fifo/eth_mac_mii_inst/mii_phy_if_inst/rx_reset_sync_inst/sync_reg[0]
                         FDPE                                         r  u_taxi_ethernet_subsystem/u_taxi_eth_mac_mii_fifo/eth_mac_mii_inst/mii_phy_if_inst/rx_reset_sync_inst/sync_reg_reg[1]/D
  -------------------------------------------------------------------    -------------------

                         (clock mii_rx_clk rise edge)
                                                      0.000     0.000 r  
    E3                                                0.000     0.000 r  CLK100MHZ (IN)
                         net (fo=0)                   0.000     0.000    CLK100MHZ
    E3                   IBUF (Prop_ibuf_I_O)         0.445     0.445 r  u_sys_clk_ibuf/O
                         net (fo=2, unplaced)         0.355     0.799    u_ethernet_clk_wiz/inst/sys_clk
                         BUFG (Prop_bufg_I_O)         0.029     0.828 r  u_ethernet_clk_wiz/inst/clkin1_bufg/O
                         net (fo=1, unplaced)         0.259     1.087    u_ethernet_clk_wiz/inst/sys_clk_ethernet_clk_wiz
                         MMCME2_ADV (Prop_mmcme2_adv_CLKIN1_CLKOUT0)
                                                     -0.643     0.445 r  u_ethernet_clk_wiz/inst/mmcm_adv_inst/CLKOUT0
                         net (fo=1, unplaced)         0.355     0.799    u_ethernet_clk_wiz/inst/rmii_ref_clk_ethernet_clk_wiz
                         BUFG (Prop_bufg_I_O)         0.029     0.828 r  u_ethernet_clk_wiz/inst/clkout1_buf/O
                         net (fo=29, unplaced)        0.259     1.087    u_ethernet_mii_rmii_bridge/u_rmii_phy_if/rmii_ref_clk
                         FDCE (Prop_fdce_C_Q)         0.175     1.262 r  u_ethernet_mii_rmii_bridge/u_rmii_phy_if/mac_mii_rxc_reg/Q
                         net (fo=2, unplaced)         0.355     1.617    u_taxi_ethernet_subsystem/u_taxi_eth_mac_mii_fifo/eth_mac_mii_inst/mii_phy_if_inst/rx_ssio_sdr_inst/mii_rx_clk
                         BUFR (Prop_bufr_I_O)         0.322     1.940 r  u_taxi_ethernet_subsystem/u_taxi_eth_mac_mii_fifo/eth_mac_mii_inst/mii_phy_if_inst/rx_ssio_sdr_inst/clk_bufr/O
                         net (fo=8, unplaced)         0.259     2.199    u_taxi_ethernet_subsystem/u_taxi_eth_mac_mii_fifo/eth_mac_mii_inst/mii_phy_if_inst/rx_reset_sync_inst/CLK
                         FDPE                                         r  u_taxi_ethernet_subsystem/u_taxi_eth_mac_mii_fifo/eth_mac_mii_inst/mii_phy_if_inst/rx_reset_sync_inst/sync_reg_reg[1]/C
                         clock pessimism             -0.582     1.617    
                         FDPE (Hold_fdpe_C_D)         0.038     1.655    u_taxi_ethernet_subsystem/u_taxi_eth_mac_mii_fifo/eth_mac_mii_inst/mii_phy_if_inst/rx_reset_sync_inst/sync_reg_reg[1]
  -------------------------------------------------------------------
                         required time                         -1.655    
                         arrival time                           1.700    
  -------------------------------------------------------------------
                         slack                                  0.045    





Pulse Width Checks
--------------------------------------------------------------------------------------
Clock Name:         mii_rx_clk
Waveform(ns):       { 0.000 20.000 }
Period(ns):         40.000
Sources:            { u_ethernet_mii_rmii_bridge/u_rmii_phy_if/mac_mii_rxc_reg/Q }

Check Type        Corner  Lib Pin  Reference Pin  Required(ns)  Actual(ns)  Slack(ns)  Location  Pin
Min Period        n/a     BUFR/I   n/a            3.174         40.000      36.826               u_taxi_ethernet_subsystem/u_taxi_eth_mac_mii_fifo/eth_mac_mii_inst/mii_phy_if_inst/rx_ssio_sdr_inst/clk_bufr/I
Low Pulse Width   Slow    FDPE/C   n/a            0.500         20.000      19.500               u_taxi_ethernet_subsystem/u_taxi_eth_mac_mii_fifo/eth_mac_mii_inst/mii_phy_if_inst/rx_reset_sync_inst/sync_reg_reg[0]/C
High Pulse Width  Slow    FDPE/C   n/a            0.500         20.000      19.500               u_taxi_ethernet_subsystem/u_taxi_eth_mac_mii_fifo/eth_mac_mii_inst/mii_phy_if_inst/rx_reset_sync_inst/sync_reg_reg[0]/C



---------------------------------------------------------------------------------------------------
From Clock:  mii_tx_clk
  To Clock:  mii_tx_clk

Setup :            0  Failing Endpoints,  Worst Slack       35.034ns,  Total Violation        0.000ns
Hold  :            0  Failing Endpoints,  Worst Slack        0.045ns,  Total Violation        0.000ns
PW    :            0  Failing Endpoints,  Worst Slack       19.500ns,  Total Violation        0.000ns
---------------------------------------------------------------------------------------------------


Max Delay Paths
--------------------------------------------------------------------------------------
Slack (MET) :             35.034ns  (required time - arrival time)
  Source:                 u_taxi_ethernet_subsystem/u_taxi_eth_mac_mii_fifo/eth_mac_mii_inst/eth_mac_1g_inst/axis_gmii_tx_inst/frame_len_lim_reg_reg[3]/C
                            (rising edge-triggered cell FDSE clocked by mii_tx_clk  {rise@0.000ns fall@20.000ns period=40.000ns})
  Destination:            u_taxi_ethernet_subsystem/u_taxi_eth_mac_mii_fifo/eth_mac_mii_inst/eth_mac_1g_inst/axis_gmii_tx_inst/frame_len_lim_reg_reg[11]/R
                            (rising edge-triggered cell FDRE clocked by mii_tx_clk  {rise@0.000ns fall@20.000ns period=40.000ns})
  Path Group:             mii_tx_clk
  Path Type:              Setup (Max at Slow Process Corner)
  Requirement:            40.000ns  (mii_tx_clk rise@40.000ns - mii_tx_clk rise@0.000ns)
  Data Path Delay:        4.182ns  (logic 1.123ns (26.853%)  route 3.059ns (73.147%))
  Logic Levels:           4  (LUT3=1 LUT5=1 LUT6=2)
  Clock Path Skew:        -0.145ns (DCD - SCD + CPR)
    Destination Clock Delay (DCD):    4.506ns = ( 44.506 - 40.000 ) 
    Source Clock Delay      (SCD):    5.079ns
    Clock Pessimism Removal (CPR):    0.429ns
  Clock Uncertainty:      0.082ns  ((TSJ^2 + DJ^2)^1/2) / 2 + PE
    Total System Jitter     (TSJ):    0.071ns
    Discrete Jitter          (DJ):    0.147ns
    Phase Error              (PE):    0.000ns

    Location             Delay type                Incr(ns)  Path(ns)    Netlist Resource(s)
  -------------------------------------------------------------------    -------------------
                         (clock mii_tx_clk rise edge)
                                                      0.000     0.000 r  
    E3                                                0.000     0.000 r  CLK100MHZ (IN)
                         net (fo=0)                   0.000     0.000    CLK100MHZ
    E3                   IBUF (Prop_ibuf_I_O)         1.489     1.489 r  u_sys_clk_ibuf/O
                         net (fo=2, unplaced)         0.800     2.289    u_ethernet_clk_wiz/inst/sys_clk
                         BUFG (Prop_bufg_I_O)         0.096     2.385 r  u_ethernet_clk_wiz/inst/clkin1_bufg/O
                         net (fo=1, unplaced)         0.584     2.969    u_ethernet_clk_wiz/inst/sys_clk_ethernet_clk_wiz
                         MMCME2_ADV (Prop_mmcme2_adv_CLKIN1_CLKOUT0)
                                                     -1.480     1.489 r  u_ethernet_clk_wiz/inst/mmcm_adv_inst/CLKOUT0
                         net (fo=1, unplaced)         0.800     2.289    u_ethernet_clk_wiz/inst/rmii_ref_clk_ethernet_clk_wiz
                         BUFG (Prop_bufg_I_O)         0.096     2.385 r  u_ethernet_clk_wiz/inst/clkout1_buf/O
                         net (fo=29, unplaced)        0.584     2.969    u_ethernet_mii_rmii_bridge/u_rmii_phy_if/rmii_ref_clk
                         FDCE (Prop_fdce_C_Q)         0.456     3.425 r  u_ethernet_mii_rmii_bridge/u_rmii_phy_if/mac_mii_txc_reg/Q
                         net (fo=7, unplaced)         0.800     4.224    u_taxi_ethernet_subsystem/u_taxi_eth_mac_mii_fifo/eth_mac_mii_inst/mii_phy_if_inst/mii_tx_clk
                         BUFG (Prop_bufg_I_O)         0.271     4.495 r  u_taxi_ethernet_subsystem/u_taxi_eth_mac_mii_fifo/eth_mac_mii_inst/mii_phy_if_inst/mii_bufg_inst/O
                         net (fo=183, unplaced)       0.584     5.079    u_taxi_ethernet_subsystem/u_taxi_eth_mac_mii_fifo/eth_mac_mii_inst/eth_mac_1g_inst/axis_gmii_tx_inst/CLK
                         FDSE                                         r  u_taxi_ethernet_subsystem/u_taxi_eth_mac_mii_fifo/eth_mac_mii_inst/eth_mac_1g_inst/axis_gmii_tx_inst/frame_len_lim_reg_reg[3]/C
  -------------------------------------------------------------------    -------------------
                         FDSE (Prop_fdse_C_Q)         0.456     5.535 r  u_taxi_ethernet_subsystem/u_taxi_eth_mac_mii_fifo/eth_mac_mii_inst/eth_mac_1g_inst/axis_gmii_tx_inst/frame_len_lim_reg_reg[3]/Q
                         net (fo=3, unplaced)         0.824     6.359    u_taxi_ethernet_subsystem/u_taxi_eth_mac_mii_fifo/eth_mac_mii_inst/eth_mac_1g_inst/axis_gmii_tx_inst/frame_len_lim_reg_reg_n_0_[3]
                         LUT5 (Prop_lut5_I0_O)        0.295     6.654 r  u_taxi_ethernet_subsystem/u_taxi_eth_mac_mii_fifo/eth_mac_mii_inst/eth_mac_1g_inst/axis_gmii_tx_inst/frame_len_lim_reg[15]_i_7/O
                         net (fo=1, unplaced)         0.449     7.103    u_taxi_ethernet_subsystem/u_taxi_eth_mac_mii_fifo/eth_mac_mii_inst/eth_mac_1g_inst/axis_gmii_tx_inst/frame_len_lim_reg[15]_i_7_n_0
                         LUT6 (Prop_lut6_I5_O)        0.124     7.227 f  u_taxi_ethernet_subsystem/u_taxi_eth_mac_mii_fifo/eth_mac_mii_inst/eth_mac_1g_inst/axis_gmii_tx_inst/frame_len_lim_reg[15]_i_5/O
                         net (fo=3, unplaced)         0.467     7.694    u_taxi_ethernet_subsystem/u_taxi_eth_mac_mii_fifo/eth_mac_mii_inst/eth_mac_1g_inst/axis_gmii_tx_inst/frame_len_lim_reg[15]_i_5_n_0
                         LUT6 (Prop_lut6_I5_O)        0.124     7.818 r  u_taxi_ethernet_subsystem/u_taxi_eth_mac_mii_fifo/eth_mac_mii_inst/eth_mac_1g_inst/axis_gmii_tx_inst/frame_len_lim_reg[15]_i_2/O
                         net (fo=17, unplaced)        0.505     8.323    u_taxi_ethernet_subsystem/u_taxi_eth_mac_mii_fifo/eth_mac_mii_inst/eth_mac_1g_inst/axis_gmii_tx_inst/frame_len_lim_reg[15]_i_2_n_0
                         LUT3 (Prop_lut3_I0_O)        0.124     8.447 r  u_taxi_ethernet_subsystem/u_taxi_eth_mac_mii_fifo/eth_mac_mii_inst/eth_mac_1g_inst/axis_gmii_tx_inst/frame_len_lim_reg[15]_i_1/O
                         net (fo=8, unplaced)         0.814     9.261    u_taxi_ethernet_subsystem/u_taxi_eth_mac_mii_fifo/eth_mac_mii_inst/eth_mac_1g_inst/axis_gmii_tx_inst/frame_len_lim_reg[15]_i_1_n_0
                         FDRE                                         r  u_taxi_ethernet_subsystem/u_taxi_eth_mac_mii_fifo/eth_mac_mii_inst/eth_mac_1g_inst/axis_gmii_tx_inst/frame_len_lim_reg_reg[11]/R
  -------------------------------------------------------------------    -------------------

                         (clock mii_tx_clk rise edge)
                                                     40.000    40.000 r  
    E3                                                0.000    40.000 r  CLK100MHZ (IN)
                         net (fo=0)                   0.000    40.000    CLK100MHZ
    E3                   IBUF (Prop_ibuf_I_O)         1.418    41.418 r  u_sys_clk_ibuf/O
                         net (fo=2, unplaced)         0.760    42.178    u_ethernet_clk_wiz/inst/sys_clk
                         BUFG (Prop_bufg_I_O)         0.091    42.269 r  u_ethernet_clk_wiz/inst/clkin1_bufg/O
                         net (fo=1, unplaced)         0.439    42.708    u_ethernet_clk_wiz/inst/sys_clk_ethernet_clk_wiz
                         MMCME2_ADV (Prop_mmcme2_adv_CLKIN1_CLKOUT0)
                                                     -1.290    41.418 r  u_ethernet_clk_wiz/inst/mmcm_adv_inst/CLKOUT0
                         net (fo=1, unplaced)         0.760    42.178    u_ethernet_clk_wiz/inst/rmii_ref_clk_ethernet_clk_wiz
                         BUFG (Prop_bufg_I_O)         0.091    42.269 r  u_ethernet_clk_wiz/inst/clkout1_buf/O
                         net (fo=29, unplaced)        0.439    42.708    u_ethernet_mii_rmii_bridge/u_rmii_phy_if/rmii_ref_clk
                         FDCE (Prop_fdce_C_Q)         0.367    43.075 r  u_ethernet_mii_rmii_bridge/u_rmii_phy_if/mac_mii_txc_reg/Q
                         net (fo=7, unplaced)         0.760    43.835    u_taxi_ethernet_subsystem/u_taxi_eth_mac_mii_fifo/eth_mac_mii_inst/mii_phy_if_inst/mii_tx_clk
                         BUFG (Prop_bufg_I_O)         0.232    44.067 r  u_taxi_ethernet_subsystem/u_taxi_eth_mac_mii_fifo/eth_mac_mii_inst/mii_phy_if_inst/mii_bufg_inst/O
                         net (fo=183, unplaced)       0.439    44.506    u_taxi_ethernet_subsystem/u_taxi_eth_mac_mii_fifo/eth_mac_mii_inst/eth_mac_1g_inst/axis_gmii_tx_inst/CLK
                         FDRE                                         r  u_taxi_ethernet_subsystem/u_taxi_eth_mac_mii_fifo/eth_mac_mii_inst/eth_mac_1g_inst/axis_gmii_tx_inst/frame_len_lim_reg_reg[11]/C
                         clock pessimism              0.429    44.934    
                         clock uncertainty           -0.082    44.853    
                         FDRE (Setup_fdre_C_R)       -0.557    44.296    u_taxi_ethernet_subsystem/u_taxi_eth_mac_mii_fifo/eth_mac_mii_inst/eth_mac_1g_inst/axis_gmii_tx_inst/frame_len_lim_reg_reg[11]
  -------------------------------------------------------------------
                         required time                         44.296    
                         arrival time                          -9.261    
  -------------------------------------------------------------------
                         slack                                 35.034    





Min Delay Paths
--------------------------------------------------------------------------------------
Slack (MET) :             0.045ns  (arrival time - required time)
  Source:                 u_taxi_ethernet_subsystem/u_taxi_eth_mac_mii_fifo/eth_mac_mii_inst/mii_phy_if_inst/tx_reset_sync_inst/sync_reg_reg[0]/C
                            (rising edge-triggered cell FDPE clocked by mii_tx_clk  {rise@0.000ns fall@20.000ns period=40.000ns})
  Destination:            u_taxi_ethernet_subsystem/u_taxi_eth_mac_mii_fifo/eth_mac_mii_inst/mii_phy_if_inst/tx_reset_sync_inst/sync_reg_reg[1]/D
                            (rising edge-triggered cell FDPE clocked by mii_tx_clk  {rise@0.000ns fall@20.000ns period=40.000ns})
  Path Group:             mii_tx_clk
  Path Type:              Hold (Min at Fast Process Corner)
  Requirement:            0.000ns  (mii_tx_clk rise@0.000ns - mii_tx_clk rise@0.000ns)
  Data Path Delay:        0.228ns  (logic 0.147ns (64.493%)  route 0.081ns (35.507%))
  Logic Levels:           0  
  Clock Path Skew:        0.145ns (DCD - SCD - CPR)
    Destination Clock Delay (DCD):    1.973ns
    Source Clock Delay      (SCD):    1.406ns
    Clock Pessimism Removal (CPR):    0.422ns

    Location             Delay type                Incr(ns)  Path(ns)    Netlist Resource(s)
  -------------------------------------------------------------------    -------------------
                         (clock mii_tx_clk rise edge)
                                                      0.000     0.000 r  
    E3                                                0.000     0.000 r  CLK100MHZ (IN)
                         net (fo=0)                   0.000     0.000    CLK100MHZ
    E3                   IBUF (Prop_ibuf_I_O)         0.257     0.257 r  u_sys_clk_ibuf/O
                         net (fo=2, unplaced)         0.337     0.594    u_ethernet_clk_wiz/inst/sys_clk
                         BUFG (Prop_bufg_I_O)         0.026     0.620 r  u_ethernet_clk_wiz/inst/clkin1_bufg/O
                         net (fo=1, unplaced)         0.114     0.734    u_ethernet_clk_wiz/inst/sys_clk_ethernet_clk_wiz
                         MMCME2_ADV (Prop_mmcme2_adv_CLKIN1_CLKOUT0)
                                                     -0.477     0.257 r  u_ethernet_clk_wiz/inst/mmcm_adv_inst/CLKOUT0
                         net (fo=1, unplaced)         0.337     0.594    u_ethernet_clk_wiz/inst/rmii_ref_clk_ethernet_clk_wiz
                         BUFG (Prop_bufg_I_O)         0.026     0.620 r  u_ethernet_clk_wiz/inst/clkout1_buf/O
                         net (fo=29, unplaced)        0.114     0.734    u_ethernet_mii_rmii_bridge/u_rmii_phy_if/rmii_ref_clk
                         FDCE (Prop_fdce_C_Q)         0.141     0.875 r  u_ethernet_mii_rmii_bridge/u_rmii_phy_if/mac_mii_txc_reg/Q
                         net (fo=7, unplaced)         0.337     1.212    u_taxi_ethernet_subsystem/u_taxi_eth_mac_mii_fifo/eth_mac_mii_inst/mii_phy_if_inst/mii_tx_clk
                         BUFG (Prop_bufg_I_O)         0.080     1.292 r  u_taxi_ethernet_subsystem/u_taxi_eth_mac_mii_fifo/eth_mac_mii_inst/mii_phy_if_inst/mii_bufg_inst/O
                         net (fo=183, unplaced)       0.114     1.406    u_taxi_ethernet_subsystem/u_taxi_eth_mac_mii_fifo/eth_mac_mii_inst/mii_phy_if_inst/tx_reset_sync_inst/CLK
                         FDPE                                         r  u_taxi_ethernet_subsystem/u_taxi_eth_mac_mii_fifo/eth_mac_mii_inst/mii_phy_if_inst/tx_reset_sync_inst/sync_reg_reg[0]/C
  -------------------------------------------------------------------    -------------------
                         FDPE (Prop_fdpe_C_Q)         0.147     1.553 r  u_taxi_ethernet_subsystem/u_taxi_eth_mac_mii_fifo/eth_mac_mii_inst/mii_phy_if_inst/tx_reset_sync_inst/sync_reg_reg[0]/Q
                         net (fo=1, unplaced)         0.081     1.634    u_taxi_ethernet_subsystem/u_taxi_eth_mac_mii_fifo/eth_mac_mii_inst/mii_phy_if_inst/tx_reset_sync_inst/sync_reg[0]
                         FDPE                                         r  u_taxi_ethernet_subsystem/u_taxi_eth_mac_mii_fifo/eth_mac_mii_inst/mii_phy_if_inst/tx_reset_sync_inst/sync_reg_reg[1]/D
  -------------------------------------------------------------------    -------------------

                         (clock mii_tx_clk rise edge)
                                                      0.000     0.000 r  
    E3                                                0.000     0.000 r  CLK100MHZ (IN)
                         net (fo=0)                   0.000     0.000    CLK100MHZ
    E3                   IBUF (Prop_ibuf_I_O)         0.445     0.445 r  u_sys_clk_ibuf/O
                         net (fo=2, unplaced)         0.355     0.799    u_ethernet_clk_wiz/inst/sys_clk
                         BUFG (Prop_bufg_I_O)         0.029     0.828 r  u_ethernet_clk_wiz/inst/clkin1_bufg/O
                         net (fo=1, unplaced)         0.259     1.087    u_ethernet_clk_wiz/inst/sys_clk_ethernet_clk_wiz
                         MMCME2_ADV (Prop_mmcme2_adv_CLKIN1_CLKOUT0)
                                                     -0.643     0.445 r  u_ethernet_clk_wiz/inst/mmcm_adv_inst/CLKOUT0
                         net (fo=1, unplaced)         0.355     0.799    u_ethernet_clk_wiz/inst/rmii_ref_clk_ethernet_clk_wiz
                         BUFG (Prop_bufg_I_O)         0.029     0.828 r  u_ethernet_clk_wiz/inst/clkout1_buf/O
                         net (fo=29, unplaced)        0.259     1.087    u_ethernet_mii_rmii_bridge/u_rmii_phy_if/rmii_ref_clk
                         FDCE (Prop_fdce_C_Q)         0.175     1.262 r  u_ethernet_mii_rmii_bridge/u_rmii_phy_if/mac_mii_txc_reg/Q
                         net (fo=7, unplaced)         0.355     1.617    u_taxi_ethernet_subsystem/u_taxi_eth_mac_mii_fifo/eth_mac_mii_inst/mii_phy_if_inst/mii_tx_clk
                         BUFG (Prop_bufg_I_O)         0.097     1.714 r  u_taxi_ethernet_subsystem/u_taxi_eth_mac_mii_fifo/eth_mac_mii_inst/mii_phy_if_inst/mii_bufg_inst/O
                         net (fo=183, unplaced)       0.259     1.973    u_taxi_ethernet_subsystem/u_taxi_eth_mac_mii_fifo/eth_mac_mii_inst/mii_phy_if_inst/tx_reset_sync_inst/CLK
                         FDPE                                         r  u_taxi_ethernet_subsystem/u_taxi_eth_mac_mii_fifo/eth_mac_mii_inst/mii_phy_if_inst/tx_reset_sync_inst/sync_reg_reg[1]/C
                         clock pessimism             -0.422     1.551    
                         FDPE (Hold_fdpe_C_D)         0.038     1.589    u_taxi_ethernet_subsystem/u_taxi_eth_mac_mii_fifo/eth_mac_mii_inst/mii_phy_if_inst/tx_reset_sync_inst/sync_reg_reg[1]
  -------------------------------------------------------------------
                         required time                         -1.589    
                         arrival time                           1.634    
  -------------------------------------------------------------------
                         slack                                  0.045    





Pulse Width Checks
--------------------------------------------------------------------------------------
Clock Name:         mii_tx_clk
Waveform(ns):       { 0.000 20.000 }
Period(ns):         40.000
Sources:            { u_ethernet_mii_rmii_bridge/u_rmii_phy_if/mac_mii_txc_reg/Q }

Check Type        Corner  Lib Pin             Reference Pin  Required(ns)  Actual(ns)  Slack(ns)  Location  Pin
Min Period        n/a     RAMB36E1/CLKBWRCLK  n/a            2.576         40.000      37.424               u_taxi_ethernet_subsystem/u_taxi_eth_mac_mii_fifo/tx_fifo/fifo_inst/mem_reg_0/CLKBWRCLK
Low Pulse Width   Slow    FDCE/C              n/a            0.500         20.000      19.500               u_taxi_ethernet_subsystem/u_taxi_eth_mac_mii_fifo/tx_sync_reg_1_reg[0]/C
High Pulse Width  Slow    FDCE/C              n/a            0.500         20.000      19.500               u_taxi_ethernet_subsystem/u_taxi_eth_mac_mii_fifo/tx_sync_reg_1_reg[0]/C



---------------------------------------------------------------------------------------------------
From Clock:  mii_tx_clk
  To Clock:  sys_clk_pin

Setup :            0  Failing Endpoints,  Worst Slack        6.688ns,  Total Violation        0.000ns
Hold  :            0  Failing Endpoints,  Worst Slack        0.529ns,  Total Violation        0.000ns
---------------------------------------------------------------------------------------------------


Max Delay Paths
--------------------------------------------------------------------------------------
Slack (MET) :             6.688ns  (required time - arrival time)
  Source:                 u_taxi_ethernet_subsystem/u_taxi_eth_mac_mii_fifo/tx_fifo/fifo_inst/rd_ptr_gray_reg_reg[12]/C
                            (rising edge-triggered cell FDRE clocked by mii_tx_clk  {rise@0.000ns fall@20.000ns period=40.000ns})
  Destination:            u_taxi_ethernet_subsystem/u_taxi_eth_mac_mii_fifo/tx_fifo/fifo_inst/rd_ptr_gray_sync1_reg_reg[12]/D
                            (rising edge-triggered cell FDRE clocked by sys_clk_pin  {rise@0.000ns fall@5.000ns period=10.000ns})
  Path Group:             sys_clk_pin
  Path Type:              Setup (Max at Slow Process Corner)
  Requirement:            10.000ns  (sys_clk_pin rise@10.000ns - mii_tx_clk rise@0.000ns)
  Data Path Delay:        0.812ns  (logic 0.478ns (58.867%)  route 0.334ns (41.133%))
  Logic Levels:           0  
  Clock Path Skew:        -2.085ns (DCD - SCD + CPR)
    Destination Clock Delay (DCD):    2.924ns = ( 12.924 - 10.000 ) 
    Source Clock Delay      (SCD):    5.079ns
    Clock Pessimism Removal (CPR):    0.071ns
  Clock Uncertainty:      0.180ns  ((TSJ^2 + DJ^2)^1/2) / 2 + PE
    Total System Jitter     (TSJ):    0.071ns
    Discrete Jitter          (DJ):    0.147ns
    Phase Error              (PE):    0.099ns

    Location             Delay type                Incr(ns)  Path(ns)    Netlist Resource(s)
  -------------------------------------------------------------------    -------------------
                         (clock mii_tx_clk rise edge)
                                                      0.000     0.000 r  
    E3                                                0.000     0.000 r  CLK100MHZ (IN)
                         net (fo=0)                   0.000     0.000    CLK100MHZ
    E3                   IBUF (Prop_ibuf_I_O)         1.489     1.489 r  u_sys_clk_ibuf/O
                         net (fo=2, unplaced)         0.800     2.289    u_ethernet_clk_wiz/inst/sys_clk
                         BUFG (Prop_bufg_I_O)         0.096     2.385 r  u_ethernet_clk_wiz/inst/clkin1_bufg/O
                         net (fo=1, unplaced)         0.584     2.969    u_ethernet_clk_wiz/inst/sys_clk_ethernet_clk_wiz
                         MMCME2_ADV (Prop_mmcme2_adv_CLKIN1_CLKOUT0)
                                                     -1.480     1.489 r  u_ethernet_clk_wiz/inst/mmcm_adv_inst/CLKOUT0
                         net (fo=1, unplaced)         0.800     2.289    u_ethernet_clk_wiz/inst/rmii_ref_clk_ethernet_clk_wiz
                         BUFG (Prop_bufg_I_O)         0.096     2.385 r  u_ethernet_clk_wiz/inst/clkout1_buf/O
                         net (fo=29, unplaced)        0.584     2.969    u_ethernet_mii_rmii_bridge/u_rmii_phy_if/rmii_ref_clk
                         FDCE (Prop_fdce_C_Q)         0.456     3.425 r  u_ethernet_mii_rmii_bridge/u_rmii_phy_if/mac_mii_txc_reg/Q
                         net (fo=7, unplaced)         0.800     4.224    u_taxi_ethernet_subsystem/u_taxi_eth_mac_mii_fifo/eth_mac_mii_inst/mii_phy_if_inst/mii_tx_clk
                         BUFG (Prop_bufg_I_O)         0.271     4.495 r  u_taxi_ethernet_subsystem/u_taxi_eth_mac_mii_fifo/eth_mac_mii_inst/mii_phy_if_inst/mii_bufg_inst/O
                         net (fo=183, unplaced)       0.584     5.079    u_taxi_ethernet_subsystem/u_taxi_eth_mac_mii_fifo/tx_fifo/fifo_inst/tx_clk
                         FDRE                                         r  u_taxi_ethernet_subsystem/u_taxi_eth_mac_mii_fifo/tx_fifo/fifo_inst/rd_ptr_gray_reg_reg[12]/C
  -------------------------------------------------------------------    -------------------
                         FDRE (Prop_fdre_C_Q)         0.478     5.557 r  u_taxi_ethernet_subsystem/u_taxi_eth_mac_mii_fifo/tx_fifo/fifo_inst/rd_ptr_gray_reg_reg[12]/Q
                         net (fo=1, unplaced)         0.334     5.891    u_taxi_ethernet_subsystem/u_taxi_eth_mac_mii_fifo/tx_fifo/fifo_inst/rd_ptr_gray_reg[12]
                         FDRE                                         r  u_taxi_ethernet_subsystem/u_taxi_eth_mac_mii_fifo/tx_fifo/fifo_inst/rd_ptr_gray_sync1_reg_reg[12]/D
  -------------------------------------------------------------------    -------------------

                         (clock sys_clk_pin rise edge)
                                                     10.000    10.000 r  
    E3                                                0.000    10.000 r  CLK100MHZ (IN)
                         net (fo=0)                   0.000    10.000    CLK100MHZ
    E3                   IBUF (Prop_ibuf_I_O)         1.418    11.418 r  u_sys_clk_ibuf/O
                         net (fo=2, unplaced)         0.760    12.178    sys_clk_ibuf
                         BUFG (Prop_bufg_I_O)         0.091    12.269 r  u_logic_clk_bufg/O
                         net (fo=906, unplaced)       0.655    12.924    u_taxi_ethernet_subsystem/u_taxi_eth_mac_mii_fifo/tx_fifo/fifo_inst/logic_clk
                         FDRE                                         r  u_taxi_ethernet_subsystem/u_taxi_eth_mac_mii_fifo/tx_fifo/fifo_inst/rd_ptr_gray_sync1_reg_reg[12]/C
                         clock pessimism              0.071    12.994    
                         clock uncertainty           -0.180    12.814    
                         FDRE (Setup_fdre_C_D)       -0.235    12.579    u_taxi_ethernet_subsystem/u_taxi_eth_mac_mii_fifo/tx_fifo/fifo_inst/rd_ptr_gray_sync1_reg_reg[12]
  -------------------------------------------------------------------
                         required time                         12.579    
                         arrival time                          -5.891    
  -------------------------------------------------------------------
                         slack                                  6.688    





Min Delay Paths
--------------------------------------------------------------------------------------
Slack (MET) :             0.529ns  (arrival time - required time)
  Source:                 u_taxi_ethernet_subsystem/u_taxi_eth_mac_mii_fifo/tx_fifo/fifo_inst/rd_ptr_gray_reg_reg[0]/C
                            (rising edge-triggered cell FDRE clocked by mii_tx_clk  {rise@0.000ns fall@20.000ns period=40.000ns})
  Destination:            u_taxi_ethernet_subsystem/u_taxi_eth_mac_mii_fifo/tx_fifo/fifo_inst/rd_ptr_gray_sync1_reg_reg[0]/D
                            (rising edge-triggered cell FDRE clocked by sys_clk_pin  {rise@0.000ns fall@5.000ns period=10.000ns})
  Path Group:             sys_clk_pin
  Path Type:              Hold (Min at Fast Process Corner)
  Requirement:            0.000ns  (sys_clk_pin rise@0.000ns - mii_tx_clk rise@0.000ns)
  Data Path Delay:        0.282ns  (logic 0.141ns (50.038%)  route 0.141ns (49.962%))
  Logic Levels:           0  
  Clock Path Skew:        -0.411ns (DCD - SCD - CPR)
    Destination Clock Delay (DCD):    1.183ns
    Source Clock Delay      (SCD):    1.406ns
    Clock Pessimism Removal (CPR):    0.188ns
  Clock Uncertainty:      0.180ns  ((TSJ^2 + DJ^2)^1/2) / 2 + PE
    Total System Jitter     (TSJ):    0.071ns
    Discrete Jitter          (DJ):    0.147ns
    Phase Error              (PE):    0.099ns

    Location             Delay type                Incr(ns)  Path(ns)    Netlist Resource(s)
  -------------------------------------------------------------------    -------------------
                         (clock mii_tx_clk rise edge)
                                                      0.000     0.000 r  
    E3                                                0.000     0.000 r  CLK100MHZ (IN)
                         net (fo=0)                   0.000     0.000    CLK100MHZ
    E3                   IBUF (Prop_ibuf_I_O)         0.257     0.257 r  u_sys_clk_ibuf/O
                         net (fo=2, unplaced)         0.337     0.594    u_ethernet_clk_wiz/inst/sys_clk
                         BUFG (Prop_bufg_I_O)         0.026     0.620 r  u_ethernet_clk_wiz/inst/clkin1_bufg/O
                         net (fo=1, unplaced)         0.114     0.734    u_ethernet_clk_wiz/inst/sys_clk_ethernet_clk_wiz
                         MMCME2_ADV (Prop_mmcme2_adv_CLKIN1_CLKOUT0)
                                                     -0.477     0.257 r  u_ethernet_clk_wiz/inst/mmcm_adv_inst/CLKOUT0
                         net (fo=1, unplaced)         0.337     0.594    u_ethernet_clk_wiz/inst/rmii_ref_clk_ethernet_clk_wiz
                         BUFG (Prop_bufg_I_O)         0.026     0.620 r  u_ethernet_clk_wiz/inst/clkout1_buf/O
                         net (fo=29, unplaced)        0.114     0.734    u_ethernet_mii_rmii_bridge/u_rmii_phy_if/rmii_ref_clk
                         FDCE (Prop_fdce_C_Q)         0.141     0.875 r  u_ethernet_mii_rmii_bridge/u_rmii_phy_if/mac_mii_txc_reg/Q
                         net (fo=7, unplaced)         0.337     1.212    u_taxi_ethernet_subsystem/u_taxi_eth_mac_mii_fifo/eth_mac_mii_inst/mii_phy_if_inst/mii_tx_clk
                         BUFG (Prop_bufg_I_O)         0.080     1.292 r  u_taxi_ethernet_subsystem/u_taxi_eth_mac_mii_fifo/eth_mac_mii_inst/mii_phy_if_inst/mii_bufg_inst/O
                         net (fo=183, unplaced)       0.114     1.406    u_taxi_ethernet_subsystem/u_taxi_eth_mac_mii_fifo/tx_fifo/fifo_inst/tx_clk
                         FDRE                                         r  u_taxi_ethernet_subsystem/u_taxi_eth_mac_mii_fifo/tx_fifo/fifo_inst/rd_ptr_gray_reg_reg[0]/C
  -------------------------------------------------------------------    -------------------
                         FDRE (Prop_fdre_C_Q)         0.141     1.547 r  u_taxi_ethernet_subsystem/u_taxi_eth_mac_mii_fifo/tx_fifo/fifo_inst/rd_ptr_gray_reg_reg[0]/Q
                         net (fo=1, unplaced)         0.141     1.688    u_taxi_ethernet_subsystem/u_taxi_eth_mac_mii_fifo/tx_fifo/fifo_inst/rd_ptr_gray_reg[0]
                         FDRE                                         r  u_taxi_ethernet_subsystem/u_taxi_eth_mac_mii_fifo/tx_fifo/fifo_inst/rd_ptr_gray_sync1_reg_reg[0]/D
  -------------------------------------------------------------------    -------------------

                         (clock sys_clk_pin rise edge)
                                                      0.000     0.000 r  
    E3                                                0.000     0.000 r  CLK100MHZ (IN)
                         net (fo=0)                   0.000     0.000    CLK100MHZ
    E3                   IBUF (Prop_ibuf_I_O)         0.445     0.445 r  u_sys_clk_ibuf/O
                         net (fo=2, unplaced)         0.355     0.799    sys_clk_ibuf
                         BUFG (Prop_bufg_I_O)         0.029     0.828 r  u_logic_clk_bufg/O
                         net (fo=906, unplaced)       0.355     1.183    u_taxi_ethernet_subsystem/u_taxi_eth_mac_mii_fifo/tx_fifo/fifo_inst/logic_clk
                         FDRE                                         r  u_taxi_ethernet_subsystem/u_taxi_eth_mac_mii_fifo/tx_fifo/fifo_inst/rd_ptr_gray_sync1_reg_reg[0]/C
                         clock pessimism             -0.188     0.995    
                         clock uncertainty            0.180     1.176    
                         FDRE (Hold_fdre_C_D)        -0.017     1.159    u_taxi_ethernet_subsystem/u_taxi_eth_mac_mii_fifo/tx_fifo/fifo_inst/rd_ptr_gray_sync1_reg_reg[0]
  -------------------------------------------------------------------
                         required time                         -1.159    
                         arrival time                           1.688    
  -------------------------------------------------------------------
                         slack                                  0.529    





---------------------------------------------------------------------------------------------------
From Clock:  rmii_ref_clk_ethernet_clk_wiz
  To Clock:  phy_ref_clk_ethernet_clk_wiz

Setup :            0  Failing Endpoints,  Worst Slack       10.164ns,  Total Violation        0.000ns
Hold  :            0  Failing Endpoints,  Worst Slack        7.662ns,  Total Violation        0.000ns
---------------------------------------------------------------------------------------------------


Max Delay Paths
--------------------------------------------------------------------------------------
Slack (MET) :             10.164ns  (required time - arrival time)
  Source:                 u_ethernet_mii_rmii_bridge/u_rmii_phy_if/phy_rmii_txd_reg[0]/C
                            (rising edge-triggered cell FDCE clocked by rmii_ref_clk_ethernet_clk_wiz  {rise@0.000ns fall@10.000ns period=20.000ns})
  Destination:            eth_txd_out_reg[0]/D
                            (falling edge-triggered cell FDRE clocked by phy_ref_clk_ethernet_clk_wiz  {rise@2.500ns fall@12.500ns period=20.000ns})
  Path Group:             phy_ref_clk_ethernet_clk_wiz
  Path Type:              Setup (Max at Slow Process Corner)
  Requirement:            12.500ns  (phy_ref_clk_ethernet_clk_wiz fall@12.500ns - rmii_ref_clk_ethernet_clk_wiz rise@0.000ns)
  Data Path Delay:        1.256ns  (logic 0.456ns (36.314%)  route 0.800ns (63.686%))
  Logic Levels:           0  
  Clock Path Skew:        0.131ns (DCD - SCD + CPR)
    Destination Clock Delay (DCD):    3.029ns = ( 15.529 - 12.500 ) 
    Source Clock Delay      (SCD):    2.969ns
    Clock Pessimism Removal (CPR):    0.071ns
  Clock Uncertainty:      0.202ns  ((TSJ^2 + DJ^2)^1/2) / 2 + PE
    Total System Jitter     (TSJ):    0.071ns
    Discrete Jitter          (DJ):    0.147ns
    Phase Error              (PE):    0.120ns

    Location             Delay type                Incr(ns)  Path(ns)    Netlist Resource(s)
  -------------------------------------------------------------------    -------------------
                         (clock rmii_ref_clk_ethernet_clk_wiz rise edge)
                                                      0.000     0.000 r  
    E3                                                0.000     0.000 r  CLK100MHZ (IN)
                         net (fo=0)                   0.000     0.000    CLK100MHZ
    E3                   IBUF (Prop_ibuf_I_O)         1.489     1.489 r  u_sys_clk_ibuf/O
                         net (fo=2, unplaced)         0.800     2.289    u_ethernet_clk_wiz/inst/sys_clk
                         BUFG (Prop_bufg_I_O)         0.096     2.385 r  u_ethernet_clk_wiz/inst/clkin1_bufg/O
                         net (fo=1, unplaced)         0.584     2.969    u_ethernet_clk_wiz/inst/sys_clk_ethernet_clk_wiz
                         MMCME2_ADV (Prop_mmcme2_adv_CLKIN1_CLKOUT0)
                                                     -1.480     1.489 r  u_ethernet_clk_wiz/inst/mmcm_adv_inst/CLKOUT0
                         net (fo=1, unplaced)         0.800     2.289    u_ethernet_clk_wiz/inst/rmii_ref_clk_ethernet_clk_wiz
                         BUFG (Prop_bufg_I_O)         0.096     2.385 r  u_ethernet_clk_wiz/inst/clkout1_buf/O
                         net (fo=29, unplaced)        0.584     2.969    u_ethernet_mii_rmii_bridge/u_rmii_phy_if/rmii_ref_clk
                         FDCE                                         r  u_ethernet_mii_rmii_bridge/u_rmii_phy_if/phy_rmii_txd_reg[0]/C
  -------------------------------------------------------------------    -------------------
                         FDCE (Prop_fdce_C_Q)         0.456     3.425 r  u_ethernet_mii_rmii_bridge/u_rmii_phy_if/phy_rmii_txd_reg[0]/Q
                         net (fo=1, unplaced)         0.800     4.224    rmii_txd_dbg[0]
    OLOGIC_X0Y122        FDRE                                         r  eth_txd_out_reg[0]/D
  -------------------------------------------------------------------    -------------------

                         (clock phy_ref_clk_ethernet_clk_wiz fall edge)
                                                     12.500    12.500 f  
    E3                                                0.000    12.500 f  CLK100MHZ (IN)
                         net (fo=0)                   0.000    12.500    CLK100MHZ
    E3                   IBUF (Prop_ibuf_I_O)         1.418    13.918 f  u_sys_clk_ibuf/O
                         net (fo=2, unplaced)         0.760    14.678    u_ethernet_clk_wiz/inst/sys_clk
                         BUFG (Prop_bufg_I_O)         0.091    14.769 f  u_ethernet_clk_wiz/inst/clkin1_bufg/O
                         net (fo=1, unplaced)         0.439    15.208    u_ethernet_clk_wiz/inst/sys_clk_ethernet_clk_wiz
                         MMCME2_ADV (Prop_mmcme2_adv_CLKIN1_CLKOUT1)
                                                     -1.290    13.918 f  u_ethernet_clk_wiz/inst/mmcm_adv_inst/CLKOUT1
                         net (fo=1, unplaced)         0.760    14.678    u_ethernet_clk_wiz/inst/phy_ref_clk_ethernet_clk_wiz
                         BUFG (Prop_bufg_I_O)         0.091    14.769 f  u_ethernet_clk_wiz/inst/clkout2_buf/O
                         net (fo=4, unplaced)         0.760    15.529    phy_ref_clk
    OLOGIC_X0Y122        FDRE                                         r  eth_txd_out_reg[0]/C  (IS_INVERTED)
                         clock pessimism              0.071    15.599    
                         clock uncertainty           -0.202    15.398    
    OLOGIC_X0Y122        FDRE (Setup_fdre_C_D)       -1.009    14.389    eth_txd_out_reg[0]
  -------------------------------------------------------------------
                         required time                         14.389    
                         arrival time                          -4.224    
  -------------------------------------------------------------------
                         slack                                 10.164    





Min Delay Paths
--------------------------------------------------------------------------------------
Slack (MET) :             7.662ns  (arrival time - required time)
  Source:                 u_ethernet_mii_rmii_bridge/u_rmii_phy_if/phy_rmii_txd_reg[0]/C
                            (rising edge-triggered cell FDCE clocked by rmii_ref_clk_ethernet_clk_wiz  {rise@0.000ns fall@10.000ns period=20.000ns})
  Destination:            eth_txd_out_reg[0]/D
                            (falling edge-triggered cell FDRE clocked by phy_ref_clk_ethernet_clk_wiz  {rise@2.500ns fall@12.500ns period=20.000ns})
  Path Group:             phy_ref_clk_ethernet_clk_wiz
  Path Type:              Hold (Min at Fast Process Corner)
  Requirement:            -7.500ns  (phy_ref_clk_ethernet_clk_wiz fall@12.500ns - rmii_ref_clk_ethernet_clk_wiz rise@20.000ns)
  Data Path Delay:        0.478ns  (logic 0.141ns (29.492%)  route 0.337ns (70.508%))
  Logic Levels:           0  
  Clock Path Skew:        0.262ns (DCD - SCD - CPR)
    Destination Clock Delay (DCD):    1.183ns = ( 13.683 - 12.500 ) 
    Source Clock Delay      (SCD):    0.734ns = ( 20.734 - 20.000 ) 
    Clock Pessimism Removal (CPR):    0.188ns
  Clock Uncertainty:      0.202ns  ((TSJ^2 + DJ^2)^1/2) / 2 + PE
    Total System Jitter     (TSJ):    0.071ns
    Discrete Jitter          (DJ):    0.147ns
    Phase Error              (PE):    0.120ns

    Location             Delay type                Incr(ns)  Path(ns)    Netlist Resource(s)
  -------------------------------------------------------------------    -------------------
                         (clock rmii_ref_clk_ethernet_clk_wiz rise edge)
                                                     20.000    20.000 r  
    E3                                                0.000    20.000 r  CLK100MHZ (IN)
                         net (fo=0)                   0.000    20.000    CLK100MHZ
    E3                   IBUF (Prop_ibuf_I_O)         0.257    20.257 r  u_sys_clk_ibuf/O
                         net (fo=2, unplaced)         0.337    20.594    u_ethernet_clk_wiz/inst/sys_clk
                         BUFG (Prop_bufg_I_O)         0.026    20.620 r  u_ethernet_clk_wiz/inst/clkin1_bufg/O
                         net (fo=1, unplaced)         0.114    20.734    u_ethernet_clk_wiz/inst/sys_clk_ethernet_clk_wiz
                         MMCME2_ADV (Prop_mmcme2_adv_CLKIN1_CLKOUT0)
                                                     -0.477    20.257 r  u_ethernet_clk_wiz/inst/mmcm_adv_inst/CLKOUT0
                         net (fo=1, unplaced)         0.337    20.594    u_ethernet_clk_wiz/inst/rmii_ref_clk_ethernet_clk_wiz
                         BUFG (Prop_bufg_I_O)         0.026    20.620 r  u_ethernet_clk_wiz/inst/clkout1_buf/O
                         net (fo=29, unplaced)        0.114    20.734    u_ethernet_mii_rmii_bridge/u_rmii_phy_if/rmii_ref_clk
                         FDCE                                         r  u_ethernet_mii_rmii_bridge/u_rmii_phy_if/phy_rmii_txd_reg[0]/C
  -------------------------------------------------------------------    -------------------
                         FDCE (Prop_fdce_C_Q)         0.141    20.875 r  u_ethernet_mii_rmii_bridge/u_rmii_phy_if/phy_rmii_txd_reg[0]/Q
                         net (fo=1, unplaced)         0.337    21.212    rmii_txd_dbg[0]
    OLOGIC_X0Y122        FDRE                                         r  eth_txd_out_reg[0]/D
  -------------------------------------------------------------------    -------------------

                         (clock phy_ref_clk_ethernet_clk_wiz fall edge)
                                                     12.500    12.500 f  
    E3                                                0.000    12.500 f  CLK100MHZ (IN)
                         net (fo=0)                   0.000    12.500    CLK100MHZ
    E3                   IBUF (Prop_ibuf_I_O)         0.445    12.945 f  u_sys_clk_ibuf/O
                         net (fo=2, unplaced)         0.355    13.299    u_ethernet_clk_wiz/inst/sys_clk
                         BUFG (Prop_bufg_I_O)         0.029    13.328 f  u_ethernet_clk_wiz/inst/clkin1_bufg/O
                         net (fo=1, unplaced)         0.259    13.587    u_ethernet_clk_wiz/inst/sys_clk_ethernet_clk_wiz
                         MMCME2_ADV (Prop_mmcme2_adv_CLKIN1_CLKOUT1)
                                                     -0.643    12.945 f  u_ethernet_clk_wiz/inst/mmcm_adv_inst/CLKOUT1
                         net (fo=1, unplaced)         0.355    13.299    u_ethernet_clk_wiz/inst/phy_ref_clk_ethernet_clk_wiz
                         BUFG (Prop_bufg_I_O)         0.029    13.328 f  u_ethernet_clk_wiz/inst/clkout2_buf/O
                         net (fo=4, unplaced)         0.355    13.683    phy_ref_clk
    OLOGIC_X0Y122        FDRE                                         r  eth_txd_out_reg[0]/C  (IS_INVERTED)
                         clock pessimism             -0.188    13.495    
                         clock uncertainty            0.202    13.697    
    OLOGIC_X0Y122        FDRE (Hold_fdre_C_D)        -0.147    13.550    eth_txd_out_reg[0]
  -------------------------------------------------------------------
                         required time                        -13.550    
                         arrival time                          21.212    
  -------------------------------------------------------------------
                         slack                                  7.662    





---------------------------------------------------------------------------------------------------
From Clock:  phy_ref_clk_ethernet_clk_wiz
  To Clock:  eth_refclk_out

Setup :            0  Failing Endpoints,  Worst Slack        5.565ns,  Total Violation        0.000ns
Hold  :            0  Failing Endpoints,  Worst Slack        8.192ns,  Total Violation        0.000ns
---------------------------------------------------------------------------------------------------


Max Delay Paths
--------------------------------------------------------------------------------------
Slack (MET) :             5.565ns  (required time - arrival time)
  Source:                 eth_txd_out_reg[1]/C
                            (falling edge-triggered cell FDRE clocked by phy_ref_clk_ethernet_clk_wiz  {rise@2.500ns fall@12.500ns period=20.000ns})
  Destination:            ETH_TXD[1]
                            (output port clocked by eth_refclk_out  {rise@2.500ns fall@12.500ns period=20.000ns})
  Path Group:             eth_refclk_out
  Path Type:              Max at Slow Process Corner
  Requirement:            10.000ns  (eth_refclk_out rise@22.500ns - phy_ref_clk_ethernet_clk_wiz fall@12.500ns)
  Data Path Delay:        4.068ns  (logic 4.068ns (100.000%)  route 0.000ns (0.000%))
  Logic Levels:           1  (OBUF=1)
  Output Delay:           4.000ns
  Clock Path Skew:        3.714ns (DCD - SCD + CPR)
    Destination Clock Delay (DCD):    6.783ns = ( 29.283 - 22.500 ) 
    Source Clock Delay      (SCD):    3.184ns = ( 15.684 - 12.500 ) 
    Clock Pessimism Removal (CPR):    0.116ns
  Clock Uncertainty:      0.082ns  ((TSJ^2 + DJ^2)^1/2) / 2 + PE
    Total System Jitter     (TSJ):    0.071ns
    Discrete Jitter          (DJ):    0.147ns
    Phase Error              (PE):    0.000ns

    Location             Delay type                Incr(ns)  Path(ns)    Netlist Resource(s)
  -------------------------------------------------------------------    -------------------
                         (clock phy_ref_clk_ethernet_clk_wiz fall edge)
                                                     12.500    12.500 f  
    E3                                                0.000    12.500 f  CLK100MHZ (IN)
                         net (fo=0)                   0.000    12.500    CLK100MHZ
    E3                   IBUF (Prop_ibuf_I_O)         1.489    13.989 f  u_sys_clk_ibuf/O
                         net (fo=2, unplaced)         0.800    14.789    u_ethernet_clk_wiz/inst/sys_clk
                         BUFG (Prop_bufg_I_O)         0.096    14.885 f  u_ethernet_clk_wiz/inst/clkin1_bufg/O
                         net (fo=1, unplaced)         0.584    15.469    u_ethernet_clk_wiz/inst/sys_clk_ethernet_clk_wiz
                         MMCME2_ADV (Prop_mmcme2_adv_CLKIN1_CLKOUT1)
                                                     -1.480    13.989 f  u_ethernet_clk_wiz/inst/mmcm_adv_inst/CLKOUT1
                         net (fo=1, unplaced)         0.800    14.789    u_ethernet_clk_wiz/inst/phy_ref_clk_ethernet_clk_wiz
                         BUFG (Prop_bufg_I_O)         0.096    14.885 f  u_ethernet_clk_wiz/inst/clkout2_buf/O
                         net (fo=4, unplaced)         0.800    15.684    phy_ref_clk
    OLOGIC_X0Y125        FDRE                                         r  eth_txd_out_reg[1]/C  (IS_INVERTED)
  -------------------------------------------------------------------    -------------------
    OLOGIC_X0Y125        FDRE (Prop_fdre_C_Q)         0.472    16.156 r  eth_txd_out_reg[1]/Q
                         net (fo=1, estimated)        0.000    16.156    ETH_TXD_OBUF[1]
    A8                   OBUF (Prop_obuf_I_O)         3.596    19.752 r  ETH_TXD_OBUF[1]_inst/O
                         net (fo=0)                   0.000    19.752    ETH_TXD[1]
    A8                                                                r  ETH_TXD[1] (OUT)
  -------------------------------------------------------------------    -------------------

                         (clock eth_refclk_out rise edge)
                                                     22.500    22.500 r  
    E3                                                0.000    22.500 r  CLK100MHZ (IN)
                         net (fo=0)                   0.000    22.500    CLK100MHZ
    E3                   IBUF (Prop_ibuf_I_O)         1.418    23.918 r  u_sys_clk_ibuf/O
                         net (fo=2, unplaced)         0.760    24.678    u_ethernet_clk_wiz/inst/sys_clk
                         BUFG (Prop_bufg_I_O)         0.091    24.769 r  u_ethernet_clk_wiz/inst/clkin1_bufg/O
                         net (fo=1, unplaced)         0.439    25.208    u_ethernet_clk_wiz/inst/sys_clk_ethernet_clk_wiz
                         MMCME2_ADV (Prop_mmcme2_adv_CLKIN1_CLKOUT1)
                                                     -1.290    23.918 r  u_ethernet_clk_wiz/inst/mmcm_adv_inst/CLKOUT1
                         net (fo=1, unplaced)         0.760    24.678    u_ethernet_clk_wiz/inst/phy_ref_clk_ethernet_clk_wiz
                         BUFG (Prop_bufg_I_O)         0.091    24.769 r  u_ethernet_clk_wiz/inst/clkout2_buf/O
                         net (fo=4, unplaced)         0.760    25.529    phy_ref_clk
    OLOGIC_X1Y78         ODDR (Prop_oddr_C_Q)         0.411    25.940 r  u_eth_refclk_oddr/Q
                         net (fo=1, estimated)        0.000    25.940    ETH_REFCLK_OBUF
    D5                   OBUF (Prop_obuf_I_O)         3.343    29.283 r  ETH_REFCLK_OBUF_inst/O
                         net (fo=0)                   0.000    29.283    ETH_REFCLK
    D5                                                                r  ETH_REFCLK (OUT)
                         clock pessimism              0.116    29.398    
                         clock uncertainty           -0.082    29.317    
                         output delay                -4.000    25.317    
  -------------------------------------------------------------------
                         required time                         25.317    
                         arrival time                         -19.752    
  -------------------------------------------------------------------
                         slack                                  5.565    





Min Delay Paths
--------------------------------------------------------------------------------------
Slack (MET) :             8.192ns  (arrival time - required time)
  Source:                 eth_txen_out_reg/C
                            (falling edge-triggered cell FDRE clocked by phy_ref_clk_ethernet_clk_wiz  {rise@2.500ns fall@12.500ns period=20.000ns})
  Destination:            ETH_TXEN
                            (output port clocked by eth_refclk_out  {rise@2.500ns fall@12.500ns period=20.000ns})
  Path Group:             eth_refclk_out
  Path Type:              Min at Slow Process Corner
  Requirement:            -10.000ns  (eth_refclk_out rise@2.500ns - phy_ref_clk_ethernet_clk_wiz fall@12.500ns)
  Data Path Delay:        3.831ns  (logic 3.831ns (100.000%)  route 0.000ns (0.000%))
  Logic Levels:           1  (OBUF=1)
  Output Delay:           -1.500ns
  Clock Path Skew:        4.057ns (DCD - SCD - CPR)
    Destination Clock Delay (DCD):    7.202ns = ( 9.702 - 2.500 ) 
    Source Clock Delay      (SCD):    3.029ns = ( 15.529 - 12.500 ) 
    Clock Pessimism Removal (CPR):    0.116ns
  Clock Uncertainty:      0.082ns  ((TSJ^2 + DJ^2)^1/2) / 2 + PE
    Total System Jitter     (TSJ):    0.071ns
    Discrete Jitter          (DJ):    0.147ns
    Phase Error              (PE):    0.000ns

    Location             Delay type                Incr(ns)  Path(ns)    Netlist Resource(s)
  -------------------------------------------------------------------    -------------------
                         (clock phy_ref_clk_ethernet_clk_wiz fall edge)
                                                     12.500    12.500 f  
    E3                                                0.000    12.500 f  CLK100MHZ (IN)
                         net (fo=0)                   0.000    12.500    CLK100MHZ
    E3                   IBUF (Prop_ibuf_I_O)         1.418    13.918 f  u_sys_clk_ibuf/O
                         net (fo=2, unplaced)         0.760    14.678    u_ethernet_clk_wiz/inst/sys_clk
                         BUFG (Prop_bufg_I_O)         0.091    14.769 f  u_ethernet_clk_wiz/inst/clkin1_bufg/O
                         net (fo=1, unplaced)         0.439    15.208    u_ethernet_clk_wiz/inst/sys_clk_ethernet_clk_wiz
                         MMCME2_ADV (Prop_mmcme2_adv_CLKIN1_CLKOUT1)
                                                     -1.290    13.918 f  u_ethernet_clk_wiz/inst/mmcm_adv_inst/CLKOUT1
                         net (fo=1, unplaced)         0.760    14.678    u_ethernet_clk_wiz/inst/phy_ref_clk_ethernet_clk_wiz
                         BUFG (Prop_bufg_I_O)         0.091    14.769 f  u_ethernet_clk_wiz/inst/clkout2_buf/O
                         net (fo=4, unplaced)         0.760    15.529    phy_ref_clk
    OLOGIC_X0Y127        FDRE                                         r  eth_txen_out_reg/C  (IS_INVERTED)
  -------------------------------------------------------------------    -------------------
    OLOGIC_X0Y127        FDRE (Prop_fdre_C_Q)         0.449    15.978 r  eth_txen_out_reg/Q
                         net (fo=1, estimated)        0.000    15.978    ETH_TXEN_OBUF
    B9                   OBUF (Prop_obuf_I_O)         3.382    19.360 r  ETH_TXEN_OBUF_inst/O
                         net (fo=0)                   0.000    19.360    ETH_TXEN
    B9                                                                r  ETH_TXEN (OUT)
  -------------------------------------------------------------------    -------------------

                         (clock eth_refclk_out rise edge)
                                                      2.500     2.500 r  
    E3                                                0.000     2.500 r  CLK100MHZ (IN)
                         net (fo=0)                   0.000     2.500    CLK100MHZ
    E3                   IBUF (Prop_ibuf_I_O)         1.489     3.989 r  u_sys_clk_ibuf/O
                         net (fo=2, unplaced)         0.800     4.789    u_ethernet_clk_wiz/inst/sys_clk
                         BUFG (Prop_bufg_I_O)         0.096     4.885 r  u_ethernet_clk_wiz/inst/clkin1_bufg/O
                         net (fo=1, unplaced)         0.584     5.469    u_ethernet_clk_wiz/inst/sys_clk_ethernet_clk_wiz
                         MMCME2_ADV (Prop_mmcme2_adv_CLKIN1_CLKOUT1)
                                                     -1.480     3.989 r  u_ethernet_clk_wiz/inst/mmcm_adv_inst/CLKOUT1
                         net (fo=1, unplaced)         0.800     4.789    u_ethernet_clk_wiz/inst/phy_ref_clk_ethernet_clk_wiz
                         BUFG (Prop_bufg_I_O)         0.096     4.885 r  u_ethernet_clk_wiz/inst/clkout2_buf/O
                         net (fo=4, unplaced)         0.800     5.684    phy_ref_clk
    OLOGIC_X1Y78         ODDR (Prop_oddr_C_Q)         0.472     6.156 r  u_eth_refclk_oddr/Q
                         net (fo=1, estimated)        0.000     6.156    ETH_REFCLK_OBUF
    D5                   OBUF (Prop_obuf_I_O)         3.545     9.702 r  ETH_REFCLK_OBUF_inst/O
                         net (fo=0)                   0.000     9.702    ETH_REFCLK
    D5                                                                r  ETH_REFCLK (OUT)
                         clock pessimism             -0.116     9.586    
                         clock uncertainty            0.082     9.668    
                         output delay                 1.500    11.168    
  -------------------------------------------------------------------
                         required time                        -11.168    
                         arrival time                          19.360    
  -------------------------------------------------------------------
                         slack                                  8.192    





---------------------------------------------------------------------------------------------------
From Clock:  mii_rx_clk
  To Clock:  rmii_ref_clk_ethernet_clk_wiz

Setup :            0  Failing Endpoints,  Worst Slack       18.729ns,  Total Violation        0.000ns
Hold  :            0  Failing Endpoints,  Worst Slack        0.139ns,  Total Violation        0.000ns
---------------------------------------------------------------------------------------------------


Max Delay Paths
--------------------------------------------------------------------------------------
Slack (MET) :             18.729ns  (required time - arrival time)
  Source:                 u_ethernet_mii_rmii_bridge/u_rmii_phy_if/mac_mii_rxc_reg/Q
                            (clock source 'mii_rx_clk'  {rise@0.000ns fall@20.000ns period=40.000ns})
  Destination:            u_ethernet_mii_rmii_bridge/u_rmii_phy_if/mac_mii_rxc_reg/D
                            (rising edge-triggered cell FDCE clocked by rmii_ref_clk_ethernet_clk_wiz  {rise@0.000ns fall@10.000ns period=20.000ns})
  Path Group:             rmii_ref_clk_ethernet_clk_wiz
  Path Type:              Setup (Max at Slow Process Corner)
  Requirement:            20.000ns  (rmii_ref_clk_ethernet_clk_wiz rise@40.000ns - mii_rx_clk fall@20.000ns)
  Data Path Delay:        0.617ns  (logic 0.295ns (47.812%)  route 0.322ns (52.188%))
  Logic Levels:           1  (LUT1=1)
  Clock Path Skew:        -0.601ns (DCD - SCD + CPR)
    Destination Clock Delay (DCD):    2.708ns = ( 42.708 - 40.000 ) 
    Source Clock Delay      (SCD):    3.425ns = ( 23.425 - 20.000 ) 
    Clock Pessimism Removal (CPR):    0.116ns
  Clock Uncertainty:      0.082ns  ((TSJ^2 + DJ^2)^1/2) / 2 + PE
    Total System Jitter     (TSJ):    0.071ns
    Discrete Jitter          (DJ):    0.147ns
    Phase Error              (PE):    0.000ns

    Location             Delay type                Incr(ns)  Path(ns)    Netlist Resource(s)
  -------------------------------------------------------------------    -------------------
                         (clock mii_rx_clk fall edge)
                                                     20.000    20.000 f  
    E3                                                0.000    20.000 r  CLK100MHZ (IN)
                         net (fo=0)                   0.000    20.000    CLK100MHZ
    E3                   IBUF (Prop_ibuf_I_O)         1.489    21.489 r  u_sys_clk_ibuf/O
                         net (fo=2, unplaced)         0.800    22.289    u_ethernet_clk_wiz/inst/sys_clk
                         BUFG (Prop_bufg_I_O)         0.096    22.385 r  u_ethernet_clk_wiz/inst/clkin1_bufg/O
                         net (fo=1, unplaced)         0.584    22.969    u_ethernet_clk_wiz/inst/sys_clk_ethernet_clk_wiz
                         MMCME2_ADV (Prop_mmcme2_adv_CLKIN1_CLKOUT0)
                                                     -1.480    21.489 r  u_ethernet_clk_wiz/inst/mmcm_adv_inst/CLKOUT0
                         net (fo=1, unplaced)         0.800    22.289    u_ethernet_clk_wiz/inst/rmii_ref_clk_ethernet_clk_wiz
                         BUFG (Prop_bufg_I_O)         0.096    22.385 r  u_ethernet_clk_wiz/inst/clkout1_buf/O
                         net (fo=29, unplaced)        0.584    22.969    u_ethernet_mii_rmii_bridge/u_rmii_phy_if/rmii_ref_clk
  -------------------------------------------------------------------    -------------------
                         FDCE (Prop_fdce_C_Q)         0.456    23.425 f  u_ethernet_mii_rmii_bridge/u_rmii_phy_if/mac_mii_rxc_reg/Q
                         net (fo=2, unplaced)         0.322    23.747    u_ethernet_mii_rmii_bridge/u_rmii_phy_if/mii_rx_clk
                         LUT1 (Prop_lut1_I0_O)        0.295    24.042 r  u_ethernet_mii_rmii_bridge/u_rmii_phy_if/mac_mii_rxc_i_1/O
                         net (fo=1, unplaced)         0.000    24.042    u_ethernet_mii_rmii_bridge/u_rmii_phy_if/mac_mii_rxc_i_1_n_0
                         FDCE                                         r  u_ethernet_mii_rmii_bridge/u_rmii_phy_if/mac_mii_rxc_reg/D
  -------------------------------------------------------------------    -------------------

                         (clock rmii_ref_clk_ethernet_clk_wiz rise edge)
                                                     40.000    40.000 r  
    E3                                                0.000    40.000 r  CLK100MHZ (IN)
                         net (fo=0)                   0.000    40.000    CLK100MHZ
    E3                   IBUF (Prop_ibuf_I_O)         1.418    41.418 r  u_sys_clk_ibuf/O
                         net (fo=2, unplaced)         0.760    42.178    u_ethernet_clk_wiz/inst/sys_clk
                         BUFG (Prop_bufg_I_O)         0.091    42.269 r  u_ethernet_clk_wiz/inst/clkin1_bufg/O
                         net (fo=1, unplaced)         0.439    42.708    u_ethernet_clk_wiz/inst/sys_clk_ethernet_clk_wiz
                         MMCME2_ADV (Prop_mmcme2_adv_CLKIN1_CLKOUT0)
                                                     -1.290    41.418 r  u_ethernet_clk_wiz/inst/mmcm_adv_inst/CLKOUT0
                         net (fo=1, unplaced)         0.760    42.178    u_ethernet_clk_wiz/inst/rmii_ref_clk_ethernet_clk_wiz
                         BUFG (Prop_bufg_I_O)         0.091    42.269 r  u_ethernet_clk_wiz/inst/clkout1_buf/O
                         net (fo=29, unplaced)        0.439    42.708    u_ethernet_mii_rmii_bridge/u_rmii_phy_if/rmii_ref_clk
                         FDCE                                         r  u_ethernet_mii_rmii_bridge/u_rmii_phy_if/mac_mii_rxc_reg/C
                         clock pessimism              0.116    42.824    
                         clock uncertainty           -0.082    42.742    
                         FDCE (Setup_fdce_C_D)        0.029    42.771    u_ethernet_mii_rmii_bridge/u_rmii_phy_if/mac_mii_rxc_reg
  -------------------------------------------------------------------
                         required time                         42.771    
                         arrival time                         -24.042    
  -------------------------------------------------------------------
                         slack                                 18.729    





Min Delay Paths
--------------------------------------------------------------------------------------
Slack (MET) :             0.139ns  (arrival time - required time)
  Source:                 u_ethernet_mii_rmii_bridge/u_rmii_phy_if/mac_mii_rxc_reg/Q
                            (clock source 'mii_rx_clk'  {rise@0.000ns fall@20.000ns period=40.000ns})
  Destination:            u_ethernet_mii_rmii_bridge/u_rmii_phy_if/mac_mii_rxc_reg/D
                            (rising edge-triggered cell FDCE clocked by rmii_ref_clk_ethernet_clk_wiz  {rise@0.000ns fall@10.000ns period=20.000ns})
  Path Group:             rmii_ref_clk_ethernet_clk_wiz
  Path Type:              Hold (Min at Fast Process Corner)
  Requirement:            0.000ns  (rmii_ref_clk_ethernet_clk_wiz rise@0.000ns - mii_rx_clk rise@0.000ns)
  Data Path Delay:        0.234ns  (logic 0.098ns (41.929%)  route 0.136ns (58.071%))
  Logic Levels:           1  (LUT1=1)
  Clock Path Skew:        0.004ns (DCD - SCD - CPR)
    Destination Clock Delay (DCD):    1.087ns
    Source Clock Delay      (SCD):    0.875ns
    Clock Pessimism Removal (CPR):    0.209ns

    Location             Delay type                Incr(ns)  Path(ns)    Netlist Resource(s)
  -------------------------------------------------------------------    -------------------
                         (clock mii_rx_clk rise edge)
                                                      0.000     0.000 r  
    E3                                                0.000     0.000 r  CLK100MHZ (IN)
                         net (fo=0)                   0.000     0.000    CLK100MHZ
    E3                   IBUF (Prop_ibuf_I_O)         0.257     0.257 r  u_sys_clk_ibuf/O
                         net (fo=2, unplaced)         0.337     0.594    u_ethernet_clk_wiz/inst/sys_clk
                         BUFG (Prop_bufg_I_O)         0.026     0.620 r  u_ethernet_clk_wiz/inst/clkin1_bufg/O
                         net (fo=1, unplaced)         0.114     0.734    u_ethernet_clk_wiz/inst/sys_clk_ethernet_clk_wiz
                         MMCME2_ADV (Prop_mmcme2_adv_CLKIN1_CLKOUT0)
                                                     -0.477     0.257 r  u_ethernet_clk_wiz/inst/mmcm_adv_inst/CLKOUT0
                         net (fo=1, unplaced)         0.337     0.594    u_ethernet_clk_wiz/inst/rmii_ref_clk_ethernet_clk_wiz
                         BUFG (Prop_bufg_I_O)         0.026     0.620 r  u_ethernet_clk_wiz/inst/clkout1_buf/O
                         net (fo=29, unplaced)        0.114     0.734    u_ethernet_mii_rmii_bridge/u_rmii_phy_if/rmii_ref_clk
  -------------------------------------------------------------------    -------------------
                         FDCE (Prop_fdce_C_Q)         0.141     0.875 r  u_ethernet_mii_rmii_bridge/u_rmii_phy_if/mac_mii_rxc_reg/Q
                         net (fo=2, unplaced)         0.136     1.011    u_ethernet_mii_rmii_bridge/u_rmii_phy_if/mii_rx_clk
                         LUT1 (Prop_lut1_I0_O)        0.098     1.109 f  u_ethernet_mii_rmii_bridge/u_rmii_phy_if/mac_mii_rxc_i_1/O
                         net (fo=1, unplaced)         0.000     1.109    u_ethernet_mii_rmii_bridge/u_rmii_phy_if/mac_mii_rxc_i_1_n_0
                         FDCE                                         f  u_ethernet_mii_rmii_bridge/u_rmii_phy_if/mac_mii_rxc_reg/D
  -------------------------------------------------------------------    -------------------

                         (clock rmii_ref_clk_ethernet_clk_wiz rise edge)
                                                      0.000     0.000 r  
    E3                                                0.000     0.000 r  CLK100MHZ (IN)
                         net (fo=0)                   0.000     0.000    CLK100MHZ
    E3                   IBUF (Prop_ibuf_I_O)         0.445     0.445 r  u_sys_clk_ibuf/O
                         net (fo=2, unplaced)         0.355     0.799    u_ethernet_clk_wiz/inst/sys_clk
                         BUFG (Prop_bufg_I_O)         0.029     0.828 r  u_ethernet_clk_wiz/inst/clkin1_bufg/O
                         net (fo=1, unplaced)         0.259     1.087    u_ethernet_clk_wiz/inst/sys_clk_ethernet_clk_wiz
                         MMCME2_ADV (Prop_mmcme2_adv_CLKIN1_CLKOUT0)
                                                     -0.643     0.445 r  u_ethernet_clk_wiz/inst/mmcm_adv_inst/CLKOUT0
                         net (fo=1, unplaced)         0.355     0.799    u_ethernet_clk_wiz/inst/rmii_ref_clk_ethernet_clk_wiz
                         BUFG (Prop_bufg_I_O)         0.029     0.828 r  u_ethernet_clk_wiz/inst/clkout1_buf/O
                         net (fo=29, unplaced)        0.259     1.087    u_ethernet_mii_rmii_bridge/u_rmii_phy_if/rmii_ref_clk
                         FDCE                                         r  u_ethernet_mii_rmii_bridge/u_rmii_phy_if/mac_mii_rxc_reg/C
                         clock pessimism             -0.209     0.879    
                         FDCE (Hold_fdce_C_D)         0.091     0.970    u_ethernet_mii_rmii_bridge/u_rmii_phy_if/mac_mii_rxc_reg
  -------------------------------------------------------------------
                         required time                         -0.970    
                         arrival time                           1.109    
  -------------------------------------------------------------------
                         slack                                  0.139    





---------------------------------------------------------------------------------------------------
From Clock:  mii_tx_clk
  To Clock:  rmii_ref_clk_ethernet_clk_wiz

Setup :            0  Failing Endpoints,  Worst Slack       15.948ns,  Total Violation        0.000ns
Hold  :            0  Failing Endpoints,  Worst Slack        0.149ns,  Total Violation        0.000ns
---------------------------------------------------------------------------------------------------


Max Delay Paths
--------------------------------------------------------------------------------------
Slack (MET) :             15.948ns  (required time - arrival time)
  Source:                 u_taxi_ethernet_subsystem/u_taxi_eth_mac_mii_fifo/eth_mac_mii_inst/mii_phy_if_inst/phy_mii_tx_en_reg_reg/C
                            (rising edge-triggered cell FDRE clocked by mii_tx_clk  {rise@0.000ns fall@20.000ns period=40.000ns})
  Destination:            u_ethernet_mii_rmii_bridge/u_rmii_phy_if/rmii_txd_r_reg[0]/D
                            (rising edge-triggered cell FDCE clocked by rmii_ref_clk_ethernet_clk_wiz  {rise@0.000ns fall@10.000ns period=20.000ns})
  Path Group:             rmii_ref_clk_ethernet_clk_wiz
  Path Type:              Setup (Max at Slow Process Corner)
  Requirement:            20.000ns  (rmii_ref_clk_ethernet_clk_wiz rise@20.000ns - mii_tx_clk rise@0.000ns)
  Data Path Delay:        1.744ns  (logic 0.751ns (43.062%)  route 0.993ns (56.938%))
  Logic Levels:           1  (LUT6=1)
  Clock Path Skew:        -2.256ns (DCD - SCD + CPR)
    Destination Clock Delay (DCD):    2.708ns = ( 22.708 - 20.000 ) 
    Source Clock Delay      (SCD):    5.079ns
    Clock Pessimism Removal (CPR):    0.116ns
  Clock Uncertainty:      0.082ns  ((TSJ^2 + DJ^2)^1/2) / 2 + PE
    Total System Jitter     (TSJ):    0.071ns
    Discrete Jitter          (DJ):    0.147ns
    Phase Error              (PE):    0.000ns

    Location             Delay type                Incr(ns)  Path(ns)    Netlist Resource(s)
  -------------------------------------------------------------------    -------------------
                         (clock mii_tx_clk rise edge)
                                                      0.000     0.000 r  
    E3                                                0.000     0.000 r  CLK100MHZ (IN)
                         net (fo=0)                   0.000     0.000    CLK100MHZ
    E3                   IBUF (Prop_ibuf_I_O)         1.489     1.489 r  u_sys_clk_ibuf/O
                         net (fo=2, unplaced)         0.800     2.289    u_ethernet_clk_wiz/inst/sys_clk
                         BUFG (Prop_bufg_I_O)         0.096     2.385 r  u_ethernet_clk_wiz/inst/clkin1_bufg/O
                         net (fo=1, unplaced)         0.584     2.969    u_ethernet_clk_wiz/inst/sys_clk_ethernet_clk_wiz
                         MMCME2_ADV (Prop_mmcme2_adv_CLKIN1_CLKOUT0)
                                                     -1.480     1.489 r  u_ethernet_clk_wiz/inst/mmcm_adv_inst/CLKOUT0
                         net (fo=1, unplaced)         0.800     2.289    u_ethernet_clk_wiz/inst/rmii_ref_clk_ethernet_clk_wiz
                         BUFG (Prop_bufg_I_O)         0.096     2.385 r  u_ethernet_clk_wiz/inst/clkout1_buf/O
                         net (fo=29, unplaced)        0.584     2.969    u_ethernet_mii_rmii_bridge/u_rmii_phy_if/rmii_ref_clk
                         FDCE (Prop_fdce_C_Q)         0.456     3.425 r  u_ethernet_mii_rmii_bridge/u_rmii_phy_if/mac_mii_txc_reg/Q
                         net (fo=7, unplaced)         0.800     4.224    u_taxi_ethernet_subsystem/u_taxi_eth_mac_mii_fifo/eth_mac_mii_inst/mii_phy_if_inst/mii_tx_clk
                         BUFG (Prop_bufg_I_O)         0.271     4.495 r  u_taxi_ethernet_subsystem/u_taxi_eth_mac_mii_fifo/eth_mac_mii_inst/mii_phy_if_inst/mii_bufg_inst/O
                         net (fo=183, unplaced)       0.584     5.079    u_taxi_ethernet_subsystem/u_taxi_eth_mac_mii_fifo/eth_mac_mii_inst/mii_phy_if_inst/CLK
                         FDRE                                         r  u_taxi_ethernet_subsystem/u_taxi_eth_mac_mii_fifo/eth_mac_mii_inst/mii_phy_if_inst/phy_mii_tx_en_reg_reg/C
  -------------------------------------------------------------------    -------------------
                         FDRE (Prop_fdre_C_Q)         0.456     5.535 r  u_taxi_ethernet_subsystem/u_taxi_eth_mac_mii_fifo/eth_mac_mii_inst/mii_phy_if_inst/phy_mii_tx_en_reg_reg/Q
                         net (fo=5, unplaced)         0.993     6.528    u_ethernet_mii_rmii_bridge/u_rmii_phy_if/mii_tx_en
                         LUT6 (Prop_lut6_I0_O)        0.295     6.823 r  u_ethernet_mii_rmii_bridge/u_rmii_phy_if/rmii_txd_r[0]_i_1/O
                         net (fo=1, unplaced)         0.000     6.823    u_ethernet_mii_rmii_bridge/u_rmii_phy_if/rmii_txd_r[0]_i_1_n_0
                         FDCE                                         r  u_ethernet_mii_rmii_bridge/u_rmii_phy_if/rmii_txd_r_reg[0]/D
  -------------------------------------------------------------------    -------------------

                         (clock rmii_ref_clk_ethernet_clk_wiz rise edge)
                                                     20.000    20.000 r  
    E3                                                0.000    20.000 r  CLK100MHZ (IN)
                         net (fo=0)                   0.000    20.000    CLK100MHZ
    E3                   IBUF (Prop_ibuf_I_O)         1.418    21.418 r  u_sys_clk_ibuf/O
                         net (fo=2, unplaced)         0.760    22.178    u_ethernet_clk_wiz/inst/sys_clk
                         BUFG (Prop_bufg_I_O)         0.091    22.269 r  u_ethernet_clk_wiz/inst/clkin1_bufg/O
                         net (fo=1, unplaced)         0.439    22.708    u_ethernet_clk_wiz/inst/sys_clk_ethernet_clk_wiz
                         MMCME2_ADV (Prop_mmcme2_adv_CLKIN1_CLKOUT0)
                                                     -1.290    21.418 r  u_ethernet_clk_wiz/inst/mmcm_adv_inst/CLKOUT0
                         net (fo=1, unplaced)         0.760    22.178    u_ethernet_clk_wiz/inst/rmii_ref_clk_ethernet_clk_wiz
                         BUFG (Prop_bufg_I_O)         0.091    22.269 r  u_ethernet_clk_wiz/inst/clkout1_buf/O
                         net (fo=29, unplaced)        0.439    22.708    u_ethernet_mii_rmii_bridge/u_rmii_phy_if/rmii_ref_clk
                         FDCE                                         r  u_ethernet_mii_rmii_bridge/u_rmii_phy_if/rmii_txd_r_reg[0]/C
                         clock pessimism              0.116    22.824    
                         clock uncertainty           -0.082    22.742    
                         FDCE (Setup_fdce_C_D)        0.029    22.771    u_ethernet_mii_rmii_bridge/u_rmii_phy_if/rmii_txd_r_reg[0]
  -------------------------------------------------------------------
                         required time                         22.771    
                         arrival time                          -6.823    
  -------------------------------------------------------------------
                         slack                                 15.948    





Min Delay Paths
--------------------------------------------------------------------------------------
Slack (MET) :             0.149ns  (arrival time - required time)
  Source:                 u_ethernet_mii_rmii_bridge/u_rmii_phy_if/mac_mii_txc_reg/Q
                            (clock source 'mii_tx_clk'  {rise@0.000ns fall@20.000ns period=40.000ns})
  Destination:            u_ethernet_mii_rmii_bridge/u_rmii_phy_if/mac_mii_txc_reg/D
                            (rising edge-triggered cell FDCE clocked by rmii_ref_clk_ethernet_clk_wiz  {rise@0.000ns fall@10.000ns period=20.000ns})
  Path Group:             rmii_ref_clk_ethernet_clk_wiz
  Path Type:              Hold (Min at Fast Process Corner)
  Requirement:            0.000ns  (rmii_ref_clk_ethernet_clk_wiz rise@0.000ns - mii_tx_clk rise@0.000ns)
  Data Path Delay:        0.244ns  (logic 0.098ns (40.189%)  route 0.146ns (59.811%))
  Logic Levels:           1  (LUT1=1)
  Clock Path Skew:        0.004ns (DCD - SCD - CPR)
    Destination Clock Delay (DCD):    1.087ns
    Source Clock Delay      (SCD):    0.875ns
    Clock Pessimism Removal (CPR):    0.209ns

    Location             Delay type                Incr(ns)  Path(ns)    Netlist Resource(s)
  -------------------------------------------------------------------    -------------------
                         (clock mii_tx_clk rise edge)
                                                      0.000     0.000 r  
    E3                                                0.000     0.000 r  CLK100MHZ (IN)
                         net (fo=0)                   0.000     0.000    CLK100MHZ
    E3                   IBUF (Prop_ibuf_I_O)         0.257     0.257 r  u_sys_clk_ibuf/O
                         net (fo=2, unplaced)         0.337     0.594    u_ethernet_clk_wiz/inst/sys_clk
                         BUFG (Prop_bufg_I_O)         0.026     0.620 r  u_ethernet_clk_wiz/inst/clkin1_bufg/O
                         net (fo=1, unplaced)         0.114     0.734    u_ethernet_clk_wiz/inst/sys_clk_ethernet_clk_wiz
                         MMCME2_ADV (Prop_mmcme2_adv_CLKIN1_CLKOUT0)
                                                     -0.477     0.257 r  u_ethernet_clk_wiz/inst/mmcm_adv_inst/CLKOUT0
                         net (fo=1, unplaced)         0.337     0.594    u_ethernet_clk_wiz/inst/rmii_ref_clk_ethernet_clk_wiz
                         BUFG (Prop_bufg_I_O)         0.026     0.620 r  u_ethernet_clk_wiz/inst/clkout1_buf/O
                         net (fo=29, unplaced)        0.114     0.734    u_ethernet_mii_rmii_bridge/u_rmii_phy_if/rmii_ref_clk
  -------------------------------------------------------------------    -------------------
                         FDCE (Prop_fdce_C_Q)         0.141     0.875 r  u_ethernet_mii_rmii_bridge/u_rmii_phy_if/mac_mii_txc_reg/Q
                         net (fo=7, unplaced)         0.146     1.021    u_ethernet_mii_rmii_bridge/u_rmii_phy_if/mac_mii_txc_reg_0
                         LUT1 (Prop_lut1_I0_O)        0.098     1.119 f  u_ethernet_mii_rmii_bridge/u_rmii_phy_if/mac_mii_txc_i_1/O
                         net (fo=1, unplaced)         0.000     1.119    u_ethernet_mii_rmii_bridge/u_rmii_phy_if/mac_mii_txc_i_1_n_0
                         FDCE                                         f  u_ethernet_mii_rmii_bridge/u_rmii_phy_if/mac_mii_txc_reg/D
  -------------------------------------------------------------------    -------------------

                         (clock rmii_ref_clk_ethernet_clk_wiz rise edge)
                                                      0.000     0.000 r  
    E3                                                0.000     0.000 r  CLK100MHZ (IN)
                         net (fo=0)                   0.000     0.000    CLK100MHZ
    E3                   IBUF (Prop_ibuf_I_O)         0.445     0.445 r  u_sys_clk_ibuf/O
                         net (fo=2, unplaced)         0.355     0.799    u_ethernet_clk_wiz/inst/sys_clk
                         BUFG (Prop_bufg_I_O)         0.029     0.828 r  u_ethernet_clk_wiz/inst/clkin1_bufg/O
                         net (fo=1, unplaced)         0.259     1.087    u_ethernet_clk_wiz/inst/sys_clk_ethernet_clk_wiz
                         MMCME2_ADV (Prop_mmcme2_adv_CLKIN1_CLKOUT0)
                                                     -0.643     0.445 r  u_ethernet_clk_wiz/inst/mmcm_adv_inst/CLKOUT0
                         net (fo=1, unplaced)         0.355     0.799    u_ethernet_clk_wiz/inst/rmii_ref_clk_ethernet_clk_wiz
                         BUFG (Prop_bufg_I_O)         0.029     0.828 r  u_ethernet_clk_wiz/inst/clkout1_buf/O
                         net (fo=29, unplaced)        0.259     1.087    u_ethernet_mii_rmii_bridge/u_rmii_phy_if/rmii_ref_clk
                         FDCE                                         r  u_ethernet_mii_rmii_bridge/u_rmii_phy_if/mac_mii_txc_reg/C
                         clock pessimism             -0.209     0.879    
                         FDCE (Hold_fdce_C_D)         0.091     0.970    u_ethernet_mii_rmii_bridge/u_rmii_phy_if/mac_mii_txc_reg
  -------------------------------------------------------------------
                         required time                         -0.970    
                         arrival time                           1.119    
  -------------------------------------------------------------------
                         slack                                  0.149    





---------------------------------------------------------------------------------------------------
From Clock:  sys_clk_pin
  To Clock:  mii_tx_clk

Setup :            0  Failing Endpoints,  Worst Slack        9.772ns,  Total Violation        0.000ns
Hold  :           14  Failing Endpoints,  Worst Slack       -1.637ns,  Total Violation      -22.890ns
---------------------------------------------------------------------------------------------------


Max Delay Paths
--------------------------------------------------------------------------------------
Slack (MET) :             9.772ns  (required time - arrival time)
  Source:                 u_taxi_ethernet_subsystem/u_taxi_eth_mac_mii_fifo/tx_fifo/fifo_inst/wr_ptr_update_reg_reg/C
                            (rising edge-triggered cell FDRE clocked by sys_clk_pin  {rise@0.000ns fall@5.000ns period=10.000ns})
  Destination:            u_taxi_ethernet_subsystem/u_taxi_eth_mac_mii_fifo/tx_fifo/fifo_inst/wr_ptr_update_sync1_reg_reg/D
                            (rising edge-triggered cell FDRE clocked by mii_tx_clk  {rise@0.000ns fall@20.000ns period=40.000ns})
  Path Group:             mii_tx_clk
  Path Type:              Setup (Max at Fast Process Corner)
  Requirement:            10.000ns  (mii_tx_clk rise@40.000ns - sys_clk_pin rise@30.000ns)
  Data Path Delay:        0.336ns  (logic 0.175ns (52.142%)  route 0.161ns (47.858%))
  Logic Levels:           0  
  Clock Path Skew:        0.411ns (DCD - SCD + CPR)
    Destination Clock Delay (DCD):    1.406ns = ( 41.406 - 40.000 ) 
    Source Clock Delay      (SCD):    1.183ns = ( 31.183 - 30.000 ) 
    Clock Pessimism Removal (CPR):    0.188ns
  Clock Uncertainty:      0.180ns  ((TSJ^2 + DJ^2)^1/2) / 2 + PE
    Total System Jitter     (TSJ):    0.071ns
    Discrete Jitter          (DJ):    0.147ns
    Phase Error              (PE):    0.099ns

    Location             Delay type                Incr(ns)  Path(ns)    Netlist Resource(s)
  -------------------------------------------------------------------    -------------------
                         (clock sys_clk_pin rise edge)
                                                     30.000    30.000 r  
    E3                                                0.000    30.000 r  CLK100MHZ (IN)
                         net (fo=0)                   0.000    30.000    CLK100MHZ
    E3                   IBUF (Prop_ibuf_I_O)         0.445    30.445 r  u_sys_clk_ibuf/O
                         net (fo=2, unplaced)         0.355    30.799    sys_clk_ibuf
                         BUFG (Prop_bufg_I_O)         0.029    30.828 r  u_logic_clk_bufg/O
                         net (fo=906, unplaced)       0.355    31.183    u_taxi_ethernet_subsystem/u_taxi_eth_mac_mii_fifo/tx_fifo/fifo_inst/logic_clk
                         FDRE                                         r  u_taxi_ethernet_subsystem/u_taxi_eth_mac_mii_fifo/tx_fifo/fifo_inst/wr_ptr_update_reg_reg/C
  -------------------------------------------------------------------    -------------------
                         FDRE (Prop_fdre_C_Q)         0.175    31.358 r  u_taxi_ethernet_subsystem/u_taxi_eth_mac_mii_fifo/tx_fifo/fifo_inst/wr_ptr_update_reg_reg/Q
                         net (fo=5, unplaced)         0.161    31.519    u_taxi_ethernet_subsystem/u_taxi_eth_mac_mii_fifo/tx_fifo/fifo_inst/wr_ptr_update_reg
                         FDRE                                         r  u_taxi_ethernet_subsystem/u_taxi_eth_mac_mii_fifo/tx_fifo/fifo_inst/wr_ptr_update_sync1_reg_reg/D
  -------------------------------------------------------------------    -------------------

                         (clock mii_tx_clk rise edge)
                                                     40.000    40.000 r  
    E3                                                0.000    40.000 r  CLK100MHZ (IN)
                         net (fo=0)                   0.000    40.000    CLK100MHZ
    E3                   IBUF (Prop_ibuf_I_O)         0.257    40.257 r  u_sys_clk_ibuf/O
                         net (fo=2, unplaced)         0.337    40.594    u_ethernet_clk_wiz/inst/sys_clk
                         BUFG (Prop_bufg_I_O)         0.026    40.620 r  u_ethernet_clk_wiz/inst/clkin1_bufg/O
                         net (fo=1, unplaced)         0.114    40.734    u_ethernet_clk_wiz/inst/sys_clk_ethernet_clk_wiz
                         MMCME2_ADV (Prop_mmcme2_adv_CLKIN1_CLKOUT0)
                                                     -0.477    40.257 r  u_ethernet_clk_wiz/inst/mmcm_adv_inst/CLKOUT0
                         net (fo=1, unplaced)         0.337    40.594    u_ethernet_clk_wiz/inst/rmii_ref_clk_ethernet_clk_wiz
                         BUFG (Prop_bufg_I_O)         0.026    40.620 r  u_ethernet_clk_wiz/inst/clkout1_buf/O
                         net (fo=29, unplaced)        0.114    40.734    u_ethernet_mii_rmii_bridge/u_rmii_phy_if/rmii_ref_clk
                         FDCE (Prop_fdce_C_Q)         0.141    40.875 r  u_ethernet_mii_rmii_bridge/u_rmii_phy_if/mac_mii_txc_reg/Q
                         net (fo=7, unplaced)         0.337    41.212    u_taxi_ethernet_subsystem/u_taxi_eth_mac_mii_fifo/eth_mac_mii_inst/mii_phy_if_inst/mii_tx_clk
                         BUFG (Prop_bufg_I_O)         0.080    41.292 r  u_taxi_ethernet_subsystem/u_taxi_eth_mac_mii_fifo/eth_mac_mii_inst/mii_phy_if_inst/mii_bufg_inst/O
                         net (fo=183, unplaced)       0.114    41.406    u_taxi_ethernet_subsystem/u_taxi_eth_mac_mii_fifo/tx_fifo/fifo_inst/tx_clk
                         FDRE                                         r  u_taxi_ethernet_subsystem/u_taxi_eth_mac_mii_fifo/tx_fifo/fifo_inst/wr_ptr_update_sync1_reg_reg/C
                         clock pessimism              0.188    41.594    
                         clock uncertainty           -0.180    41.414    
                         FDRE (Setup_fdre_C_D)       -0.123    41.291    u_taxi_ethernet_subsystem/u_taxi_eth_mac_mii_fifo/tx_fifo/fifo_inst/wr_ptr_update_sync1_reg_reg
  -------------------------------------------------------------------
                         required time                         41.291    
                         arrival time                         -31.519    
  -------------------------------------------------------------------
                         slack                                  9.772    





Min Delay Paths
--------------------------------------------------------------------------------------
Slack (VIOLATED) :        -1.637ns  (arrival time - required time)
  Source:                 u_taxi_ethernet_subsystem/u_taxi_eth_mac_mii_fifo/tx_fifo/fifo_inst/wr_ptr_sync_commit_reg_reg[0]/C
                            (rising edge-triggered cell FDRE clocked by sys_clk_pin  {rise@0.000ns fall@5.000ns period=10.000ns})
  Destination:            u_taxi_ethernet_subsystem/u_taxi_eth_mac_mii_fifo/tx_fifo/fifo_inst/wr_ptr_commit_sync_reg_reg[0]/D
                            (rising edge-triggered cell FDRE clocked by mii_tx_clk  {rise@0.000ns fall@20.000ns period=40.000ns})
  Path Group:             mii_tx_clk
  Path Type:              Hold (Min at Slow Process Corner)
  Requirement:            0.000ns  (mii_tx_clk rise@0.000ns - sys_clk_pin rise@0.000ns)
  Data Path Delay:        0.684ns  (logic 0.367ns (53.631%)  route 0.317ns (46.369%))
  Logic Levels:           0  
  Clock Path Skew:        2.085ns (DCD - SCD - CPR)
    Destination Clock Delay (DCD):    5.079ns
    Source Clock Delay      (SCD):    2.924ns
    Clock Pessimism Removal (CPR):    0.071ns
  Clock Uncertainty:      0.180ns  ((TSJ^2 + DJ^2)^1/2) / 2 + PE
    Total System Jitter     (TSJ):    0.071ns
    Discrete Jitter          (DJ):    0.147ns
    Phase Error              (PE):    0.099ns

    Location             Delay type                Incr(ns)  Path(ns)    Netlist Resource(s)
  -------------------------------------------------------------------    -------------------
                         (clock sys_clk_pin rise edge)
                                                      0.000     0.000 r  
    E3                                                0.000     0.000 r  CLK100MHZ (IN)
                         net (fo=0)                   0.000     0.000    CLK100MHZ
    E3                   IBUF (Prop_ibuf_I_O)         1.418     1.418 r  u_sys_clk_ibuf/O
                         net (fo=2, unplaced)         0.760     2.178    sys_clk_ibuf
                         BUFG (Prop_bufg_I_O)         0.091     2.269 r  u_logic_clk_bufg/O
                         net (fo=906, unplaced)       0.655     2.924    u_taxi_ethernet_subsystem/u_taxi_eth_mac_mii_fifo/tx_fifo/fifo_inst/logic_clk
                         FDRE                                         r  u_taxi_ethernet_subsystem/u_taxi_eth_mac_mii_fifo/tx_fifo/fifo_inst/wr_ptr_sync_commit_reg_reg[0]/C
  -------------------------------------------------------------------    -------------------
                         FDRE (Prop_fdre_C_Q)         0.367     3.291 r  u_taxi_ethernet_subsystem/u_taxi_eth_mac_mii_fifo/tx_fifo/fifo_inst/wr_ptr_sync_commit_reg_reg[0]/Q
                         net (fo=1, unplaced)         0.317     3.608    u_taxi_ethernet_subsystem/u_taxi_eth_mac_mii_fifo/tx_fifo/fifo_inst/wr_ptr_sync_commit_reg[0]
                         FDRE                                         r  u_taxi_ethernet_subsystem/u_taxi_eth_mac_mii_fifo/tx_fifo/fifo_inst/wr_ptr_commit_sync_reg_reg[0]/D
  -------------------------------------------------------------------    -------------------

                         (clock mii_tx_clk rise edge)
                                                      0.000     0.000 r  
    E3                                                0.000     0.000 r  CLK100MHZ (IN)
                         net (fo=0)                   0.000     0.000    CLK100MHZ
    E3                   IBUF (Prop_ibuf_I_O)         1.489     1.489 r  u_sys_clk_ibuf/O
                         net (fo=2, unplaced)         0.800     2.289    u_ethernet_clk_wiz/inst/sys_clk
                         BUFG (Prop_bufg_I_O)         0.096     2.385 r  u_ethernet_clk_wiz/inst/clkin1_bufg/O
                         net (fo=1, unplaced)         0.584     2.969    u_ethernet_clk_wiz/inst/sys_clk_ethernet_clk_wiz
                         MMCME2_ADV (Prop_mmcme2_adv_CLKIN1_CLKOUT0)
                                                     -1.480     1.489 r  u_ethernet_clk_wiz/inst/mmcm_adv_inst/CLKOUT0
                         net (fo=1, unplaced)         0.800     2.289    u_ethernet_clk_wiz/inst/rmii_ref_clk_ethernet_clk_wiz
                         BUFG (Prop_bufg_I_O)         0.096     2.385 r  u_ethernet_clk_wiz/inst/clkout1_buf/O
                         net (fo=29, unplaced)        0.584     2.969    u_ethernet_mii_rmii_bridge/u_rmii_phy_if/rmii_ref_clk
                         FDCE (Prop_fdce_C_Q)         0.456     3.425 r  u_ethernet_mii_rmii_bridge/u_rmii_phy_if/mac_mii_txc_reg/Q
                         net (fo=7, unplaced)         0.800     4.224    u_taxi_ethernet_subsystem/u_taxi_eth_mac_mii_fifo/eth_mac_mii_inst/mii_phy_if_inst/mii_tx_clk
                         BUFG (Prop_bufg_I_O)         0.271     4.495 r  u_taxi_ethernet_subsystem/u_taxi_eth_mac_mii_fifo/eth_mac_mii_inst/mii_phy_if_inst/mii_bufg_inst/O
                         net (fo=183, unplaced)       0.584     5.079    u_taxi_ethernet_subsystem/u_taxi_eth_mac_mii_fifo/tx_fifo/fifo_inst/tx_clk
                         FDRE                                         r  u_taxi_ethernet_subsystem/u_taxi_eth_mac_mii_fifo/tx_fifo/fifo_inst/wr_ptr_commit_sync_reg_reg[0]/C
                         clock pessimism             -0.071     5.009    
                         clock uncertainty            0.180     5.189    
                         FDRE (Hold_fdre_C_D)         0.056     5.245    u_taxi_ethernet_subsystem/u_taxi_eth_mac_mii_fifo/tx_fifo/fifo_inst/wr_ptr_commit_sync_reg_reg[0]
  -------------------------------------------------------------------
                         required time                         -5.245    
                         arrival time                           3.608    
  -------------------------------------------------------------------
                         slack                                 -1.637    





---------------------------------------------------------------------------------------------------
Path Group:  **async_default**
From Clock:  sys_clk_pin
  To Clock:  mii_rx_clk

Setup :            0  Failing Endpoints,  Worst Slack        9.719ns,  Total Violation        0.000ns
Hold  :            8  Failing Endpoints,  Worst Slack       -1.612ns,  Total Violation      -12.730ns
---------------------------------------------------------------------------------------------------


Max Delay Paths
--------------------------------------------------------------------------------------
Slack (MET) :             9.719ns  (required time - arrival time)
  Source:                 taxi_logic_rst_reg_reg/C
                            (rising edge-triggered cell FDRE clocked by sys_clk_pin  {rise@0.000ns fall@5.000ns period=10.000ns})
  Destination:            u_taxi_ethernet_subsystem/u_taxi_eth_mac_mii_fifo/rx_fifo/fifo_inst/s_reset_sync_inst/sync_reg_reg[0]/PRE
                            (recovery check against rising-edge clock mii_rx_clk  {rise@0.000ns fall@20.000ns period=40.000ns})
  Path Group:             **async_default**
  Path Type:              Recovery (Max at Fast Process Corner)
  Requirement:            10.000ns  (mii_rx_clk rise@40.000ns - sys_clk_pin rise@30.000ns)
  Data Path Delay:        0.364ns  (logic 0.175ns (48.133%)  route 0.189ns (51.867%))
  Logic Levels:           0  
  Clock Path Skew:        0.477ns (DCD - SCD + CPR)
    Destination Clock Delay (DCD):    1.472ns = ( 41.472 - 40.000 ) 
    Source Clock Delay      (SCD):    1.183ns = ( 31.183 - 30.000 ) 
    Clock Pessimism Removal (CPR):    0.188ns
  Clock Uncertainty:      0.180ns  ((TSJ^2 + DJ^2)^1/2) / 2 + PE
    Total System Jitter     (TSJ):    0.071ns
    Discrete Jitter          (DJ):    0.147ns
    Phase Error              (PE):    0.099ns

    Location             Delay type                Incr(ns)  Path(ns)    Netlist Resource(s)
  -------------------------------------------------------------------    -------------------
                         (clock sys_clk_pin rise edge)
                                                     30.000    30.000 r  
    E3                                                0.000    30.000 r  CLK100MHZ (IN)
                         net (fo=0)                   0.000    30.000    CLK100MHZ
    E3                   IBUF (Prop_ibuf_I_O)         0.445    30.445 r  u_sys_clk_ibuf/O
                         net (fo=2, unplaced)         0.355    30.799    sys_clk_ibuf
                         BUFG (Prop_bufg_I_O)         0.029    30.828 r  u_logic_clk_bufg/O
                         net (fo=906, unplaced)       0.355    31.183    logic_clk
                         FDRE                                         r  taxi_logic_rst_reg_reg/C
  -------------------------------------------------------------------    -------------------
                         FDRE (Prop_fdre_C_Q)         0.175    31.358 f  taxi_logic_rst_reg_reg/Q
                         net (fo=50, unplaced)        0.189    31.547    u_taxi_ethernet_subsystem/u_taxi_eth_mac_mii_fifo/rx_fifo/fifo_inst/s_reset_sync_inst/logic_rst
                         FDPE                                         f  u_taxi_ethernet_subsystem/u_taxi_eth_mac_mii_fifo/rx_fifo/fifo_inst/s_reset_sync_inst/sync_reg_reg[0]/PRE
  -------------------------------------------------------------------    -------------------

                         (clock mii_rx_clk rise edge)
                                                     40.000    40.000 r  
    E3                                                0.000    40.000 r  CLK100MHZ (IN)
                         net (fo=0)                   0.000    40.000    CLK100MHZ
    E3                   IBUF (Prop_ibuf_I_O)         0.257    40.257 r  u_sys_clk_ibuf/O
                         net (fo=2, unplaced)         0.337    40.594    u_ethernet_clk_wiz/inst/sys_clk
                         BUFG (Prop_bufg_I_O)         0.026    40.620 r  u_ethernet_clk_wiz/inst/clkin1_bufg/O
                         net (fo=1, unplaced)         0.114    40.734    u_ethernet_clk_wiz/inst/sys_clk_ethernet_clk_wiz
                         MMCME2_ADV (Prop_mmcme2_adv_CLKIN1_CLKOUT0)
                                                     -0.477    40.257 r  u_ethernet_clk_wiz/inst/mmcm_adv_inst/CLKOUT0
                         net (fo=1, unplaced)         0.337    40.594    u_ethernet_clk_wiz/inst/rmii_ref_clk_ethernet_clk_wiz
                         BUFG (Prop_bufg_I_O)         0.026    40.620 r  u_ethernet_clk_wiz/inst/clkout1_buf/O
                         net (fo=29, unplaced)        0.114    40.734    u_ethernet_mii_rmii_bridge/u_rmii_phy_if/rmii_ref_clk
                         FDCE (Prop_fdce_C_Q)         0.141    40.875 r  u_ethernet_mii_rmii_bridge/u_rmii_phy_if/mac_mii_rxc_reg/Q
                         net (fo=2, unplaced)         0.337    41.212    u_taxi_ethernet_subsystem/u_taxi_eth_mac_mii_fifo/eth_mac_mii_inst/mii_phy_if_inst/rx_ssio_sdr_inst/mii_rx_clk
                         BUFR (Prop_bufr_I_O)         0.146    41.358 r  u_taxi_ethernet_subsystem/u_taxi_eth_mac_mii_fifo/eth_mac_mii_inst/mii_phy_if_inst/rx_ssio_sdr_inst/clk_bufr/O
                         net (fo=8, unplaced)         0.114    41.472    u_taxi_ethernet_subsystem/u_taxi_eth_mac_mii_fifo/rx_fifo/fifo_inst/s_reset_sync_inst/CLK
                         FDPE                                         r  u_taxi_ethernet_subsystem/u_taxi_eth_mac_mii_fifo/rx_fifo/fifo_inst/s_reset_sync_inst/sync_reg_reg[0]/C
                         clock pessimism              0.188    41.660    
                         clock uncertainty           -0.180    41.480    
                         FDPE (Recov_fdpe_C_PRE)     -0.214    41.266    u_taxi_ethernet_subsystem/u_taxi_eth_mac_mii_fifo/rx_fifo/fifo_inst/s_reset_sync_inst/sync_reg_reg[0]
  -------------------------------------------------------------------
                         required time                         41.266    
                         arrival time                         -31.547    
  -------------------------------------------------------------------
                         slack                                  9.719    





Min Delay Paths
--------------------------------------------------------------------------------------
Slack (VIOLATED) :        -1.612ns  (arrival time - required time)
  Source:                 taxi_mac_rst_reg_reg/C
                            (rising edge-triggered cell FDRE clocked by sys_clk_pin  {rise@0.000ns fall@5.000ns period=10.000ns})
  Destination:            u_taxi_ethernet_subsystem/u_taxi_eth_mac_mii_fifo/eth_mac_mii_inst/mii_phy_if_inst/rx_reset_sync_inst/sync_reg_reg[0]/PRE
                            (removal check against rising-edge clock mii_rx_clk  {rise@0.000ns fall@20.000ns period=40.000ns})
  Path Group:             **async_default**
  Path Type:              Removal (Min at Slow Process Corner)
  Requirement:            0.000ns  (mii_rx_clk rise@0.000ns - sys_clk_pin rise@0.000ns)
  Data Path Delay:        0.729ns  (logic 0.367ns (50.346%)  route 0.362ns (49.654%))
  Logic Levels:           0  
  Clock Path Skew:        2.500ns (DCD - SCD - CPR)
    Destination Clock Delay (DCD):    5.494ns
    Source Clock Delay      (SCD):    2.924ns
    Clock Pessimism Removal (CPR):    0.071ns
  Clock Uncertainty:      0.180ns  ((TSJ^2 + DJ^2)^1/2) / 2 + PE
    Total System Jitter     (TSJ):    0.071ns
    Discrete Jitter          (DJ):    0.147ns
    Phase Error              (PE):    0.099ns

    Location             Delay type                Incr(ns)  Path(ns)    Netlist Resource(s)
  -------------------------------------------------------------------    -------------------
                         (clock sys_clk_pin rise edge)
                                                      0.000     0.000 r  
    E3                                                0.000     0.000 r  CLK100MHZ (IN)
                         net (fo=0)                   0.000     0.000    CLK100MHZ
    E3                   IBUF (Prop_ibuf_I_O)         1.418     1.418 r  u_sys_clk_ibuf/O
                         net (fo=2, unplaced)         0.760     2.178    sys_clk_ibuf
                         BUFG (Prop_bufg_I_O)         0.091     2.269 r  u_logic_clk_bufg/O
                         net (fo=906, unplaced)       0.655     2.924    logic_clk
                         FDRE                                         r  taxi_mac_rst_reg_reg/C
  -------------------------------------------------------------------    -------------------
                         FDRE (Prop_fdre_C_Q)         0.367     3.291 f  taxi_mac_rst_reg_reg/Q
                         net (fo=8, unplaced)         0.362     3.653    u_taxi_ethernet_subsystem/u_taxi_eth_mac_mii_fifo/eth_mac_mii_inst/mii_phy_if_inst/rx_reset_sync_inst/mac_rst
                         FDPE                                         f  u_taxi_ethernet_subsystem/u_taxi_eth_mac_mii_fifo/eth_mac_mii_inst/mii_phy_if_inst/rx_reset_sync_inst/sync_reg_reg[0]/PRE
  -------------------------------------------------------------------    -------------------

                         (clock mii_rx_clk rise edge)
                                                      0.000     0.000 r  
    E3                                                0.000     0.000 r  CLK100MHZ (IN)
                         net (fo=0)                   0.000     0.000    CLK100MHZ
    E3                   IBUF (Prop_ibuf_I_O)         1.489     1.489 r  u_sys_clk_ibuf/O
                         net (fo=2, unplaced)         0.800     2.289    u_ethernet_clk_wiz/inst/sys_clk
                         BUFG (Prop_bufg_I_O)         0.096     2.385 r  u_ethernet_clk_wiz/inst/clkin1_bufg/O
                         net (fo=1, unplaced)         0.584     2.969    u_ethernet_clk_wiz/inst/sys_clk_ethernet_clk_wiz
                         MMCME2_ADV (Prop_mmcme2_adv_CLKIN1_CLKOUT0)
                                                     -1.480     1.489 r  u_ethernet_clk_wiz/inst/mmcm_adv_inst/CLKOUT0
                         net (fo=1, unplaced)         0.800     2.289    u_ethernet_clk_wiz/inst/rmii_ref_clk_ethernet_clk_wiz
                         BUFG (Prop_bufg_I_O)         0.096     2.385 r  u_ethernet_clk_wiz/inst/clkout1_buf/O
                         net (fo=29, unplaced)        0.584     2.969    u_ethernet_mii_rmii_bridge/u_rmii_phy_if/rmii_ref_clk
                         FDCE (Prop_fdce_C_Q)         0.456     3.425 r  u_ethernet_mii_rmii_bridge/u_rmii_phy_if/mac_mii_rxc_reg/Q
                         net (fo=2, unplaced)         0.800     4.224    u_taxi_ethernet_subsystem/u_taxi_eth_mac_mii_fifo/eth_mac_mii_inst/mii_phy_if_inst/rx_ssio_sdr_inst/mii_rx_clk
                         BUFR (Prop_bufr_I_O)         0.686     4.910 r  u_taxi_ethernet_subsystem/u_taxi_eth_mac_mii_fifo/eth_mac_mii_inst/mii_phy_if_inst/rx_ssio_sdr_inst/clk_bufr/O
                         net (fo=8, unplaced)         0.584     5.494    u_taxi_ethernet_subsystem/u_taxi_eth_mac_mii_fifo/eth_mac_mii_inst/mii_phy_if_inst/rx_reset_sync_inst/CLK
                         FDPE                                         r  u_taxi_ethernet_subsystem/u_taxi_eth_mac_mii_fifo/eth_mac_mii_inst/mii_phy_if_inst/rx_reset_sync_inst/sync_reg_reg[0]/C
                         clock pessimism             -0.071     5.424    
                         clock uncertainty            0.180     5.604    
                         FDPE (Remov_fdpe_C_PRE)     -0.339     5.265    u_taxi_ethernet_subsystem/u_taxi_eth_mac_mii_fifo/eth_mac_mii_inst/mii_phy_if_inst/rx_reset_sync_inst/sync_reg_reg[0]
  -------------------------------------------------------------------
                         required time                         -5.265    
                         arrival time                           3.653    
  -------------------------------------------------------------------
                         slack                                 -1.612    





---------------------------------------------------------------------------------------------------
Path Group:  **async_default**
From Clock:  mii_tx_clk
  To Clock:  mii_tx_clk

Setup :            0  Failing Endpoints,  Worst Slack       38.291ns,  Total Violation        0.000ns
Hold  :            0  Failing Endpoints,  Worst Slack        0.328ns,  Total Violation        0.000ns
---------------------------------------------------------------------------------------------------


Max Delay Paths
--------------------------------------------------------------------------------------
Slack (MET) :             38.291ns  (required time - arrival time)
  Source:                 u_taxi_ethernet_subsystem/u_taxi_eth_mac_mii_fifo/eth_mac_mii_inst/mii_phy_if_inst/tx_reset_sync_inst/sync_reg_reg[3]/C
                            (rising edge-triggered cell FDPE clocked by mii_tx_clk  {rise@0.000ns fall@20.000ns period=40.000ns})
  Destination:            u_taxi_ethernet_subsystem/u_taxi_eth_mac_mii_fifo/tx_sync_reg_1_reg[0]/CLR
                            (recovery check against rising-edge clock mii_tx_clk  {rise@0.000ns fall@20.000ns period=40.000ns})
  Path Group:             **async_default**
  Path Type:              Recovery (Max at Slow Process Corner)
  Requirement:            40.000ns  (mii_tx_clk rise@40.000ns - mii_tx_clk rise@0.000ns)
  Data Path Delay:        0.902ns  (logic 0.478ns (52.993%)  route 0.424ns (47.007%))
  Logic Levels:           0  
  Clock Path Skew:        -0.145ns (DCD - SCD + CPR)
    Destination Clock Delay (DCD):    4.506ns = ( 44.506 - 40.000 ) 
    Source Clock Delay      (SCD):    5.079ns
    Clock Pessimism Removal (CPR):    0.429ns
  Clock Uncertainty:      0.082ns  ((TSJ^2 + DJ^2)^1/2) / 2 + PE
    Total System Jitter     (TSJ):    0.071ns
    Discrete Jitter          (DJ):    0.147ns
    Phase Error              (PE):    0.000ns

    Location             Delay type                Incr(ns)  Path(ns)    Netlist Resource(s)
  -------------------------------------------------------------------    -------------------
                         (clock mii_tx_clk rise edge)
                                                      0.000     0.000 r  
    E3                                                0.000     0.000 r  CLK100MHZ (IN)
                         net (fo=0)                   0.000     0.000    CLK100MHZ
    E3                   IBUF (Prop_ibuf_I_O)         1.489     1.489 r  u_sys_clk_ibuf/O
                         net (fo=2, unplaced)         0.800     2.289    u_ethernet_clk_wiz/inst/sys_clk
                         BUFG (Prop_bufg_I_O)         0.096     2.385 r  u_ethernet_clk_wiz/inst/clkin1_bufg/O
                         net (fo=1, unplaced)         0.584     2.969    u_ethernet_clk_wiz/inst/sys_clk_ethernet_clk_wiz
                         MMCME2_ADV (Prop_mmcme2_adv_CLKIN1_CLKOUT0)
                                                     -1.480     1.489 r  u_ethernet_clk_wiz/inst/mmcm_adv_inst/CLKOUT0
                         net (fo=1, unplaced)         0.800     2.289    u_ethernet_clk_wiz/inst/rmii_ref_clk_ethernet_clk_wiz
                         BUFG (Prop_bufg_I_O)         0.096     2.385 r  u_ethernet_clk_wiz/inst/clkout1_buf/O
                         net (fo=29, unplaced)        0.584     2.969    u_ethernet_mii_rmii_bridge/u_rmii_phy_if/rmii_ref_clk
                         FDCE (Prop_fdce_C_Q)         0.456     3.425 r  u_ethernet_mii_rmii_bridge/u_rmii_phy_if/mac_mii_txc_reg/Q
                         net (fo=7, unplaced)         0.800     4.224    u_taxi_ethernet_subsystem/u_taxi_eth_mac_mii_fifo/eth_mac_mii_inst/mii_phy_if_inst/mii_tx_clk
                         BUFG (Prop_bufg_I_O)         0.271     4.495 r  u_taxi_ethernet_subsystem/u_taxi_eth_mac_mii_fifo/eth_mac_mii_inst/mii_phy_if_inst/mii_bufg_inst/O
                         net (fo=183, unplaced)       0.584     5.079    u_taxi_ethernet_subsystem/u_taxi_eth_mac_mii_fifo/eth_mac_mii_inst/mii_phy_if_inst/tx_reset_sync_inst/CLK
                         FDPE                                         r  u_taxi_ethernet_subsystem/u_taxi_eth_mac_mii_fifo/eth_mac_mii_inst/mii_phy_if_inst/tx_reset_sync_inst/sync_reg_reg[3]/C
  -------------------------------------------------------------------    -------------------
                         FDPE (Prop_fdpe_C_Q)         0.478     5.557 f  u_taxi_ethernet_subsystem/u_taxi_eth_mac_mii_fifo/eth_mac_mii_inst/mii_phy_if_inst/tx_reset_sync_inst/sync_reg_reg[3]/Q
                         net (fo=47, unplaced)        0.424     5.981    u_taxi_ethernet_subsystem/u_taxi_eth_mac_mii_fifo/tx_rst
                         FDCE                                         f  u_taxi_ethernet_subsystem/u_taxi_eth_mac_mii_fifo/tx_sync_reg_1_reg[0]/CLR
  -------------------------------------------------------------------    -------------------

                         (clock mii_tx_clk rise edge)
                                                     40.000    40.000 r  
    E3                                                0.000    40.000 r  CLK100MHZ (IN)
                         net (fo=0)                   0.000    40.000    CLK100MHZ
    E3                   IBUF (Prop_ibuf_I_O)         1.418    41.418 r  u_sys_clk_ibuf/O
                         net (fo=2, unplaced)         0.760    42.178    u_ethernet_clk_wiz/inst/sys_clk
                         BUFG (Prop_bufg_I_O)         0.091    42.269 r  u_ethernet_clk_wiz/inst/clkin1_bufg/O
                         net (fo=1, unplaced)         0.439    42.708    u_ethernet_clk_wiz/inst/sys_clk_ethernet_clk_wiz
                         MMCME2_ADV (Prop_mmcme2_adv_CLKIN1_CLKOUT0)
                                                     -1.290    41.418 r  u_ethernet_clk_wiz/inst/mmcm_adv_inst/CLKOUT0
                         net (fo=1, unplaced)         0.760    42.178    u_ethernet_clk_wiz/inst/rmii_ref_clk_ethernet_clk_wiz
                         BUFG (Prop_bufg_I_O)         0.091    42.269 r  u_ethernet_clk_wiz/inst/clkout1_buf/O
                         net (fo=29, unplaced)        0.439    42.708    u_ethernet_mii_rmii_bridge/u_rmii_phy_if/rmii_ref_clk
                         FDCE (Prop_fdce_C_Q)         0.367    43.075 r  u_ethernet_mii_rmii_bridge/u_rmii_phy_if/mac_mii_txc_reg/Q
                         net (fo=7, unplaced)         0.760    43.835    u_taxi_ethernet_subsystem/u_taxi_eth_mac_mii_fifo/eth_mac_mii_inst/mii_phy_if_inst/mii_tx_clk
                         BUFG (Prop_bufg_I_O)         0.232    44.067 r  u_taxi_ethernet_subsystem/u_taxi_eth_mac_mii_fifo/eth_mac_mii_inst/mii_phy_if_inst/mii_bufg_inst/O
                         net (fo=183, unplaced)       0.439    44.506    u_taxi_ethernet_subsystem/u_taxi_eth_mac_mii_fifo/tx_clk
                         FDCE                                         r  u_taxi_ethernet_subsystem/u_taxi_eth_mac_mii_fifo/tx_sync_reg_1_reg[0]/C
                         clock pessimism              0.429    44.934    
                         clock uncertainty           -0.082    44.853    
                         FDCE (Recov_fdce_C_CLR)     -0.580    44.273    u_taxi_ethernet_subsystem/u_taxi_eth_mac_mii_fifo/tx_sync_reg_1_reg[0]
  -------------------------------------------------------------------
                         required time                         44.273    
                         arrival time                          -5.981    
  -------------------------------------------------------------------
                         slack                                 38.291    





Min Delay Paths
--------------------------------------------------------------------------------------
Slack (MET) :             0.328ns  (arrival time - required time)
  Source:                 u_taxi_ethernet_subsystem/u_taxi_eth_mac_mii_fifo/eth_mac_mii_inst/mii_phy_if_inst/tx_reset_sync_inst/sync_reg_reg[3]/C
                            (rising edge-triggered cell FDPE clocked by mii_tx_clk  {rise@0.000ns fall@20.000ns period=40.000ns})
  Destination:            u_taxi_ethernet_subsystem/u_taxi_eth_mac_mii_fifo/tx_sync_reg_1_reg[0]/CLR
                            (removal check against rising-edge clock mii_tx_clk  {rise@0.000ns fall@20.000ns period=40.000ns})
  Path Group:             **async_default**
  Path Type:              Removal (Min at Fast Process Corner)
  Requirement:            0.000ns  (mii_tx_clk rise@0.000ns - mii_tx_clk rise@0.000ns)
  Data Path Delay:        0.326ns  (logic 0.147ns (45.130%)  route 0.179ns (54.870%))
  Logic Levels:           0  
  Clock Path Skew:        0.145ns (DCD - SCD - CPR)
    Destination Clock Delay (DCD):    1.973ns
    Source Clock Delay      (SCD):    1.406ns
    Clock Pessimism Removal (CPR):    0.422ns

    Location             Delay type                Incr(ns)  Path(ns)    Netlist Resource(s)
  -------------------------------------------------------------------    -------------------
                         (clock mii_tx_clk rise edge)
                                                      0.000     0.000 r  
    E3                                                0.000     0.000 r  CLK100MHZ (IN)
                         net (fo=0)                   0.000     0.000    CLK100MHZ
    E3                   IBUF (Prop_ibuf_I_O)         0.257     0.257 r  u_sys_clk_ibuf/O
                         net (fo=2, unplaced)         0.337     0.594    u_ethernet_clk_wiz/inst/sys_clk
                         BUFG (Prop_bufg_I_O)         0.026     0.620 r  u_ethernet_clk_wiz/inst/clkin1_bufg/O
                         net (fo=1, unplaced)         0.114     0.734    u_ethernet_clk_wiz/inst/sys_clk_ethernet_clk_wiz
                         MMCME2_ADV (Prop_mmcme2_adv_CLKIN1_CLKOUT0)
                                                     -0.477     0.257 r  u_ethernet_clk_wiz/inst/mmcm_adv_inst/CLKOUT0
                         net (fo=1, unplaced)         0.337     0.594    u_ethernet_clk_wiz/inst/rmii_ref_clk_ethernet_clk_wiz
                         BUFG (Prop_bufg_I_O)         0.026     0.620 r  u_ethernet_clk_wiz/inst/clkout1_buf/O
                         net (fo=29, unplaced)        0.114     0.734    u_ethernet_mii_rmii_bridge/u_rmii_phy_if/rmii_ref_clk
                         FDCE (Prop_fdce_C_Q)         0.141     0.875 r  u_ethernet_mii_rmii_bridge/u_rmii_phy_if/mac_mii_txc_reg/Q
                         net (fo=7, unplaced)         0.337     1.212    u_taxi_ethernet_subsystem/u_taxi_eth_mac_mii_fifo/eth_mac_mii_inst/mii_phy_if_inst/mii_tx_clk
                         BUFG (Prop_bufg_I_O)         0.080     1.292 r  u_taxi_ethernet_subsystem/u_taxi_eth_mac_mii_fifo/eth_mac_mii_inst/mii_phy_if_inst/mii_bufg_inst/O
                         net (fo=183, unplaced)       0.114     1.406    u_taxi_ethernet_subsystem/u_taxi_eth_mac_mii_fifo/eth_mac_mii_inst/mii_phy_if_inst/tx_reset_sync_inst/CLK
                         FDPE                                         r  u_taxi_ethernet_subsystem/u_taxi_eth_mac_mii_fifo/eth_mac_mii_inst/mii_phy_if_inst/tx_reset_sync_inst/sync_reg_reg[3]/C
  -------------------------------------------------------------------    -------------------
                         FDPE (Prop_fdpe_C_Q)         0.147     1.553 f  u_taxi_ethernet_subsystem/u_taxi_eth_mac_mii_fifo/eth_mac_mii_inst/mii_phy_if_inst/tx_reset_sync_inst/sync_reg_reg[3]/Q
                         net (fo=47, unplaced)        0.179     1.732    u_taxi_ethernet_subsystem/u_taxi_eth_mac_mii_fifo/tx_rst
                         FDCE                                         f  u_taxi_ethernet_subsystem/u_taxi_eth_mac_mii_fifo/tx_sync_reg_1_reg[0]/CLR
  -------------------------------------------------------------------    -------------------

                         (clock mii_tx_clk rise edge)
                                                      0.000     0.000 r  
    E3                                                0.000     0.000 r  CLK100MHZ (IN)
                         net (fo=0)                   0.000     0.000    CLK100MHZ
    E3                   IBUF (Prop_ibuf_I_O)         0.445     0.445 r  u_sys_clk_ibuf/O
                         net (fo=2, unplaced)         0.355     0.799    u_ethernet_clk_wiz/inst/sys_clk
                         BUFG (Prop_bufg_I_O)         0.029     0.828 r  u_ethernet_clk_wiz/inst/clkin1_bufg/O
                         net (fo=1, unplaced)         0.259     1.087    u_ethernet_clk_wiz/inst/sys_clk_ethernet_clk_wiz
                         MMCME2_ADV (Prop_mmcme2_adv_CLKIN1_CLKOUT0)
                                                     -0.643     0.445 r  u_ethernet_clk_wiz/inst/mmcm_adv_inst/CLKOUT0
                         net (fo=1, unplaced)         0.355     0.799    u_ethernet_clk_wiz/inst/rmii_ref_clk_ethernet_clk_wiz
                         BUFG (Prop_bufg_I_O)         0.029     0.828 r  u_ethernet_clk_wiz/inst/clkout1_buf/O
                         net (fo=29, unplaced)        0.259     1.087    u_ethernet_mii_rmii_bridge/u_rmii_phy_if/rmii_ref_clk
                         FDCE (Prop_fdce_C_Q)         0.175     1.262 r  u_ethernet_mii_rmii_bridge/u_rmii_phy_if/mac_mii_txc_reg/Q
                         net (fo=7, unplaced)         0.355     1.617    u_taxi_ethernet_subsystem/u_taxi_eth_mac_mii_fifo/eth_mac_mii_inst/mii_phy_if_inst/mii_tx_clk
                         BUFG (Prop_bufg_I_O)         0.097     1.714 r  u_taxi_ethernet_subsystem/u_taxi_eth_mac_mii_fifo/eth_mac_mii_inst/mii_phy_if_inst/mii_bufg_inst/O
                         net (fo=183, unplaced)       0.259     1.973    u_taxi_ethernet_subsystem/u_taxi_eth_mac_mii_fifo/tx_clk
                         FDCE                                         r  u_taxi_ethernet_subsystem/u_taxi_eth_mac_mii_fifo/tx_sync_reg_1_reg[0]/C
                         clock pessimism             -0.422     1.551    
                         FDCE (Remov_fdce_C_CLR)     -0.147     1.404    u_taxi_ethernet_subsystem/u_taxi_eth_mac_mii_fifo/tx_sync_reg_1_reg[0]
  -------------------------------------------------------------------
                         required time                         -1.404    
                         arrival time                           1.732    
  -------------------------------------------------------------------
                         slack                                  0.328    





---------------------------------------------------------------------------------------------------
Path Group:  **async_default**
From Clock:  sys_clk_pin
  To Clock:  mii_tx_clk

Setup :            0  Failing Endpoints,  Worst Slack        9.653ns,  Total Violation        0.000ns
Hold  :            4  Failing Endpoints,  Worst Slack       -1.155ns,  Total Violation       -4.622ns
---------------------------------------------------------------------------------------------------


Max Delay Paths
--------------------------------------------------------------------------------------
Slack (MET) :             9.653ns  (required time - arrival time)
  Source:                 taxi_logic_rst_reg_reg/C
                            (rising edge-triggered cell FDRE clocked by sys_clk_pin  {rise@0.000ns fall@5.000ns period=10.000ns})
  Destination:            u_taxi_ethernet_subsystem/u_taxi_eth_mac_mii_fifo/tx_cpl_fifo/s_reset_sync_inst/sync_reg_reg[0]/PRE
                            (recovery check against rising-edge clock mii_tx_clk  {rise@0.000ns fall@20.000ns period=40.000ns})
  Path Group:             **async_default**
  Path Type:              Recovery (Max at Fast Process Corner)
  Requirement:            10.000ns  (mii_tx_clk rise@40.000ns - sys_clk_pin rise@30.000ns)
  Data Path Delay:        0.364ns  (logic 0.175ns (48.133%)  route 0.189ns (51.867%))
  Logic Levels:           0  
  Clock Path Skew:        0.411ns (DCD - SCD + CPR)
    Destination Clock Delay (DCD):    1.406ns = ( 41.406 - 40.000 ) 
    Source Clock Delay      (SCD):    1.183ns = ( 31.183 - 30.000 ) 
    Clock Pessimism Removal (CPR):    0.188ns
  Clock Uncertainty:      0.180ns  ((TSJ^2 + DJ^2)^1/2) / 2 + PE
    Total System Jitter     (TSJ):    0.071ns
    Discrete Jitter          (DJ):    0.147ns
    Phase Error              (PE):    0.099ns

    Location             Delay type                Incr(ns)  Path(ns)    Netlist Resource(s)
  -------------------------------------------------------------------    -------------------
                         (clock sys_clk_pin rise edge)
                                                     30.000    30.000 r  
    E3                                                0.000    30.000 r  CLK100MHZ (IN)
                         net (fo=0)                   0.000    30.000    CLK100MHZ
    E3                   IBUF (Prop_ibuf_I_O)         0.445    30.445 r  u_sys_clk_ibuf/O
                         net (fo=2, unplaced)         0.355    30.799    sys_clk_ibuf
                         BUFG (Prop_bufg_I_O)         0.029    30.828 r  u_logic_clk_bufg/O
                         net (fo=906, unplaced)       0.355    31.183    logic_clk
                         FDRE                                         r  taxi_logic_rst_reg_reg/C
  -------------------------------------------------------------------    -------------------
                         FDRE (Prop_fdre_C_Q)         0.175    31.358 f  taxi_logic_rst_reg_reg/Q
                         net (fo=50, unplaced)        0.189    31.547    u_taxi_ethernet_subsystem/u_taxi_eth_mac_mii_fifo/tx_cpl_fifo/s_reset_sync_inst/logic_rst
                         FDPE                                         f  u_taxi_ethernet_subsystem/u_taxi_eth_mac_mii_fifo/tx_cpl_fifo/s_reset_sync_inst/sync_reg_reg[0]/PRE
  -------------------------------------------------------------------    -------------------

                         (clock mii_tx_clk rise edge)
                                                     40.000    40.000 r  
    E3                                                0.000    40.000 r  CLK100MHZ (IN)
                         net (fo=0)                   0.000    40.000    CLK100MHZ
    E3                   IBUF (Prop_ibuf_I_O)         0.257    40.257 r  u_sys_clk_ibuf/O
                         net (fo=2, unplaced)         0.337    40.594    u_ethernet_clk_wiz/inst/sys_clk
                         BUFG (Prop_bufg_I_O)         0.026    40.620 r  u_ethernet_clk_wiz/inst/clkin1_bufg/O
                         net (fo=1, unplaced)         0.114    40.734    u_ethernet_clk_wiz/inst/sys_clk_ethernet_clk_wiz
                         MMCME2_ADV (Prop_mmcme2_adv_CLKIN1_CLKOUT0)
                                                     -0.477    40.257 r  u_ethernet_clk_wiz/inst/mmcm_adv_inst/CLKOUT0
                         net (fo=1, unplaced)         0.337    40.594    u_ethernet_clk_wiz/inst/rmii_ref_clk_ethernet_clk_wiz
                         BUFG (Prop_bufg_I_O)         0.026    40.620 r  u_ethernet_clk_wiz/inst/clkout1_buf/O
                         net (fo=29, unplaced)        0.114    40.734    u_ethernet_mii_rmii_bridge/u_rmii_phy_if/rmii_ref_clk
                         FDCE (Prop_fdce_C_Q)         0.141    40.875 r  u_ethernet_mii_rmii_bridge/u_rmii_phy_if/mac_mii_txc_reg/Q
                         net (fo=7, unplaced)         0.337    41.212    u_taxi_ethernet_subsystem/u_taxi_eth_mac_mii_fifo/eth_mac_mii_inst/mii_phy_if_inst/mii_tx_clk
                         BUFG (Prop_bufg_I_O)         0.080    41.292 r  u_taxi_ethernet_subsystem/u_taxi_eth_mac_mii_fifo/eth_mac_mii_inst/mii_phy_if_inst/mii_bufg_inst/O
                         net (fo=183, unplaced)       0.114    41.406    u_taxi_ethernet_subsystem/u_taxi_eth_mac_mii_fifo/tx_cpl_fifo/s_reset_sync_inst/tx_clk
                         FDPE                                         r  u_taxi_ethernet_subsystem/u_taxi_eth_mac_mii_fifo/tx_cpl_fifo/s_reset_sync_inst/sync_reg_reg[0]/C
                         clock pessimism              0.188    41.594    
                         clock uncertainty           -0.180    41.414    
                         FDPE (Recov_fdpe_C_PRE)     -0.214    41.200    u_taxi_ethernet_subsystem/u_taxi_eth_mac_mii_fifo/tx_cpl_fifo/s_reset_sync_inst/sync_reg_reg[0]
  -------------------------------------------------------------------
                         required time                         41.200    
                         arrival time                         -31.547    
  -------------------------------------------------------------------
                         slack                                  9.653    





Min Delay Paths
--------------------------------------------------------------------------------------
Slack (VIOLATED) :        -1.155ns  (arrival time - required time)
  Source:                 taxi_logic_rst_reg_reg/C
                            (rising edge-triggered cell FDRE clocked by sys_clk_pin  {rise@0.000ns fall@5.000ns period=10.000ns})
  Destination:            u_taxi_ethernet_subsystem/u_taxi_eth_mac_mii_fifo/tx_cpl_fifo/s_reset_sync_inst/sync_reg_reg[0]/PRE
                            (removal check against rising-edge clock mii_tx_clk  {rise@0.000ns fall@20.000ns period=40.000ns})
  Path Group:             **async_default**
  Path Type:              Removal (Min at Slow Process Corner)
  Requirement:            0.000ns  (mii_tx_clk rise@0.000ns - sys_clk_pin rise@0.000ns)
  Data Path Delay:        0.771ns  (logic 0.367ns (47.616%)  route 0.404ns (52.384%))
  Logic Levels:           0  
  Clock Path Skew:        2.085ns (DCD - SCD - CPR)
    Destination Clock Delay (DCD):    5.079ns
    Source Clock Delay      (SCD):    2.924ns
    Clock Pessimism Removal (CPR):    0.071ns
  Clock Uncertainty:      0.180ns  ((TSJ^2 + DJ^2)^1/2) / 2 + PE
    Total System Jitter     (TSJ):    0.071ns
    Discrete Jitter          (DJ):    0.147ns
    Phase Error              (PE):    0.099ns

    Location             Delay type                Incr(ns)  Path(ns)    Netlist Resource(s)
  -------------------------------------------------------------------    -------------------
                         (clock sys_clk_pin rise edge)
                                                      0.000     0.000 r  
    E3                                                0.000     0.000 r  CLK100MHZ (IN)
                         net (fo=0)                   0.000     0.000    CLK100MHZ
    E3                   IBUF (Prop_ibuf_I_O)         1.418     1.418 r  u_sys_clk_ibuf/O
                         net (fo=2, unplaced)         0.760     2.178    sys_clk_ibuf
                         BUFG (Prop_bufg_I_O)         0.091     2.269 r  u_logic_clk_bufg/O
                         net (fo=906, unplaced)       0.655     2.924    logic_clk
                         FDRE                                         r  taxi_logic_rst_reg_reg/C
  -------------------------------------------------------------------    -------------------
                         FDRE (Prop_fdre_C_Q)         0.367     3.291 f  taxi_logic_rst_reg_reg/Q
                         net (fo=50, unplaced)        0.404     3.694    u_taxi_ethernet_subsystem/u_taxi_eth_mac_mii_fifo/tx_cpl_fifo/s_reset_sync_inst/logic_rst
                         FDPE                                         f  u_taxi_ethernet_subsystem/u_taxi_eth_mac_mii_fifo/tx_cpl_fifo/s_reset_sync_inst/sync_reg_reg[0]/PRE
  -------------------------------------------------------------------    -------------------

                         (clock mii_tx_clk rise edge)
                                                      0.000     0.000 r  
    E3                                                0.000     0.000 r  CLK100MHZ (IN)
                         net (fo=0)                   0.000     0.000    CLK100MHZ
    E3                   IBUF (Prop_ibuf_I_O)         1.489     1.489 r  u_sys_clk_ibuf/O
                         net (fo=2, unplaced)         0.800     2.289    u_ethernet_clk_wiz/inst/sys_clk
                         BUFG (Prop_bufg_I_O)         0.096     2.385 r  u_ethernet_clk_wiz/inst/clkin1_bufg/O
                         net (fo=1, unplaced)         0.584     2.969    u_ethernet_clk_wiz/inst/sys_clk_ethernet_clk_wiz
                         MMCME2_ADV (Prop_mmcme2_adv_CLKIN1_CLKOUT0)
                                                     -1.480     1.489 r  u_ethernet_clk_wiz/inst/mmcm_adv_inst/CLKOUT0
                         net (fo=1, unplaced)         0.800     2.289    u_ethernet_clk_wiz/inst/rmii_ref_clk_ethernet_clk_wiz
                         BUFG (Prop_bufg_I_O)         0.096     2.385 r  u_ethernet_clk_wiz/inst/clkout1_buf/O
                         net (fo=29, unplaced)        0.584     2.969    u_ethernet_mii_rmii_bridge/u_rmii_phy_if/rmii_ref_clk
                         FDCE (Prop_fdce_C_Q)         0.456     3.425 r  u_ethernet_mii_rmii_bridge/u_rmii_phy_if/mac_mii_txc_reg/Q
                         net (fo=7, unplaced)         0.800     4.224    u_taxi_ethernet_subsystem/u_taxi_eth_mac_mii_fifo/eth_mac_mii_inst/mii_phy_if_inst/mii_tx_clk
                         BUFG (Prop_bufg_I_O)         0.271     4.495 r  u_taxi_ethernet_subsystem/u_taxi_eth_mac_mii_fifo/eth_mac_mii_inst/mii_phy_if_inst/mii_bufg_inst/O
                         net (fo=183, unplaced)       0.584     5.079    u_taxi_ethernet_subsystem/u_taxi_eth_mac_mii_fifo/tx_cpl_fifo/s_reset_sync_inst/tx_clk
                         FDPE                                         r  u_taxi_ethernet_subsystem/u_taxi_eth_mac_mii_fifo/tx_cpl_fifo/s_reset_sync_inst/sync_reg_reg[0]/C
                         clock pessimism             -0.071     5.009    
                         clock uncertainty            0.180     5.189    
                         FDPE (Remov_fdpe_C_PRE)     -0.339     4.850    u_taxi_ethernet_subsystem/u_taxi_eth_mac_mii_fifo/tx_cpl_fifo/s_reset_sync_inst/sync_reg_reg[0]
  -------------------------------------------------------------------
                         required time                         -4.850    
                         arrival time                           3.694    
  -------------------------------------------------------------------
                         slack                                 -1.155    





---------------------------------------------------------------------------------------------------
Path Group:  **async_default**
From Clock:  rmii_ref_clk_ethernet_clk_wiz
  To Clock:  rmii_ref_clk_ethernet_clk_wiz

Setup :            0  Failing Endpoints,  Worst Slack       18.329ns,  Total Violation        0.000ns
Hold  :            0  Failing Endpoints,  Worst Slack        0.310ns,  Total Violation        0.000ns
---------------------------------------------------------------------------------------------------


Max Delay Paths
--------------------------------------------------------------------------------------
Slack (MET) :             18.329ns  (required time - arrival time)
  Source:                 u_ethernet_mii_rmii_bridge/rmii_reset_sync_reg[3]/C
                            (rising edge-triggered cell FDPE clocked by rmii_ref_clk_ethernet_clk_wiz  {rise@0.000ns fall@10.000ns period=20.000ns})
  Destination:            u_ethernet_mii_rmii_bridge/u_rmii_phy_if/mode_speed_r_reg/CLR
                            (recovery check against rising-edge clock rmii_ref_clk_ethernet_clk_wiz  {rise@0.000ns fall@10.000ns period=20.000ns})
  Path Group:             **async_default**
  Path Type:              Recovery (Max at Slow Process Corner)
  Requirement:            20.000ns  (rmii_ref_clk_ethernet_clk_wiz rise@20.000ns - rmii_ref_clk_ethernet_clk_wiz rise@0.000ns)
  Data Path Delay:        0.864ns  (logic 0.478ns (55.324%)  route 0.386ns (44.676%))
  Logic Levels:           0  
  Clock Path Skew:        -0.145ns (DCD - SCD + CPR)
    Destination Clock Delay (DCD):    2.708ns = ( 22.708 - 20.000 ) 
    Source Clock Delay      (SCD):    2.969ns
    Clock Pessimism Removal (CPR):    0.116ns
  Clock Uncertainty:      0.082ns  ((TSJ^2 + DJ^2)^1/2) / 2 + PE
    Total System Jitter     (TSJ):    0.071ns
    Discrete Jitter          (DJ):    0.147ns
    Phase Error              (PE):    0.000ns

    Location             Delay type                Incr(ns)  Path(ns)    Netlist Resource(s)
  -------------------------------------------------------------------    -------------------
                         (clock rmii_ref_clk_ethernet_clk_wiz rise edge)
                                                      0.000     0.000 r  
    E3                                                0.000     0.000 r  CLK100MHZ (IN)
                         net (fo=0)                   0.000     0.000    CLK100MHZ
    E3                   IBUF (Prop_ibuf_I_O)         1.489     1.489 r  u_sys_clk_ibuf/O
                         net (fo=2, unplaced)         0.800     2.289    u_ethernet_clk_wiz/inst/sys_clk
                         BUFG (Prop_bufg_I_O)         0.096     2.385 r  u_ethernet_clk_wiz/inst/clkin1_bufg/O
                         net (fo=1, unplaced)         0.584     2.969    u_ethernet_clk_wiz/inst/sys_clk_ethernet_clk_wiz
                         MMCME2_ADV (Prop_mmcme2_adv_CLKIN1_CLKOUT0)
                                                     -1.480     1.489 r  u_ethernet_clk_wiz/inst/mmcm_adv_inst/CLKOUT0
                         net (fo=1, unplaced)         0.800     2.289    u_ethernet_clk_wiz/inst/rmii_ref_clk_ethernet_clk_wiz
                         BUFG (Prop_bufg_I_O)         0.096     2.385 r  u_ethernet_clk_wiz/inst/clkout1_buf/O
                         net (fo=29, unplaced)        0.584     2.969    u_ethernet_mii_rmii_bridge/rmii_ref_clk
                         FDPE                                         r  u_ethernet_mii_rmii_bridge/rmii_reset_sync_reg[3]/C
  -------------------------------------------------------------------    -------------------
                         FDPE (Prop_fdpe_C_Q)         0.478     3.447 f  u_ethernet_mii_rmii_bridge/rmii_reset_sync_reg[3]/Q
                         net (fo=10, unplaced)        0.386     3.833    u_ethernet_mii_rmii_bridge/u_rmii_phy_if/out[0]
                         FDCE                                         f  u_ethernet_mii_rmii_bridge/u_rmii_phy_if/mode_speed_r_reg/CLR
  -------------------------------------------------------------------    -------------------

                         (clock rmii_ref_clk_ethernet_clk_wiz rise edge)
                                                     20.000    20.000 r  
    E3                                                0.000    20.000 r  CLK100MHZ (IN)
                         net (fo=0)                   0.000    20.000    CLK100MHZ
    E3                   IBUF (Prop_ibuf_I_O)         1.418    21.418 r  u_sys_clk_ibuf/O
                         net (fo=2, unplaced)         0.760    22.178    u_ethernet_clk_wiz/inst/sys_clk
                         BUFG (Prop_bufg_I_O)         0.091    22.269 r  u_ethernet_clk_wiz/inst/clkin1_bufg/O
                         net (fo=1, unplaced)         0.439    22.708    u_ethernet_clk_wiz/inst/sys_clk_ethernet_clk_wiz
                         MMCME2_ADV (Prop_mmcme2_adv_CLKIN1_CLKOUT0)
                                                     -1.290    21.418 r  u_ethernet_clk_wiz/inst/mmcm_adv_inst/CLKOUT0
                         net (fo=1, unplaced)         0.760    22.178    u_ethernet_clk_wiz/inst/rmii_ref_clk_ethernet_clk_wiz
                         BUFG (Prop_bufg_I_O)         0.091    22.269 r  u_ethernet_clk_wiz/inst/clkout1_buf/O
                         net (fo=29, unplaced)        0.439    22.708    u_ethernet_mii_rmii_bridge/u_rmii_phy_if/rmii_ref_clk
                         FDCE                                         r  u_ethernet_mii_rmii_bridge/u_rmii_phy_if/mode_speed_r_reg/C
                         clock pessimism              0.116    22.824    
                         clock uncertainty           -0.082    22.742    
                         FDCE (Recov_fdce_C_CLR)     -0.580    22.162    u_ethernet_mii_rmii_bridge/u_rmii_phy_if/mode_speed_r_reg
  -------------------------------------------------------------------
                         required time                         22.162    
                         arrival time                          -3.833    
  -------------------------------------------------------------------
                         slack                                 18.329    





Min Delay Paths
--------------------------------------------------------------------------------------
Slack (MET) :             0.310ns  (arrival time - required time)
  Source:                 u_ethernet_mii_rmii_bridge/u_rmii_phy_if/rstn_reg_inv/C
                            (rising edge-triggered cell FDPE clocked by rmii_ref_clk_ethernet_clk_wiz  {rise@0.000ns fall@10.000ns period=20.000ns})
  Destination:            u_ethernet_mii_rmii_bridge/u_rmii_phy_if/action_reg/CLR
                            (removal check against rising-edge clock rmii_ref_clk_ethernet_clk_wiz  {rise@0.000ns fall@10.000ns period=20.000ns})
  Path Group:             **async_default**
  Path Type:              Removal (Min at Fast Process Corner)
  Requirement:            0.000ns  (rmii_ref_clk_ethernet_clk_wiz rise@0.000ns - rmii_ref_clk_ethernet_clk_wiz rise@0.000ns)
  Data Path Delay:        0.308ns  (logic 0.141ns (45.791%)  route 0.167ns (54.209%))
  Logic Levels:           0  
  Clock Path Skew:        0.145ns (DCD - SCD - CPR)
    Destination Clock Delay (DCD):    1.087ns
    Source Clock Delay      (SCD):    0.734ns
    Clock Pessimism Removal (CPR):    0.209ns

    Location             Delay type                Incr(ns)  Path(ns)    Netlist Resource(s)
  -------------------------------------------------------------------    -------------------
                         (clock rmii_ref_clk_ethernet_clk_wiz rise edge)
                                                      0.000     0.000 r  
    E3                                                0.000     0.000 r  CLK100MHZ (IN)
                         net (fo=0)                   0.000     0.000    CLK100MHZ
    E3                   IBUF (Prop_ibuf_I_O)         0.257     0.257 r  u_sys_clk_ibuf/O
                         net (fo=2, unplaced)         0.337     0.594    u_ethernet_clk_wiz/inst/sys_clk
                         BUFG (Prop_bufg_I_O)         0.026     0.620 r  u_ethernet_clk_wiz/inst/clkin1_bufg/O
                         net (fo=1, unplaced)         0.114     0.734    u_ethernet_clk_wiz/inst/sys_clk_ethernet_clk_wiz
                         MMCME2_ADV (Prop_mmcme2_adv_CLKIN1_CLKOUT0)
                                                     -0.477     0.257 r  u_ethernet_clk_wiz/inst/mmcm_adv_inst/CLKOUT0
                         net (fo=1, unplaced)         0.337     0.594    u_ethernet_clk_wiz/inst/rmii_ref_clk_ethernet_clk_wiz
                         BUFG (Prop_bufg_I_O)         0.026     0.620 r  u_ethernet_clk_wiz/inst/clkout1_buf/O
                         net (fo=29, unplaced)        0.114     0.734    u_ethernet_mii_rmii_bridge/u_rmii_phy_if/rmii_ref_clk
                         FDPE                                         r  u_ethernet_mii_rmii_bridge/u_rmii_phy_if/rstn_reg_inv/C
  -------------------------------------------------------------------    -------------------
                         FDPE (Prop_fdpe_C_Q)         0.141     0.875 f  u_ethernet_mii_rmii_bridge/u_rmii_phy_if/rstn_reg_inv/Q
                         net (fo=15, unplaced)        0.167     1.042    u_ethernet_mii_rmii_bridge/u_rmii_phy_if/rstn
                         FDCE                                         f  u_ethernet_mii_rmii_bridge/u_rmii_phy_if/action_reg/CLR
  -------------------------------------------------------------------    -------------------

                         (clock rmii_ref_clk_ethernet_clk_wiz rise edge)
                                                      0.000     0.000 r  
    E3                                                0.000     0.000 r  CLK100MHZ (IN)
                         net (fo=0)                   0.000     0.000    CLK100MHZ
    E3                   IBUF (Prop_ibuf_I_O)         0.445     0.445 r  u_sys_clk_ibuf/O
                         net (fo=2, unplaced)         0.355     0.799    u_ethernet_clk_wiz/inst/sys_clk
                         BUFG (Prop_bufg_I_O)         0.029     0.828 r  u_ethernet_clk_wiz/inst/clkin1_bufg/O
                         net (fo=1, unplaced)         0.259     1.087    u_ethernet_clk_wiz/inst/sys_clk_ethernet_clk_wiz
                         MMCME2_ADV (Prop_mmcme2_adv_CLKIN1_CLKOUT0)
                                                     -0.643     0.445 r  u_ethernet_clk_wiz/inst/mmcm_adv_inst/CLKOUT0
                         net (fo=1, unplaced)         0.355     0.799    u_ethernet_clk_wiz/inst/rmii_ref_clk_ethernet_clk_wiz
                         BUFG (Prop_bufg_I_O)         0.029     0.828 r  u_ethernet_clk_wiz/inst/clkout1_buf/O
                         net (fo=29, unplaced)        0.259     1.087    u_ethernet_mii_rmii_bridge/u_rmii_phy_if/rmii_ref_clk
                         FDCE                                         r  u_ethernet_mii_rmii_bridge/u_rmii_phy_if/action_reg/C
                         clock pessimism             -0.209     0.879    
                         FDCE (Remov_fdce_C_CLR)     -0.147     0.732    u_ethernet_mii_rmii_bridge/u_rmii_phy_if/action_reg
  -------------------------------------------------------------------
                         required time                         -0.732    
                         arrival time                           1.042    
  -------------------------------------------------------------------
                         slack                                  0.310    





---------------------------------------------------------------------------------------------------
Path Group:  **async_default**
From Clock:  sys_clk_pin
  To Clock:  rmii_ref_clk_ethernet_clk_wiz

Setup :            0  Failing Endpoints,  Worst Slack        8.026ns,  Total Violation        0.000ns
Hold  :            0  Failing Endpoints,  Worst Slack        0.191ns,  Total Violation        0.000ns
---------------------------------------------------------------------------------------------------


Max Delay Paths
--------------------------------------------------------------------------------------
Slack (MET) :             8.026ns  (required time - arrival time)
  Source:                 bridge_rst_reg_reg/C
                            (rising edge-triggered cell FDRE clocked by sys_clk_pin  {rise@0.000ns fall@5.000ns period=10.000ns})
  Destination:            u_ethernet_mii_rmii_bridge/rmii_reset_sync_reg[0]/PRE
                            (recovery check against rising-edge clock rmii_ref_clk_ethernet_clk_wiz  {rise@0.000ns fall@10.000ns period=20.000ns})
  Path Group:             **async_default**
  Path Type:              Recovery (Max at Slow Process Corner)
  Requirement:            10.000ns  (rmii_ref_clk_ethernet_clk_wiz rise@20.000ns - sys_clk_pin rise@10.000ns)
  Data Path Delay:        0.823ns  (logic 0.456ns (55.407%)  route 0.367ns (44.593%))
  Logic Levels:           0  
  Clock Path Skew:        -0.406ns (DCD - SCD + CPR)
    Destination Clock Delay (DCD):    2.708ns = ( 22.708 - 20.000 ) 
    Source Clock Delay      (SCD):    3.184ns = ( 13.184 - 10.000 ) 
    Clock Pessimism Removal (CPR):    0.071ns
  Clock Uncertainty:      0.180ns  ((TSJ^2 + DJ^2)^1/2) / 2 + PE
    Total System Jitter     (TSJ):    0.071ns
    Discrete Jitter          (DJ):    0.147ns
    Phase Error              (PE):    0.099ns

    Location             Delay type                Incr(ns)  Path(ns)    Netlist Resource(s)
  -------------------------------------------------------------------    -------------------
                         (clock sys_clk_pin rise edge)
                                                     10.000    10.000 r  
    E3                                                0.000    10.000 r  CLK100MHZ (IN)
                         net (fo=0)                   0.000    10.000    CLK100MHZ
    E3                   IBUF (Prop_ibuf_I_O)         1.489    11.489 r  u_sys_clk_ibuf/O
                         net (fo=2, unplaced)         0.800    12.289    sys_clk_ibuf
                         BUFG (Prop_bufg_I_O)         0.096    12.385 r  u_logic_clk_bufg/O
                         net (fo=906, unplaced)       0.800    13.184    logic_clk
                         FDRE                                         r  bridge_rst_reg_reg/C
  -------------------------------------------------------------------    -------------------
                         FDRE (Prop_fdre_C_Q)         0.456    13.640 f  bridge_rst_reg_reg/Q
                         net (fo=4, unplaced)         0.367    14.007    u_ethernet_mii_rmii_bridge/rst
                         FDPE                                         f  u_ethernet_mii_rmii_bridge/rmii_reset_sync_reg[0]/PRE
  -------------------------------------------------------------------    -------------------

                         (clock rmii_ref_clk_ethernet_clk_wiz rise edge)
                                                     20.000    20.000 r  
    E3                                                0.000    20.000 r  CLK100MHZ (IN)
                         net (fo=0)                   0.000    20.000    CLK100MHZ
    E3                   IBUF (Prop_ibuf_I_O)         1.418    21.418 r  u_sys_clk_ibuf/O
                         net (fo=2, unplaced)         0.760    22.178    u_ethernet_clk_wiz/inst/sys_clk
                         BUFG (Prop_bufg_I_O)         0.091    22.269 r  u_ethernet_clk_wiz/inst/clkin1_bufg/O
                         net (fo=1, unplaced)         0.439    22.708    u_ethernet_clk_wiz/inst/sys_clk_ethernet_clk_wiz
                         MMCME2_ADV (Prop_mmcme2_adv_CLKIN1_CLKOUT0)
                                                     -1.290    21.418 r  u_ethernet_clk_wiz/inst/mmcm_adv_inst/CLKOUT0
                         net (fo=1, unplaced)         0.760    22.178    u_ethernet_clk_wiz/inst/rmii_ref_clk_ethernet_clk_wiz
                         BUFG (Prop_bufg_I_O)         0.091    22.269 r  u_ethernet_clk_wiz/inst/clkout1_buf/O
                         net (fo=29, unplaced)        0.439    22.708    u_ethernet_mii_rmii_bridge/rmii_ref_clk
                         FDPE                                         r  u_ethernet_mii_rmii_bridge/rmii_reset_sync_reg[0]/C
                         clock pessimism              0.071    22.779    
                         clock uncertainty           -0.180    22.598    
                         FDPE (Recov_fdpe_C_PRE)     -0.565    22.033    u_ethernet_mii_rmii_bridge/rmii_reset_sync_reg[0]
  -------------------------------------------------------------------
                         required time                         22.033    
                         arrival time                         -14.007    
  -------------------------------------------------------------------
                         slack                                  8.026    





Min Delay Paths
--------------------------------------------------------------------------------------
Slack (MET) :             0.191ns  (arrival time - required time)
  Source:                 bridge_rst_reg_reg/C
                            (rising edge-triggered cell FDRE clocked by sys_clk_pin  {rise@0.000ns fall@5.000ns period=10.000ns})
  Destination:            u_ethernet_mii_rmii_bridge/rmii_reset_sync_reg[0]/PRE
                            (removal check against rising-edge clock rmii_ref_clk_ethernet_clk_wiz  {rise@0.000ns fall@10.000ns period=20.000ns})
  Path Group:             **async_default**
  Path Type:              Removal (Min at Fast Process Corner)
  Requirement:            0.000ns  (rmii_ref_clk_ethernet_clk_wiz rise@0.000ns - sys_clk_pin rise@0.000ns)
  Data Path Delay:        0.296ns  (logic 0.141ns (47.684%)  route 0.155ns (52.316%))
  Logic Levels:           0  
  Clock Path Skew:        0.070ns (DCD - SCD - CPR)
    Destination Clock Delay (DCD):    1.087ns
    Source Clock Delay      (SCD):    0.830ns
    Clock Pessimism Removal (CPR):    0.188ns
  Clock Uncertainty:      0.180ns  ((TSJ^2 + DJ^2)^1/2) / 2 + PE
    Total System Jitter     (TSJ):    0.071ns
    Discrete Jitter          (DJ):    0.147ns
    Phase Error              (PE):    0.099ns

    Location             Delay type                Incr(ns)  Path(ns)    Netlist Resource(s)
  -------------------------------------------------------------------    -------------------
                         (clock sys_clk_pin rise edge)
                                                      0.000     0.000 r  
    E3                                                0.000     0.000 r  CLK100MHZ (IN)
                         net (fo=0)                   0.000     0.000    CLK100MHZ
    E3                   IBUF (Prop_ibuf_I_O)         0.257     0.257 r  u_sys_clk_ibuf/O
                         net (fo=2, unplaced)         0.337     0.594    sys_clk_ibuf
                         BUFG (Prop_bufg_I_O)         0.026     0.620 r  u_logic_clk_bufg/O
                         net (fo=906, unplaced)       0.210     0.830    logic_clk
                         FDRE                                         r  bridge_rst_reg_reg/C
  -------------------------------------------------------------------    -------------------
                         FDRE (Prop_fdre_C_Q)         0.141     0.971 f  bridge_rst_reg_reg/Q
                         net (fo=4, unplaced)         0.155     1.125    u_ethernet_mii_rmii_bridge/rst
                         FDPE                                         f  u_ethernet_mii_rmii_bridge/rmii_reset_sync_reg[0]/PRE
  -------------------------------------------------------------------    -------------------

                         (clock rmii_ref_clk_ethernet_clk_wiz rise edge)
                                                      0.000     0.000 r  
    E3                                                0.000     0.000 r  CLK100MHZ (IN)
                         net (fo=0)                   0.000     0.000    CLK100MHZ
    E3                   IBUF (Prop_ibuf_I_O)         0.445     0.445 r  u_sys_clk_ibuf/O
                         net (fo=2, unplaced)         0.355     0.799    u_ethernet_clk_wiz/inst/sys_clk
                         BUFG (Prop_bufg_I_O)         0.029     0.828 r  u_ethernet_clk_wiz/inst/clkin1_bufg/O
                         net (fo=1, unplaced)         0.259     1.087    u_ethernet_clk_wiz/inst/sys_clk_ethernet_clk_wiz
                         MMCME2_ADV (Prop_mmcme2_adv_CLKIN1_CLKOUT0)
                                                     -0.643     0.445 r  u_ethernet_clk_wiz/inst/mmcm_adv_inst/CLKOUT0
                         net (fo=1, unplaced)         0.355     0.799    u_ethernet_clk_wiz/inst/rmii_ref_clk_ethernet_clk_wiz
                         BUFG (Prop_bufg_I_O)         0.029     0.828 r  u_ethernet_clk_wiz/inst/clkout1_buf/O
                         net (fo=29, unplaced)        0.259     1.087    u_ethernet_mii_rmii_bridge/rmii_ref_clk
                         FDPE                                         r  u_ethernet_mii_rmii_bridge/rmii_reset_sync_reg[0]/C
                         clock pessimism             -0.188     0.900    
                         clock uncertainty            0.180     1.080    
                         FDPE (Remov_fdpe_C_PRE)     -0.145     0.935    u_ethernet_mii_rmii_bridge/rmii_reset_sync_reg[0]
  -------------------------------------------------------------------
                         required time                         -0.935    
                         arrival time                           1.125    
  -------------------------------------------------------------------
                         slack                                  0.191    





---------------------------------------------------------------------------------------------------
Path Group:  **async_default**
From Clock:  mii_rx_clk
  To Clock:  sys_clk_pin

Setup :            0  Failing Endpoints,  Worst Slack        5.910ns,  Total Violation        0.000ns
Hold  :            0  Failing Endpoints,  Worst Slack        0.743ns,  Total Violation        0.000ns
---------------------------------------------------------------------------------------------------


Max Delay Paths
--------------------------------------------------------------------------------------
Slack (MET) :             5.910ns  (required time - arrival time)
  Source:                 u_taxi_ethernet_subsystem/u_taxi_eth_mac_mii_fifo/eth_mac_mii_inst/mii_phy_if_inst/rx_reset_sync_inst/sync_reg_reg[3]/C
                            (rising edge-triggered cell FDPE clocked by mii_rx_clk  {rise@0.000ns fall@20.000ns period=40.000ns})
  Destination:            u_taxi_ethernet_subsystem/u_taxi_eth_mac_mii_fifo/rx_fifo/fifo_inst/m_reset_sync_inst/sync_reg_reg[0]/PRE
                            (recovery check against rising-edge clock sys_clk_pin  {rise@0.000ns fall@5.000ns period=10.000ns})
  Path Group:             **async_default**
  Path Type:              Recovery (Max at Slow Process Corner)
  Requirement:            10.000ns  (sys_clk_pin rise@10.000ns - mii_rx_clk rise@0.000ns)
  Data Path Delay:        0.845ns  (logic 0.478ns (56.568%)  route 0.367ns (43.432%))
  Logic Levels:           0  
  Clock Path Skew:        -2.500ns (DCD - SCD + CPR)
    Destination Clock Delay (DCD):    2.924ns = ( 12.924 - 10.000 ) 
    Source Clock Delay      (SCD):    5.494ns
    Clock Pessimism Removal (CPR):    0.071ns
  Clock Uncertainty:      0.180ns  ((TSJ^2 + DJ^2)^1/2) / 2 + PE
    Total System Jitter     (TSJ):    0.071ns
    Discrete Jitter          (DJ):    0.147ns
    Phase Error              (PE):    0.099ns

    Location             Delay type                Incr(ns)  Path(ns)    Netlist Resource(s)
  -------------------------------------------------------------------    -------------------
                         (clock mii_rx_clk rise edge)
                                                      0.000     0.000 r  
    E3                                                0.000     0.000 r  CLK100MHZ (IN)
                         net (fo=0)                   0.000     0.000    CLK100MHZ
    E3                   IBUF (Prop_ibuf_I_O)         1.489     1.489 r  u_sys_clk_ibuf/O
                         net (fo=2, unplaced)         0.800     2.289    u_ethernet_clk_wiz/inst/sys_clk
                         BUFG (Prop_bufg_I_O)         0.096     2.385 r  u_ethernet_clk_wiz/inst/clkin1_bufg/O
                         net (fo=1, unplaced)         0.584     2.969    u_ethernet_clk_wiz/inst/sys_clk_ethernet_clk_wiz
                         MMCME2_ADV (Prop_mmcme2_adv_CLKIN1_CLKOUT0)
                                                     -1.480     1.489 r  u_ethernet_clk_wiz/inst/mmcm_adv_inst/CLKOUT0
                         net (fo=1, unplaced)         0.800     2.289    u_ethernet_clk_wiz/inst/rmii_ref_clk_ethernet_clk_wiz
                         BUFG (Prop_bufg_I_O)         0.096     2.385 r  u_ethernet_clk_wiz/inst/clkout1_buf/O
                         net (fo=29, unplaced)        0.584     2.969    u_ethernet_mii_rmii_bridge/u_rmii_phy_if/rmii_ref_clk
                         FDCE (Prop_fdce_C_Q)         0.456     3.425 r  u_ethernet_mii_rmii_bridge/u_rmii_phy_if/mac_mii_rxc_reg/Q
                         net (fo=2, unplaced)         0.800     4.224    u_taxi_ethernet_subsystem/u_taxi_eth_mac_mii_fifo/eth_mac_mii_inst/mii_phy_if_inst/rx_ssio_sdr_inst/mii_rx_clk
                         BUFR (Prop_bufr_I_O)         0.686     4.910 r  u_taxi_ethernet_subsystem/u_taxi_eth_mac_mii_fifo/eth_mac_mii_inst/mii_phy_if_inst/rx_ssio_sdr_inst/clk_bufr/O
                         net (fo=8, unplaced)         0.584     5.494    u_taxi_ethernet_subsystem/u_taxi_eth_mac_mii_fifo/eth_mac_mii_inst/mii_phy_if_inst/rx_reset_sync_inst/CLK
                         FDPE                                         r  u_taxi_ethernet_subsystem/u_taxi_eth_mac_mii_fifo/eth_mac_mii_inst/mii_phy_if_inst/rx_reset_sync_inst/sync_reg_reg[3]/C
  -------------------------------------------------------------------    -------------------
                         FDPE (Prop_fdpe_C_Q)         0.478     5.972 f  u_taxi_ethernet_subsystem/u_taxi_eth_mac_mii_fifo/eth_mac_mii_inst/mii_phy_if_inst/rx_reset_sync_inst/sync_reg_reg[3]/Q
                         net (fo=4, unplaced)         0.367     6.339    u_taxi_ethernet_subsystem/u_taxi_eth_mac_mii_fifo/rx_fifo/fifo_inst/m_reset_sync_inst/AS[0]
                         FDPE                                         f  u_taxi_ethernet_subsystem/u_taxi_eth_mac_mii_fifo/rx_fifo/fifo_inst/m_reset_sync_inst/sync_reg_reg[0]/PRE
  -------------------------------------------------------------------    -------------------

                         (clock sys_clk_pin rise edge)
                                                     10.000    10.000 r  
    E3                                                0.000    10.000 r  CLK100MHZ (IN)
                         net (fo=0)                   0.000    10.000    CLK100MHZ
    E3                   IBUF (Prop_ibuf_I_O)         1.418    11.418 r  u_sys_clk_ibuf/O
                         net (fo=2, unplaced)         0.760    12.178    sys_clk_ibuf
                         BUFG (Prop_bufg_I_O)         0.091    12.269 r  u_logic_clk_bufg/O
                         net (fo=906, unplaced)       0.655    12.924    u_taxi_ethernet_subsystem/u_taxi_eth_mac_mii_fifo/rx_fifo/fifo_inst/m_reset_sync_inst/logic_clk
                         FDPE                                         r  u_taxi_ethernet_subsystem/u_taxi_eth_mac_mii_fifo/rx_fifo/fifo_inst/m_reset_sync_inst/sync_reg_reg[0]/C
                         clock pessimism              0.071    12.994    
                         clock uncertainty           -0.180    12.814    
                         FDPE (Recov_fdpe_C_PRE)     -0.565    12.249    u_taxi_ethernet_subsystem/u_taxi_eth_mac_mii_fifo/rx_fifo/fifo_inst/m_reset_sync_inst/sync_reg_reg[0]
  -------------------------------------------------------------------
                         required time                         12.249    
                         arrival time                          -6.339    
  -------------------------------------------------------------------
                         slack                                  5.910    





Min Delay Paths
--------------------------------------------------------------------------------------
Slack (MET) :             0.743ns  (arrival time - required time)
  Source:                 u_taxi_ethernet_subsystem/u_taxi_eth_mac_mii_fifo/eth_mac_mii_inst/mii_phy_if_inst/rx_reset_sync_inst/sync_reg_reg[3]/C
                            (rising edge-triggered cell FDPE clocked by mii_rx_clk  {rise@0.000ns fall@20.000ns period=40.000ns})
  Destination:            u_taxi_ethernet_subsystem/u_taxi_eth_mac_mii_fifo/rx_fifo/fifo_inst/m_reset_sync_inst/sync_reg_reg[0]/PRE
                            (removal check against rising-edge clock sys_clk_pin  {rise@0.000ns fall@5.000ns period=10.000ns})
  Path Group:             **async_default**
  Path Type:              Removal (Min at Fast Process Corner)
  Requirement:            0.000ns  (sys_clk_pin rise@0.000ns - mii_rx_clk rise@0.000ns)
  Data Path Delay:        0.302ns  (logic 0.147ns (48.724%)  route 0.155ns (51.276%))
  Logic Levels:           0  
  Clock Path Skew:        -0.477ns (DCD - SCD - CPR)
    Destination Clock Delay (DCD):    1.183ns
    Source Clock Delay      (SCD):    1.472ns
    Clock Pessimism Removal (CPR):    0.188ns
  Clock Uncertainty:      0.180ns  ((TSJ^2 + DJ^2)^1/2) / 2 + PE
    Total System Jitter     (TSJ):    0.071ns
    Discrete Jitter          (DJ):    0.147ns
    Phase Error              (PE):    0.099ns

    Location             Delay type                Incr(ns)  Path(ns)    Netlist Resource(s)
  -------------------------------------------------------------------    -------------------
                         (clock mii_rx_clk rise edge)
                                                      0.000     0.000 r  
    E3                                                0.000     0.000 r  CLK100MHZ (IN)
                         net (fo=0)                   0.000     0.000    CLK100MHZ
    E3                   IBUF (Prop_ibuf_I_O)         0.257     0.257 r  u_sys_clk_ibuf/O
                         net (fo=2, unplaced)         0.337     0.594    u_ethernet_clk_wiz/inst/sys_clk
                         BUFG (Prop_bufg_I_O)         0.026     0.620 r  u_ethernet_clk_wiz/inst/clkin1_bufg/O
                         net (fo=1, unplaced)         0.114     0.734    u_ethernet_clk_wiz/inst/sys_clk_ethernet_clk_wiz
                         MMCME2_ADV (Prop_mmcme2_adv_CLKIN1_CLKOUT0)
                                                     -0.477     0.257 r  u_ethernet_clk_wiz/inst/mmcm_adv_inst/CLKOUT0
                         net (fo=1, unplaced)         0.337     0.594    u_ethernet_clk_wiz/inst/rmii_ref_clk_ethernet_clk_wiz
                         BUFG (Prop_bufg_I_O)         0.026     0.620 r  u_ethernet_clk_wiz/inst/clkout1_buf/O
                         net (fo=29, unplaced)        0.114     0.734    u_ethernet_mii_rmii_bridge/u_rmii_phy_if/rmii_ref_clk
                         FDCE (Prop_fdce_C_Q)         0.141     0.875 r  u_ethernet_mii_rmii_bridge/u_rmii_phy_if/mac_mii_rxc_reg/Q
                         net (fo=2, unplaced)         0.337     1.212    u_taxi_ethernet_subsystem/u_taxi_eth_mac_mii_fifo/eth_mac_mii_inst/mii_phy_if_inst/rx_ssio_sdr_inst/mii_rx_clk
                         BUFR (Prop_bufr_I_O)         0.146     1.358 r  u_taxi_ethernet_subsystem/u_taxi_eth_mac_mii_fifo/eth_mac_mii_inst/mii_phy_if_inst/rx_ssio_sdr_inst/clk_bufr/O
                         net (fo=8, unplaced)         0.114     1.472    u_taxi_ethernet_subsystem/u_taxi_eth_mac_mii_fifo/eth_mac_mii_inst/mii_phy_if_inst/rx_reset_sync_inst/CLK
                         FDPE                                         r  u_taxi_ethernet_subsystem/u_taxi_eth_mac_mii_fifo/eth_mac_mii_inst/mii_phy_if_inst/rx_reset_sync_inst/sync_reg_reg[3]/C
  -------------------------------------------------------------------    -------------------
                         FDPE (Prop_fdpe_C_Q)         0.147     1.619 f  u_taxi_ethernet_subsystem/u_taxi_eth_mac_mii_fifo/eth_mac_mii_inst/mii_phy_if_inst/rx_reset_sync_inst/sync_reg_reg[3]/Q
                         net (fo=4, unplaced)         0.155     1.774    u_taxi_ethernet_subsystem/u_taxi_eth_mac_mii_fifo/rx_fifo/fifo_inst/m_reset_sync_inst/AS[0]
                         FDPE                                         f  u_taxi_ethernet_subsystem/u_taxi_eth_mac_mii_fifo/rx_fifo/fifo_inst/m_reset_sync_inst/sync_reg_reg[0]/PRE
  -------------------------------------------------------------------    -------------------

                         (clock sys_clk_pin rise edge)
                                                      0.000     0.000 r  
    E3                                                0.000     0.000 r  CLK100MHZ (IN)
                         net (fo=0)                   0.000     0.000    CLK100MHZ
    E3                   IBUF (Prop_ibuf_I_O)         0.445     0.445 r  u_sys_clk_ibuf/O
                         net (fo=2, unplaced)         0.355     0.799    sys_clk_ibuf
                         BUFG (Prop_bufg_I_O)         0.029     0.828 r  u_logic_clk_bufg/O
                         net (fo=906, unplaced)       0.355     1.183    u_taxi_ethernet_subsystem/u_taxi_eth_mac_mii_fifo/rx_fifo/fifo_inst/m_reset_sync_inst/logic_clk
                         FDPE                                         r  u_taxi_ethernet_subsystem/u_taxi_eth_mac_mii_fifo/rx_fifo/fifo_inst/m_reset_sync_inst/sync_reg_reg[0]/C
                         clock pessimism             -0.188     0.995    
                         clock uncertainty            0.180     1.176    
                         FDPE (Remov_fdpe_C_PRE)     -0.145     1.031    u_taxi_ethernet_subsystem/u_taxi_eth_mac_mii_fifo/rx_fifo/fifo_inst/m_reset_sync_inst/sync_reg_reg[0]
  -------------------------------------------------------------------
                         required time                         -1.031    
                         arrival time                           1.774    
  -------------------------------------------------------------------
                         slack                                  0.743    





---------------------------------------------------------------------------------------------------
Path Group:  **async_default**
From Clock:  mii_tx_clk
  To Clock:  sys_clk_pin

Setup :            0  Failing Endpoints,  Worst Slack        6.268ns,  Total Violation        0.000ns
Hold  :            0  Failing Endpoints,  Worst Slack        0.701ns,  Total Violation        0.000ns
---------------------------------------------------------------------------------------------------


Max Delay Paths
--------------------------------------------------------------------------------------
Slack (MET) :             6.268ns  (required time - arrival time)
  Source:                 u_taxi_ethernet_subsystem/u_taxi_eth_mac_mii_fifo/eth_mac_mii_inst/mii_phy_if_inst/tx_reset_sync_inst/sync_reg_reg[3]/C
                            (rising edge-triggered cell FDPE clocked by mii_tx_clk  {rise@0.000ns fall@20.000ns period=40.000ns})
  Destination:            u_taxi_ethernet_subsystem/u_taxi_eth_mac_mii_fifo/tx_cpl_fifo/m_reset_sync_inst/sync_reg_reg[0]/PRE
                            (recovery check against rising-edge clock sys_clk_pin  {rise@0.000ns fall@5.000ns period=10.000ns})
  Path Group:             **async_default**
  Path Type:              Recovery (Max at Slow Process Corner)
  Requirement:            10.000ns  (sys_clk_pin rise@10.000ns - mii_tx_clk rise@0.000ns)
  Data Path Delay:        0.902ns  (logic 0.478ns (52.993%)  route 0.424ns (47.007%))
  Logic Levels:           0  
  Clock Path Skew:        -2.085ns (DCD - SCD + CPR)
    Destination Clock Delay (DCD):    2.924ns = ( 12.924 - 10.000 ) 
    Source Clock Delay      (SCD):    5.079ns
    Clock Pessimism Removal (CPR):    0.071ns
  Clock Uncertainty:      0.180ns  ((TSJ^2 + DJ^2)^1/2) / 2 + PE
    Total System Jitter     (TSJ):    0.071ns
    Discrete Jitter          (DJ):    0.147ns
    Phase Error              (PE):    0.099ns

    Location             Delay type                Incr(ns)  Path(ns)    Netlist Resource(s)
  -------------------------------------------------------------------    -------------------
                         (clock mii_tx_clk rise edge)
                                                      0.000     0.000 r  
    E3                                                0.000     0.000 r  CLK100MHZ (IN)
                         net (fo=0)                   0.000     0.000    CLK100MHZ
    E3                   IBUF (Prop_ibuf_I_O)         1.489     1.489 r  u_sys_clk_ibuf/O
                         net (fo=2, unplaced)         0.800     2.289    u_ethernet_clk_wiz/inst/sys_clk
                         BUFG (Prop_bufg_I_O)         0.096     2.385 r  u_ethernet_clk_wiz/inst/clkin1_bufg/O
                         net (fo=1, unplaced)         0.584     2.969    u_ethernet_clk_wiz/inst/sys_clk_ethernet_clk_wiz
                         MMCME2_ADV (Prop_mmcme2_adv_CLKIN1_CLKOUT0)
                                                     -1.480     1.489 r  u_ethernet_clk_wiz/inst/mmcm_adv_inst/CLKOUT0
                         net (fo=1, unplaced)         0.800     2.289    u_ethernet_clk_wiz/inst/rmii_ref_clk_ethernet_clk_wiz
                         BUFG (Prop_bufg_I_O)         0.096     2.385 r  u_ethernet_clk_wiz/inst/clkout1_buf/O
                         net (fo=29, unplaced)        0.584     2.969    u_ethernet_mii_rmii_bridge/u_rmii_phy_if/rmii_ref_clk
                         FDCE (Prop_fdce_C_Q)         0.456     3.425 r  u_ethernet_mii_rmii_bridge/u_rmii_phy_if/mac_mii_txc_reg/Q
                         net (fo=7, unplaced)         0.800     4.224    u_taxi_ethernet_subsystem/u_taxi_eth_mac_mii_fifo/eth_mac_mii_inst/mii_phy_if_inst/mii_tx_clk
                         BUFG (Prop_bufg_I_O)         0.271     4.495 r  u_taxi_ethernet_subsystem/u_taxi_eth_mac_mii_fifo/eth_mac_mii_inst/mii_phy_if_inst/mii_bufg_inst/O
                         net (fo=183, unplaced)       0.584     5.079    u_taxi_ethernet_subsystem/u_taxi_eth_mac_mii_fifo/eth_mac_mii_inst/mii_phy_if_inst/tx_reset_sync_inst/CLK
                         FDPE                                         r  u_taxi_ethernet_subsystem/u_taxi_eth_mac_mii_fifo/eth_mac_mii_inst/mii_phy_if_inst/tx_reset_sync_inst/sync_reg_reg[3]/C
  -------------------------------------------------------------------    -------------------
                         FDPE (Prop_fdpe_C_Q)         0.478     5.557 f  u_taxi_ethernet_subsystem/u_taxi_eth_mac_mii_fifo/eth_mac_mii_inst/mii_phy_if_inst/tx_reset_sync_inst/sync_reg_reg[3]/Q
                         net (fo=47, unplaced)        0.424     5.981    u_taxi_ethernet_subsystem/u_taxi_eth_mac_mii_fifo/tx_cpl_fifo/m_reset_sync_inst/tx_rst
                         FDPE                                         f  u_taxi_ethernet_subsystem/u_taxi_eth_mac_mii_fifo/tx_cpl_fifo/m_reset_sync_inst/sync_reg_reg[0]/PRE
  -------------------------------------------------------------------    -------------------

                         (clock sys_clk_pin rise edge)
                                                     10.000    10.000 r  
    E3                                                0.000    10.000 r  CLK100MHZ (IN)
                         net (fo=0)                   0.000    10.000    CLK100MHZ
    E3                   IBUF (Prop_ibuf_I_O)         1.418    11.418 r  u_sys_clk_ibuf/O
                         net (fo=2, unplaced)         0.760    12.178    sys_clk_ibuf
                         BUFG (Prop_bufg_I_O)         0.091    12.269 r  u_logic_clk_bufg/O
                         net (fo=906, unplaced)       0.655    12.924    u_taxi_ethernet_subsystem/u_taxi_eth_mac_mii_fifo/tx_cpl_fifo/m_reset_sync_inst/logic_clk
                         FDPE                                         r  u_taxi_ethernet_subsystem/u_taxi_eth_mac_mii_fifo/tx_cpl_fifo/m_reset_sync_inst/sync_reg_reg[0]/C
                         clock pessimism              0.071    12.994    
                         clock uncertainty           -0.180    12.814    
                         FDPE (Recov_fdpe_C_PRE)     -0.565    12.249    u_taxi_ethernet_subsystem/u_taxi_eth_mac_mii_fifo/tx_cpl_fifo/m_reset_sync_inst/sync_reg_reg[0]
  -------------------------------------------------------------------
                         required time                         12.249    
                         arrival time                          -5.981    
  -------------------------------------------------------------------
                         slack                                  6.268    





Min Delay Paths
--------------------------------------------------------------------------------------
Slack (MET) :             0.701ns  (arrival time - required time)
  Source:                 u_taxi_ethernet_subsystem/u_taxi_eth_mac_mii_fifo/eth_mac_mii_inst/mii_phy_if_inst/tx_reset_sync_inst/sync_reg_reg[3]/C
                            (rising edge-triggered cell FDPE clocked by mii_tx_clk  {rise@0.000ns fall@20.000ns period=40.000ns})
  Destination:            u_taxi_ethernet_subsystem/u_taxi_eth_mac_mii_fifo/tx_cpl_fifo/m_reset_sync_inst/sync_reg_reg[0]/PRE
                            (removal check against rising-edge clock sys_clk_pin  {rise@0.000ns fall@5.000ns period=10.000ns})
  Path Group:             **async_default**
  Path Type:              Removal (Min at Fast Process Corner)
  Requirement:            0.000ns  (sys_clk_pin rise@0.000ns - mii_tx_clk rise@0.000ns)
  Data Path Delay:        0.326ns  (logic 0.147ns (45.130%)  route 0.179ns (54.870%))
  Logic Levels:           0  
  Clock Path Skew:        -0.411ns (DCD - SCD - CPR)
    Destination Clock Delay (DCD):    1.183ns
    Source Clock Delay      (SCD):    1.406ns
    Clock Pessimism Removal (CPR):    0.188ns
  Clock Uncertainty:      0.180ns  ((TSJ^2 + DJ^2)^1/2) / 2 + PE
    Total System Jitter     (TSJ):    0.071ns
    Discrete Jitter          (DJ):    0.147ns
    Phase Error              (PE):    0.099ns

    Location             Delay type                Incr(ns)  Path(ns)    Netlist Resource(s)
  -------------------------------------------------------------------    -------------------
                         (clock mii_tx_clk rise edge)
                                                      0.000     0.000 r  
    E3                                                0.000     0.000 r  CLK100MHZ (IN)
                         net (fo=0)                   0.000     0.000    CLK100MHZ
    E3                   IBUF (Prop_ibuf_I_O)         0.257     0.257 r  u_sys_clk_ibuf/O
                         net (fo=2, unplaced)         0.337     0.594    u_ethernet_clk_wiz/inst/sys_clk
                         BUFG (Prop_bufg_I_O)         0.026     0.620 r  u_ethernet_clk_wiz/inst/clkin1_bufg/O
                         net (fo=1, unplaced)         0.114     0.734    u_ethernet_clk_wiz/inst/sys_clk_ethernet_clk_wiz
                         MMCME2_ADV (Prop_mmcme2_adv_CLKIN1_CLKOUT0)
                                                     -0.477     0.257 r  u_ethernet_clk_wiz/inst/mmcm_adv_inst/CLKOUT0
                         net (fo=1, unplaced)         0.337     0.594    u_ethernet_clk_wiz/inst/rmii_ref_clk_ethernet_clk_wiz
                         BUFG (Prop_bufg_I_O)         0.026     0.620 r  u_ethernet_clk_wiz/inst/clkout1_buf/O
                         net (fo=29, unplaced)        0.114     0.734    u_ethernet_mii_rmii_bridge/u_rmii_phy_if/rmii_ref_clk
                         FDCE (Prop_fdce_C_Q)         0.141     0.875 r  u_ethernet_mii_rmii_bridge/u_rmii_phy_if/mac_mii_txc_reg/Q
                         net (fo=7, unplaced)         0.337     1.212    u_taxi_ethernet_subsystem/u_taxi_eth_mac_mii_fifo/eth_mac_mii_inst/mii_phy_if_inst/mii_tx_clk
                         BUFG (Prop_bufg_I_O)         0.080     1.292 r  u_taxi_ethernet_subsystem/u_taxi_eth_mac_mii_fifo/eth_mac_mii_inst/mii_phy_if_inst/mii_bufg_inst/O
                         net (fo=183, unplaced)       0.114     1.406    u_taxi_ethernet_subsystem/u_taxi_eth_mac_mii_fifo/eth_mac_mii_inst/mii_phy_if_inst/tx_reset_sync_inst/CLK
                         FDPE                                         r  u_taxi_ethernet_subsystem/u_taxi_eth_mac_mii_fifo/eth_mac_mii_inst/mii_phy_if_inst/tx_reset_sync_inst/sync_reg_reg[3]/C
  -------------------------------------------------------------------    -------------------
                         FDPE (Prop_fdpe_C_Q)         0.147     1.553 f  u_taxi_ethernet_subsystem/u_taxi_eth_mac_mii_fifo/eth_mac_mii_inst/mii_phy_if_inst/tx_reset_sync_inst/sync_reg_reg[3]/Q
                         net (fo=47, unplaced)        0.179     1.732    u_taxi_ethernet_subsystem/u_taxi_eth_mac_mii_fifo/tx_cpl_fifo/m_reset_sync_inst/tx_rst
                         FDPE                                         f  u_taxi_ethernet_subsystem/u_taxi_eth_mac_mii_fifo/tx_cpl_fifo/m_reset_sync_inst/sync_reg_reg[0]/PRE
  -------------------------------------------------------------------    -------------------

                         (clock sys_clk_pin rise edge)
                                                      0.000     0.000 r  
    E3                                                0.000     0.000 r  CLK100MHZ (IN)
                         net (fo=0)                   0.000     0.000    CLK100MHZ
    E3                   IBUF (Prop_ibuf_I_O)         0.445     0.445 r  u_sys_clk_ibuf/O
                         net (fo=2, unplaced)         0.355     0.799    sys_clk_ibuf
                         BUFG (Prop_bufg_I_O)         0.029     0.828 r  u_logic_clk_bufg/O
                         net (fo=906, unplaced)       0.355     1.183    u_taxi_ethernet_subsystem/u_taxi_eth_mac_mii_fifo/tx_cpl_fifo/m_reset_sync_inst/logic_clk
                         FDPE                                         r  u_taxi_ethernet_subsystem/u_taxi_eth_mac_mii_fifo/tx_cpl_fifo/m_reset_sync_inst/sync_reg_reg[0]/C
                         clock pessimism             -0.188     0.995    
                         clock uncertainty            0.180     1.176    
                         FDPE (Remov_fdpe_C_PRE)     -0.145     1.031    u_taxi_ethernet_subsystem/u_taxi_eth_mac_mii_fifo/tx_cpl_fifo/m_reset_sync_inst/sync_reg_reg[0]
  -------------------------------------------------------------------
                         required time                         -1.031    
                         arrival time                           1.732    
  -------------------------------------------------------------------
                         slack                                  0.701    





---------------------------------------------------------------------------------------------------
Path Group:  **async_default**
From Clock:  sys_clk_pin
  To Clock:  sys_clk_pin

Setup :            0  Failing Endpoints,  Worst Slack        7.268ns,  Total Violation        0.000ns
Hold  :            0  Failing Endpoints,  Worst Slack        0.322ns,  Total Violation        0.000ns
---------------------------------------------------------------------------------------------------


Max Delay Paths
--------------------------------------------------------------------------------------
Slack (MET) :             7.268ns  (required time - arrival time)
  Source:                 camera_rst_reg_reg/C
                            (rising edge-triggered cell FDRE clocked by sys_clk_pin  {rise@0.000ns fall@5.000ns period=10.000ns})
  Destination:            u_camera_pipeline/u_capture_0/data_meta_reg[0]/CLR
                            (recovery check against rising-edge clock sys_clk_pin  {rise@0.000ns fall@5.000ns period=10.000ns})
  Path Group:             **async_default**
  Path Type:              Recovery (Max at Slow Process Corner)
  Requirement:            10.000ns  (sys_clk_pin rise@10.000ns - sys_clk_pin rise@0.000ns)
  Data Path Delay:        1.862ns  (logic 0.751ns (40.339%)  route 1.111ns (59.661%))
  Logic Levels:           1  (LUT1=1)
  Clock Path Skew:        -0.040ns (DCD - SCD + CPR)
    Destination Clock Delay (DCD):    3.029ns = ( 13.029 - 10.000 ) 
    Source Clock Delay      (SCD):    3.184ns
    Clock Pessimism Removal (CPR):    0.116ns
  Clock Uncertainty:      0.035ns  ((TSJ^2 + TIJ^2)^1/2 + DJ) / 2 + PE
    Total System Jitter     (TSJ):    0.071ns
    Total Input Jitter      (TIJ):    0.000ns
    Discrete Jitter          (DJ):    0.000ns
    Phase Error              (PE):    0.000ns

    Location             Delay type                Incr(ns)  Path(ns)    Netlist Resource(s)
  -------------------------------------------------------------------    -------------------
                         (clock sys_clk_pin rise edge)
                                                      0.000     0.000 r  
    E3                                                0.000     0.000 r  CLK100MHZ (IN)
                         net (fo=0)                   0.000     0.000    CLK100MHZ
    E3                   IBUF (Prop_ibuf_I_O)         1.489     1.489 r  u_sys_clk_ibuf/O
                         net (fo=2, unplaced)         0.800     2.289    sys_clk_ibuf
                         BUFG (Prop_bufg_I_O)         0.096     2.385 r  u_logic_clk_bufg/O
                         net (fo=906, unplaced)       0.800     3.184    logic_clk
                         FDRE                                         r  camera_rst_reg_reg/C
  -------------------------------------------------------------------    -------------------
                         FDRE (Prop_fdre_C_Q)         0.456     3.640 f  camera_rst_reg_reg/Q
                         net (fo=1, unplaced)         0.311     3.951    camera_rst_reg
                         LUT1 (Prop_lut1_I0_O)        0.295     4.246 f  camera_rst_reg_inst/O
                         net (fo=558, unplaced)       0.800     5.046    u_camera_pipeline/u_capture_0/rst
    ILOGIC_X0Y59         FDCE                                         f  u_camera_pipeline/u_capture_0/data_meta_reg[0]/CLR
  -------------------------------------------------------------------    -------------------

                         (clock sys_clk_pin rise edge)
                                                     10.000    10.000 r  
    E3                                                0.000    10.000 r  CLK100MHZ (IN)
                         net (fo=0)                   0.000    10.000    CLK100MHZ
    E3                   IBUF (Prop_ibuf_I_O)         1.418    11.418 r  u_sys_clk_ibuf/O
                         net (fo=2, unplaced)         0.760    12.178    sys_clk_ibuf
                         BUFG (Prop_bufg_I_O)         0.091    12.269 r  u_logic_clk_bufg/O
                         net (fo=906, unplaced)       0.760    13.029    u_camera_pipeline/u_capture_0/sys_clk
    ILOGIC_X0Y59         FDCE                                         r  u_camera_pipeline/u_capture_0/data_meta_reg[0]/C
                         clock pessimism              0.116    13.144    
                         clock uncertainty           -0.035    13.109    
    ILOGIC_X0Y59         FDCE (Recov_fdce_C_CLR)     -0.795    12.314    u_camera_pipeline/u_capture_0/data_meta_reg[0]
  -------------------------------------------------------------------
                         required time                         12.314    
                         arrival time                          -5.046    
  -------------------------------------------------------------------
                         slack                                  7.268    





Min Delay Paths
--------------------------------------------------------------------------------------
Slack (MET) :             0.322ns  (arrival time - required time)
  Source:                 taxi_logic_rst_reg_reg/C
                            (rising edge-triggered cell FDRE clocked by sys_clk_pin  {rise@0.000ns fall@5.000ns period=10.000ns})
  Destination:            u_taxi_ethernet_subsystem/u_taxi_eth_mac_mii_fifo/tx_sync_reg_2_reg[0]/CLR
                            (removal check against rising-edge clock sys_clk_pin  {rise@0.000ns fall@5.000ns period=10.000ns})
  Path Group:             **async_default**
  Path Type:              Removal (Min at Fast Process Corner)
  Requirement:            0.000ns  (sys_clk_pin rise@0.000ns - sys_clk_pin rise@0.000ns)
  Data Path Delay:        0.320ns  (logic 0.141ns (44.042%)  route 0.179ns (55.958%))
  Logic Levels:           0  
  Clock Path Skew:        0.145ns (DCD - SCD - CPR)
    Destination Clock Delay (DCD):    1.183ns
    Source Clock Delay      (SCD):    0.830ns
    Clock Pessimism Removal (CPR):    0.209ns

    Location             Delay type                Incr(ns)  Path(ns)    Netlist Resource(s)
  -------------------------------------------------------------------    -------------------
                         (clock sys_clk_pin rise edge)
                                                      0.000     0.000 r  
    E3                                                0.000     0.000 r  CLK100MHZ (IN)
                         net (fo=0)                   0.000     0.000    CLK100MHZ
    E3                   IBUF (Prop_ibuf_I_O)         0.257     0.257 r  u_sys_clk_ibuf/O
                         net (fo=2, unplaced)         0.337     0.594    sys_clk_ibuf
                         BUFG (Prop_bufg_I_O)         0.026     0.620 r  u_logic_clk_bufg/O
                         net (fo=906, unplaced)       0.210     0.830    logic_clk
                         FDRE                                         r  taxi_logic_rst_reg_reg/C
  -------------------------------------------------------------------    -------------------
                         FDRE (Prop_fdre_C_Q)         0.141     0.971 f  taxi_logic_rst_reg_reg/Q
                         net (fo=50, unplaced)        0.179     1.150    u_taxi_ethernet_subsystem/u_taxi_eth_mac_mii_fifo/logic_rst
                         FDCE                                         f  u_taxi_ethernet_subsystem/u_taxi_eth_mac_mii_fifo/tx_sync_reg_2_reg[0]/CLR
  -------------------------------------------------------------------    -------------------

                         (clock sys_clk_pin rise edge)
                                                      0.000     0.000 r  
    E3                                                0.000     0.000 r  CLK100MHZ (IN)
                         net (fo=0)                   0.000     0.000    CLK100MHZ
    E3                   IBUF (Prop_ibuf_I_O)         0.445     0.445 r  u_sys_clk_ibuf/O
                         net (fo=2, unplaced)         0.355     0.799    sys_clk_ibuf
                         BUFG (Prop_bufg_I_O)         0.029     0.828 r  u_logic_clk_bufg/O
                         net (fo=906, unplaced)       0.355     1.183    u_taxi_ethernet_subsystem/u_taxi_eth_mac_mii_fifo/logic_clk
                         FDCE                                         r  u_taxi_ethernet_subsystem/u_taxi_eth_mac_mii_fifo/tx_sync_reg_2_reg[0]/C
                         clock pessimism             -0.209     0.975    
                         FDCE (Remov_fdce_C_CLR)     -0.147     0.828    u_taxi_ethernet_subsystem/u_taxi_eth_mac_mii_fifo/tx_sync_reg_2_reg[0]
  -------------------------------------------------------------------
                         required time                         -0.828    
                         arrival time                           1.150    
  -------------------------------------------------------------------
                         slack                                  0.322    





--------------------------------------------------------------------------------------
Path Group:  (none)
From Clock:  sys_clk_pin
  To Clock:  mii_tx_clk

Max Delay             8 Endpoints
Min Delay             8 Endpoints
--------------------------------------------------------------------------------------


Max Delay Paths
--------------------------------------------------------------------------------------
Slack:                    inf
  Source:                 taxi_logic_rst_reg_reg/C
                            (rising edge-triggered cell FDRE clocked by sys_clk_pin  {rise@0.000ns fall@5.000ns period=10.000ns})
  Destination:            u_taxi_ethernet_subsystem/u_taxi_eth_mac_mii_fifo/tx_fifo/fifo_inst/m_reset_sync_inst/sync_reg_reg[0]/PRE
                            (recovery check against rising-edge clock mii_tx_clk  {rise@0.000ns fall@20.000ns period=40.000ns})
  Path Group:             (none)
  Path Type:              Recovery (Max at Slow Process Corner)
  Data Path Delay:        0.881ns  (logic 0.456ns (51.759%)  route 0.425ns (48.241%))
  Logic Levels:           0  
  Clock Path Skew:        1.321ns (DCD - SCD + CPR)
    Destination Clock Delay (DCD):    4.506ns
    Source Clock Delay      (SCD):    3.184ns
    Clock Pessimism Removal (CPR):    0.000ns
  Clock Uncertainty:      0.180ns  ((TSJ^2 + DJ^2)^1/2) / 2 + PE
    Total System Jitter     (TSJ):    0.071ns
    Discrete Jitter          (DJ):    0.147ns
    Phase Error              (PE):    0.099ns
  Timing Exception:       False Path

    Location             Delay type                Incr(ns)  Path(ns)    Netlist Resource(s)
  -------------------------------------------------------------------    -------------------
                         (clock sys_clk_pin rise edge)
                                                      0.000     0.000 r  
    E3                                                0.000     0.000 r  CLK100MHZ (IN)
                         net (fo=0)                   0.000     0.000    CLK100MHZ
    E3                   IBUF (Prop_ibuf_I_O)         1.489     1.489 r  u_sys_clk_ibuf/O
                         net (fo=2, unplaced)         0.800     2.289    sys_clk_ibuf
                         BUFG (Prop_bufg_I_O)         0.096     2.385 r  u_logic_clk_bufg/O
                         net (fo=906, unplaced)       0.800     3.184    logic_clk
                         FDRE                                         r  taxi_logic_rst_reg_reg/C
  -------------------------------------------------------------------    -------------------
                         FDRE (Prop_fdre_C_Q)         0.456     3.640 f  taxi_logic_rst_reg_reg/Q
                         net (fo=50, unplaced)        0.425     4.065    u_taxi_ethernet_subsystem/u_taxi_eth_mac_mii_fifo/tx_fifo/fifo_inst/m_reset_sync_inst/logic_rst
                         FDPE                                         f  u_taxi_ethernet_subsystem/u_taxi_eth_mac_mii_fifo/tx_fifo/fifo_inst/m_reset_sync_inst/sync_reg_reg[0]/PRE
  -------------------------------------------------------------------    -------------------

                         (clock mii_tx_clk rise edge)
                                                      0.000     0.000 r  
    E3                                                0.000     0.000 r  CLK100MHZ (IN)
                         net (fo=0)                   0.000     0.000    CLK100MHZ
    E3                   IBUF (Prop_ibuf_I_O)         1.418     1.418 r  u_sys_clk_ibuf/O
                         net (fo=2, unplaced)         0.760     2.178    u_ethernet_clk_wiz/inst/sys_clk
                         BUFG (Prop_bufg_I_O)         0.091     2.269 r  u_ethernet_clk_wiz/inst/clkin1_bufg/O
                         net (fo=1, unplaced)         0.439     2.708    u_ethernet_clk_wiz/inst/sys_clk_ethernet_clk_wiz
                         MMCME2_ADV (Prop_mmcme2_adv_CLKIN1_CLKOUT0)
                                                     -1.290     1.418 r  u_ethernet_clk_wiz/inst/mmcm_adv_inst/CLKOUT0
                         net (fo=1, unplaced)         0.760     2.178    u_ethernet_clk_wiz/inst/rmii_ref_clk_ethernet_clk_wiz
                         BUFG (Prop_bufg_I_O)         0.091     2.269 r  u_ethernet_clk_wiz/inst/clkout1_buf/O
                         net (fo=29, unplaced)        0.439     2.708    u_ethernet_mii_rmii_bridge/u_rmii_phy_if/rmii_ref_clk
                         FDCE (Prop_fdce_C_Q)         0.367     3.075 r  u_ethernet_mii_rmii_bridge/u_rmii_phy_if/mac_mii_txc_reg/Q
                         net (fo=7, unplaced)         0.760     3.835    u_taxi_ethernet_subsystem/u_taxi_eth_mac_mii_fifo/eth_mac_mii_inst/mii_phy_if_inst/mii_tx_clk
                         BUFG (Prop_bufg_I_O)         0.232     4.067 r  u_taxi_ethernet_subsystem/u_taxi_eth_mac_mii_fifo/eth_mac_mii_inst/mii_phy_if_inst/mii_bufg_inst/O
                         net (fo=183, unplaced)       0.439     4.506    u_taxi_ethernet_subsystem/u_taxi_eth_mac_mii_fifo/tx_fifo/fifo_inst/m_reset_sync_inst/tx_clk
                         FDPE                                         r  u_taxi_ethernet_subsystem/u_taxi_eth_mac_mii_fifo/tx_fifo/fifo_inst/m_reset_sync_inst/sync_reg_reg[0]/C





Min Delay Paths
--------------------------------------------------------------------------------------
Slack:                    inf
  Source:                 taxi_mac_rst_reg_reg/C
                            (rising edge-triggered cell FDRE clocked by sys_clk_pin  {rise@0.000ns fall@5.000ns period=10.000ns})
  Destination:            u_taxi_ethernet_subsystem/u_taxi_eth_mac_mii_fifo/eth_mac_mii_inst/mii_phy_if_inst/tx_reset_sync_inst/sync_reg_reg[0]/PRE
                            (removal check against rising-edge clock mii_tx_clk  {rise@0.000ns fall@20.000ns period=40.000ns})
  Path Group:             (none)
  Path Type:              Removal (Min at Fast Process Corner)
  Data Path Delay:        0.302ns  (logic 0.141ns (46.751%)  route 0.161ns (53.249%))
  Logic Levels:           0  
  Clock Path Skew:        1.144ns (DCD - SCD - CPR)
    Destination Clock Delay (DCD):    1.973ns
    Source Clock Delay      (SCD):    0.830ns
    Clock Pessimism Removal (CPR):    -0.000ns
  Clock Uncertainty:      0.180ns  ((TSJ^2 + DJ^2)^1/2) / 2 + PE
    Total System Jitter     (TSJ):    0.071ns
    Discrete Jitter          (DJ):    0.147ns
    Phase Error              (PE):    0.099ns
  Timing Exception:       False Path

    Location             Delay type                Incr(ns)  Path(ns)    Netlist Resource(s)
  -------------------------------------------------------------------    -------------------
                         (clock sys_clk_pin rise edge)
                                                      0.000     0.000 r  
    E3                                                0.000     0.000 r  CLK100MHZ (IN)
                         net (fo=0)                   0.000     0.000    CLK100MHZ
    E3                   IBUF (Prop_ibuf_I_O)         0.257     0.257 r  u_sys_clk_ibuf/O
                         net (fo=2, unplaced)         0.337     0.594    sys_clk_ibuf
                         BUFG (Prop_bufg_I_O)         0.026     0.620 r  u_logic_clk_bufg/O
                         net (fo=906, unplaced)       0.210     0.830    logic_clk
                         FDRE                                         r  taxi_mac_rst_reg_reg/C
  -------------------------------------------------------------------    -------------------
                         FDRE (Prop_fdre_C_Q)         0.141     0.971 f  taxi_mac_rst_reg_reg/Q
                         net (fo=8, unplaced)         0.161     1.131    u_taxi_ethernet_subsystem/u_taxi_eth_mac_mii_fifo/eth_mac_mii_inst/mii_phy_if_inst/tx_reset_sync_inst/mac_rst
                         FDPE                                         f  u_taxi_ethernet_subsystem/u_taxi_eth_mac_mii_fifo/eth_mac_mii_inst/mii_phy_if_inst/tx_reset_sync_inst/sync_reg_reg[0]/PRE
  -------------------------------------------------------------------    -------------------

                         (clock mii_tx_clk rise edge)
                                                      0.000     0.000 r  
    E3                                                0.000     0.000 r  CLK100MHZ (IN)
                         net (fo=0)                   0.000     0.000    CLK100MHZ
    E3                   IBUF (Prop_ibuf_I_O)         0.445     0.445 r  u_sys_clk_ibuf/O
                         net (fo=2, unplaced)         0.355     0.799    u_ethernet_clk_wiz/inst/sys_clk
                         BUFG (Prop_bufg_I_O)         0.029     0.828 r  u_ethernet_clk_wiz/inst/clkin1_bufg/O
                         net (fo=1, unplaced)         0.259     1.087    u_ethernet_clk_wiz/inst/sys_clk_ethernet_clk_wiz
                         MMCME2_ADV (Prop_mmcme2_adv_CLKIN1_CLKOUT0)
                                                     -0.643     0.445 r  u_ethernet_clk_wiz/inst/mmcm_adv_inst/CLKOUT0
                         net (fo=1, unplaced)         0.355     0.799    u_ethernet_clk_wiz/inst/rmii_ref_clk_ethernet_clk_wiz
                         BUFG (Prop_bufg_I_O)         0.029     0.828 r  u_ethernet_clk_wiz/inst/clkout1_buf/O
                         net (fo=29, unplaced)        0.259     1.087    u_ethernet_mii_rmii_bridge/u_rmii_phy_if/rmii_ref_clk
                         FDCE (Prop_fdce_C_Q)         0.175     1.262 r  u_ethernet_mii_rmii_bridge/u_rmii_phy_if/mac_mii_txc_reg/Q
                         net (fo=7, unplaced)         0.355     1.617    u_taxi_ethernet_subsystem/u_taxi_eth_mac_mii_fifo/eth_mac_mii_inst/mii_phy_if_inst/mii_tx_clk
                         BUFG (Prop_bufg_I_O)         0.097     1.714 r  u_taxi_ethernet_subsystem/u_taxi_eth_mac_mii_fifo/eth_mac_mii_inst/mii_phy_if_inst/mii_bufg_inst/O
                         net (fo=183, unplaced)       0.259     1.973    u_taxi_ethernet_subsystem/u_taxi_eth_mac_mii_fifo/eth_mac_mii_inst/mii_phy_if_inst/tx_reset_sync_inst/CLK
                         FDPE                                         r  u_taxi_ethernet_subsystem/u_taxi_eth_mac_mii_fifo/eth_mac_mii_inst/mii_phy_if_inst/tx_reset_sync_inst/sync_reg_reg[0]/C





--------------------------------------------------------------------------------------
Path Group:  (none)
From Clock:  phy_ref_clk_ethernet_clk_wiz
  To Clock:  

Max Delay             1 Endpoint
Min Delay             1 Endpoint
--------------------------------------------------------------------------------------


Max Delay Paths
--------------------------------------------------------------------------------------
Slack:                    inf
  Source:                 u_eth_refclk_oddr/C
                            (falling edge-triggered cell ODDR clocked by phy_ref_clk_ethernet_clk_wiz  {rise@2.500ns fall@12.500ns period=20.000ns})
  Destination:            ETH_REFCLK
                            (output port)
  Path Group:             (none)
  Path Type:              Max at Slow Process Corner
  Data Path Delay:        4.017ns  (logic 4.017ns (100.000%)  route 0.000ns (0.000%))
  Logic Levels:           1  (OBUF=1)
  Clock Uncertainty:      0.176ns  ((TSJ^2 + DJ^2)^1/2) / 2 + PE
    Total System Jitter     (TSJ):    0.050ns
    Discrete Jitter          (DJ):    0.147ns
    Phase Error              (PE):    0.099ns

    Location             Delay type                Incr(ns)  Path(ns)    Netlist Resource(s)
  -------------------------------------------------------------------    -------------------
                         (clock phy_ref_clk_ethernet_clk_wiz fall edge)
                                                     12.500    12.500 f  
    E3                                                0.000    12.500 f  CLK100MHZ (IN)
                         net (fo=0)                   0.000    12.500    CLK100MHZ
    E3                   IBUF (Prop_ibuf_I_O)         1.489    13.989 f  u_sys_clk_ibuf/O
                         net (fo=2, unplaced)         0.800    14.789    u_ethernet_clk_wiz/inst/sys_clk
                         BUFG (Prop_bufg_I_O)         0.096    14.885 f  u_ethernet_clk_wiz/inst/clkin1_bufg/O
                         net (fo=1, unplaced)         0.584    15.469    u_ethernet_clk_wiz/inst/sys_clk_ethernet_clk_wiz
                         MMCME2_ADV (Prop_mmcme2_adv_CLKIN1_CLKOUT1)
                                                     -1.480    13.989 f  u_ethernet_clk_wiz/inst/mmcm_adv_inst/CLKOUT1
                         net (fo=1, unplaced)         0.800    14.789    u_ethernet_clk_wiz/inst/phy_ref_clk_ethernet_clk_wiz
                         BUFG (Prop_bufg_I_O)         0.096    14.885 f  u_ethernet_clk_wiz/inst/clkout2_buf/O
                         net (fo=4, unplaced)         0.800    15.684    phy_ref_clk
    OLOGIC_X1Y78         ODDR                                         f  u_eth_refclk_oddr/C
  -------------------------------------------------------------------    -------------------
    OLOGIC_X1Y78         ODDR (Prop_oddr_C_Q)         0.472    16.156 r  u_eth_refclk_oddr/Q
                         net (fo=1, estimated)        0.000    16.156    ETH_REFCLK_OBUF
    D5                   OBUF (Prop_obuf_I_O)         3.545    19.702 r  ETH_REFCLK_OBUF_inst/O
                         net (fo=0)                   0.000    19.702    ETH_REFCLK
    D5                                                                r  ETH_REFCLK (OUT)
  -------------------------------------------------------------------    -------------------





Min Delay Paths
--------------------------------------------------------------------------------------
Slack:                    inf
  Source:                 u_eth_refclk_oddr/C
                            (rising edge-triggered cell ODDR clocked by phy_ref_clk_ethernet_clk_wiz  {rise@2.500ns fall@12.500ns period=20.000ns})
  Destination:            ETH_REFCLK
                            (output port)
  Path Group:             (none)
  Path Type:              Min at Fast Process Corner
  Data Path Delay:        1.423ns  (logic 1.423ns (100.000%)  route 0.000ns (0.000%))
  Logic Levels:           1  (OBUF=1)
  Clock Uncertainty:      0.176ns  ((TSJ^2 + DJ^2)^1/2) / 2 + PE
    Total System Jitter     (TSJ):    0.050ns
    Discrete Jitter          (DJ):    0.147ns
    Phase Error              (PE):    0.099ns

    Location             Delay type                Incr(ns)  Path(ns)    Netlist Resource(s)
  -------------------------------------------------------------------    -------------------
                         (clock phy_ref_clk_ethernet_clk_wiz rise edge)
                                                      2.500     2.500 r  
    E3                                                0.000     2.500 r  CLK100MHZ (IN)
                         net (fo=0)                   0.000     2.500    CLK100MHZ
    E3                   IBUF (Prop_ibuf_I_O)         0.257     2.757 r  u_sys_clk_ibuf/O
                         net (fo=2, unplaced)         0.337     3.094    u_ethernet_clk_wiz/inst/sys_clk
                         BUFG (Prop_bufg_I_O)         0.026     3.120 r  u_ethernet_clk_wiz/inst/clkin1_bufg/O
                         net (fo=1, unplaced)         0.114     3.234    u_ethernet_clk_wiz/inst/sys_clk_ethernet_clk_wiz
                         MMCME2_ADV (Prop_mmcme2_adv_CLKIN1_CLKOUT1)
                                                     -0.477     2.757 r  u_ethernet_clk_wiz/inst/mmcm_adv_inst/CLKOUT1
                         net (fo=1, unplaced)         0.337     3.094    u_ethernet_clk_wiz/inst/phy_ref_clk_ethernet_clk_wiz
                         BUFG (Prop_bufg_I_O)         0.026     3.120 r  u_ethernet_clk_wiz/inst/clkout2_buf/O
                         net (fo=4, unplaced)         0.337     3.457    phy_ref_clk
    OLOGIC_X1Y78         ODDR                                         r  u_eth_refclk_oddr/C
  -------------------------------------------------------------------    -------------------
    OLOGIC_X1Y78         ODDR (Prop_oddr_C_Q)         0.177     3.634 r  u_eth_refclk_oddr/Q
                         net (fo=1, estimated)        0.000     3.634    ETH_REFCLK_OBUF
    D5                   OBUF (Prop_obuf_I_O)         1.246     4.880 r  ETH_REFCLK_OBUF_inst/O
                         net (fo=0)                   0.000     4.880    ETH_REFCLK
    D5                                                                r  ETH_REFCLK (OUT)
  -------------------------------------------------------------------    -------------------





--------------------------------------------------------------------------------------
Path Group:  (none)
From Clock:  sys_clk_pin
  To Clock:  

Max Delay             1 Endpoint
Min Delay             1 Endpoint
--------------------------------------------------------------------------------------


Max Delay Paths
--------------------------------------------------------------------------------------
Slack:                    inf
  Source:                 phy_ready_reg/C
                            (rising edge-triggered cell FDRE clocked by sys_clk_pin  {rise@0.000ns fall@5.000ns period=10.000ns})
  Destination:            ETH_RSTN
                            (output port)
  Path Group:             (none)
  Path Type:              Max at Slow Process Corner
  Data Path Delay:        4.996ns  (logic 4.196ns (83.992%)  route 0.800ns (16.008%))
  Logic Levels:           1  (OBUF=1)
  Clock Uncertainty:      0.025ns  ((TSJ^2 + TIJ^2)^1/2 + DJ) / 2 + PE
    Total System Jitter     (TSJ):    0.050ns
    Total Input Jitter      (TIJ):    0.000ns
    Discrete Jitter          (DJ):    0.000ns
    Phase Error              (PE):    0.000ns

    Location             Delay type                Incr(ns)  Path(ns)    Netlist Resource(s)
  -------------------------------------------------------------------    -------------------
                         (clock sys_clk_pin rise edge)
                                                      0.000     0.000 r  
    E3                                                0.000     0.000 r  CLK100MHZ (IN)
                         net (fo=0)                   0.000     0.000    CLK100MHZ
    E3                   IBUF (Prop_ibuf_I_O)         1.489     1.489 r  u_sys_clk_ibuf/O
                         net (fo=2, unplaced)         0.800     2.289    sys_clk_ibuf
                         BUFG (Prop_bufg_I_O)         0.096     2.385 r  u_logic_clk_bufg/O
                         net (fo=906, unplaced)       0.800     3.184    logic_clk
                         FDRE                                         r  phy_ready_reg/C
  -------------------------------------------------------------------    -------------------
                         FDRE (Prop_fdre_C_Q)         0.456     3.640 r  phy_ready_reg/Q
                         net (fo=5, unplaced)         0.800     4.440    ETH_RSTN_OBUF
    B3                   OBUF (Prop_obuf_I_O)         3.740     8.180 r  ETH_RSTN_OBUF_inst/O
                         net (fo=0)                   0.000     8.180    ETH_RSTN
    B3                                                                r  ETH_RSTN (OUT)
  -------------------------------------------------------------------    -------------------





Min Delay Paths
--------------------------------------------------------------------------------------
Slack:                    inf
  Source:                 phy_ready_reg/C
                            (rising edge-triggered cell FDRE clocked by sys_clk_pin  {rise@0.000ns fall@5.000ns period=10.000ns})
  Destination:            ETH_RSTN
                            (output port)
  Path Group:             (none)
  Path Type:              Min at Fast Process Corner
  Data Path Delay:        1.797ns  (logic 1.460ns (81.246%)  route 0.337ns (18.754%))
  Logic Levels:           1  (OBUF=1)
  Clock Uncertainty:      0.025ns  ((TSJ^2 + TIJ^2)^1/2 + DJ) / 2 + PE
    Total System Jitter     (TSJ):    0.050ns
    Total Input Jitter      (TIJ):    0.000ns
    Discrete Jitter          (DJ):    0.000ns
    Phase Error              (PE):    0.000ns

    Location             Delay type                Incr(ns)  Path(ns)    Netlist Resource(s)
  -------------------------------------------------------------------    -------------------
                         (clock sys_clk_pin rise edge)
                                                      0.000     0.000 r  
    E3                                                0.000     0.000 r  CLK100MHZ (IN)
                         net (fo=0)                   0.000     0.000    CLK100MHZ
    E3                   IBUF (Prop_ibuf_I_O)         0.257     0.257 r  u_sys_clk_ibuf/O
                         net (fo=2, unplaced)         0.337     0.594    sys_clk_ibuf
                         BUFG (Prop_bufg_I_O)         0.026     0.620 r  u_logic_clk_bufg/O
                         net (fo=906, unplaced)       0.210     0.830    logic_clk
                         FDRE                                         r  phy_ready_reg/C
  -------------------------------------------------------------------    -------------------
                         FDRE (Prop_fdre_C_Q)         0.141     0.971 r  phy_ready_reg/Q
                         net (fo=5, unplaced)         0.337     1.308    ETH_RSTN_OBUF
    B3                   OBUF (Prop_obuf_I_O)         1.319     2.627 r  ETH_RSTN_OBUF_inst/O
                         net (fo=0)                   0.000     2.627    ETH_RSTN
    B3                                                                r  ETH_RSTN (OUT)
  -------------------------------------------------------------------    -------------------





--------------------------------------------------------------------------------------
Path Group:  (none)
From Clock:  
  To Clock:  sys_clk_pin

Max Delay            44 Endpoints
Min Delay            44 Endpoints
--------------------------------------------------------------------------------------


Max Delay Paths
--------------------------------------------------------------------------------------
Slack:                    inf
  Source:                 CPU_RESETN
                            (input port)
  Destination:            phy_reset_count_reg[0]/R
                            (rising edge-triggered cell FDRE clocked by sys_clk_pin  {rise@0.000ns fall@5.000ns period=10.000ns})
  Path Group:             (none)
  Path Type:              Setup (Max at Slow Process Corner)
  Data Path Delay:        3.266ns  (logic 1.630ns (49.910%)  route 1.636ns (50.090%))
  Logic Levels:           2  (IBUF=1 LUT2=1)
  Clock Path Skew:        2.924ns (DCD - SCD + CPR)
    Destination Clock Delay (DCD):    2.924ns
    Source Clock Delay      (SCD):    0.000ns
    Clock Pessimism Removal (CPR):    0.000ns
  Clock Uncertainty:      0.025ns  ((TSJ^2 + TIJ^2)^1/2 + DJ) / 2 + PE
    Total System Jitter     (TSJ):    0.050ns
    Total Input Jitter      (TIJ):    0.000ns
    Discrete Jitter          (DJ):    0.000ns
    Phase Error              (PE):    0.000ns

    Location             Delay type                Incr(ns)  Path(ns)    Netlist Resource(s)
  -------------------------------------------------------------------    -------------------
    C12                                               0.000     0.000 f  CPU_RESETN (IN)
                         net (fo=0)                   0.000     0.000    CPU_RESETN
    C12                  IBUF (Prop_ibuf_I_O)         1.506     1.506 f  CPU_RESETN_IBUF_inst/O
                         net (fo=4, unplaced)         0.800     2.306    CPU_RESETN_IBUF
                         LUT2 (Prop_lut2_I0_O)        0.124     2.430 r  phy_reset_count[0]_i_1/O
                         net (fo=20, unplaced)        0.836     3.266    phy_reset_count0
                         FDRE                                         r  phy_reset_count_reg[0]/R
  -------------------------------------------------------------------    -------------------

                         (clock sys_clk_pin rise edge)
                                                      0.000     0.000 r  
    E3                                                0.000     0.000 r  CLK100MHZ (IN)
                         net (fo=0)                   0.000     0.000    CLK100MHZ
    E3                   IBUF (Prop_ibuf_I_O)         1.418     1.418 r  u_sys_clk_ibuf/O
                         net (fo=2, unplaced)         0.760     2.178    sys_clk_ibuf
                         BUFG (Prop_bufg_I_O)         0.091     2.269 r  u_logic_clk_bufg/O
                         net (fo=906, unplaced)       0.655     2.924    logic_clk
                         FDRE                                         r  phy_reset_count_reg[0]/C





Min Delay Paths
--------------------------------------------------------------------------------------
Slack:                    inf
  Source:                 u_ethernet_clk_wiz/inst/mmcm_adv_inst/LOCKED
                            (internal pin)
  Destination:            phy_ready_reg/D
                            (rising edge-triggered cell FDRE clocked by sys_clk_pin  {rise@0.000ns fall@5.000ns period=10.000ns})
  Path Group:             (none)
  Path Type:              Hold (Min at Fast Process Corner)
  Data Path Delay:        0.380ns  (logic 0.043ns (11.313%)  route 0.337ns (88.687%))
  Logic Levels:           1  (LUT4=1)
  Clock Uncertainty:      0.025ns  ((TSJ^2 + TIJ^2)^1/2 + DJ) / 2 + PE
    Total System Jitter     (TSJ):    0.050ns
    Total Input Jitter      (TIJ):    0.000ns
    Discrete Jitter          (DJ):    0.000ns
    Phase Error              (PE):    0.000ns

    Location             Delay type                Incr(ns)  Path(ns)    Netlist Resource(s)
  -------------------------------------------------------------------    -------------------
                         MMCME2_ADV                   0.000     0.000 r  u_ethernet_clk_wiz/inst/mmcm_adv_inst/LOCKED
                         net (fo=3, unplaced)         0.337     0.337    clock_locked
                         LUT4 (Prop_lut4_I2_O)        0.043     0.380 r  phy_ready_i_1/O
                         net (fo=1, unplaced)         0.000     0.380    phy_ready_i_1_n_0
                         FDRE                                         r  phy_ready_reg/D
  -------------------------------------------------------------------    -------------------

                         (clock sys_clk_pin rise edge)
                                                      0.000     0.000 r  
    E3                                                0.000     0.000 r  CLK100MHZ (IN)
                         net (fo=0)                   0.000     0.000    CLK100MHZ
    E3                   IBUF (Prop_ibuf_I_O)         0.445     0.445 r  u_sys_clk_ibuf/O
                         net (fo=2, unplaced)         0.355     0.799    sys_clk_ibuf
                         BUFG (Prop_bufg_I_O)         0.029     0.828 r  u_logic_clk_bufg/O
                         net (fo=906, unplaced)       0.355     1.183    logic_clk
                         FDRE                                         r  phy_ready_reg/C





