Copyright 1986-2022 Xilinx, Inc. All Rights Reserved. Copyright 2022-2026 Advanced Micro Devices, Inc. All Rights Reserved.
----------------------------------------------------------------------------------------------------------------------------------------------------------------------------------------
| Tool Version : Vivado v.2025.2.1 (win64) Build 6403652 Thu Mar 19 19:48:24 GMT 2026
| Date         : Wed Jul 22 21:07:34 2026
| Host         : LAPTOP-GFLFTQ3I running 64-bit major release  (build 9200)
| Command      : report_timing_summary -delay_type min_max -report_unconstrained -check_timing_verbose -file D:/prg/prg_cam/docs/reports/ethernet_bringup/post_route_timing_summary.rpt
| Design       : Camera_Ethernet_Top
| Device       : 7a50ti-csg324
| Speed File   : -1L  PRODUCTION 1.23 2018-06-13
| Design State : Routed
----------------------------------------------------------------------------------------------------------------------------------------------------------------------------------------

Timing Summary Report

------------------------------------------------------------------------------------------------
| Timer Settings
| --------------
------------------------------------------------------------------------------------------------

  Enable Multi Corner Analysis               :  Yes
  Enable Pessimism Removal                   :  Yes
  Pessimism Removal Resolution               :  Nearest Common Node
  Enable Input Delay Default Clock           :  No
  Enable Preset / Clear Arcs                 :  No
  Disable Flight Delays                      :  No
  Ignore I/O Paths                           :  No
  Timing Early Launch at Borrowing Latches   :  No
  Borrow Time for Max Delay Exceptions       :  Yes
  Merge Timing Exceptions                    :  Yes
  Inter-SLR Compensation                     :  Conservative

  Corner  Analyze    Analyze    
  Name    Max Paths  Min Paths  
  ------  ---------  ---------  
  Slow    Yes        Yes        
  Fast    Yes        Yes        


------------------------------------------------------------------------------------------------
| Report Methodology
| ------------------
------------------------------------------------------------------------------------------------

Rule       Severity  Description                                 Violations  
---------  --------  ------------------------------------------  ----------  
SYNTH-6    Warning   Timing of a RAM block might be sub-optimal  1           
TIMING-18  Warning   Missing input or output delay               5           

Note: This report is based on the most recent report_methodology run and may not be up-to-date. Run report_methodology on the current design for the latest report.



check_timing report

Table of Contents
-----------------
1. checking no_clock (0)
2. checking constant_clock (0)
3. checking pulse_width_clock (0)
4. checking unconstrained_internal_endpoints (0)
5. checking no_input_delay (1)
6. checking no_output_delay (2)
7. checking multiple_clock (0)
8. checking generated_clocks (0)
9. checking loops (0)
10. checking partial_input_delay (0)
11. checking partial_output_delay (0)
12. checking latch_loops (0)

1. checking no_clock (0)
------------------------
 There are 0 register/latch pins with no clock.


2. checking constant_clock (0)
------------------------------
 There are 0 register/latch pins with constant_clock.


3. checking pulse_width_clock (0)
---------------------------------
 There are 0 register/latch pins which need pulse_width check


4. checking unconstrained_internal_endpoints (0)
------------------------------------------------
 There are 0 pins that are not constrained for maximum delay.

 There are 0 pins that are not constrained for maximum delay due to constant clock.


5. checking no_input_delay (1)
------------------------------
 There is 1 input port with no input delay specified. (HIGH)

CPU_RESETN

 There are 0 input ports with no input delay but user has a false path constraint.


6. checking no_output_delay (2)
-------------------------------
 There is 1 port with no output delay specified. (HIGH)

ETH_RSTN

 There are 0 ports with no output delay but user has a false path constraint

 There is 1 port with no output delay but with a timing clock defined on it or propagating through it (LOW)

ETH_REFCLK


7. checking multiple_clock (0)
------------------------------
 There are 0 register/latch pins with multiple clocks.


8. checking generated_clocks (0)
--------------------------------
 There are 0 generated clocks that are not connected to a clock source.


9. checking loops (0)
---------------------
 There are 0 combinational loops in the design.


10. checking partial_input_delay (0)
------------------------------------
 There are 0 input ports with partial input delay specified.


11. checking partial_output_delay (0)
-------------------------------------
 There are 0 ports with partial output delay specified.


12. checking latch_loops (0)
----------------------------
 There are 0 combinational latch loops in the design through latch input



------------------------------------------------------------------------------------------------
| Design Timing Summary
| ---------------------
------------------------------------------------------------------------------------------------

    WNS(ns)      TNS(ns)  TNS Failing Endpoints  TNS Total Endpoints      WHS(ns)      THS(ns)  THS Failing Endpoints  THS Total Endpoints     WPWS(ns)     TPWS(ns)  TPWS Failing Endpoints  TPWS Total Endpoints  
    -------      -------  ---------------------  -------------------      -------      -------  ---------------------  -------------------     --------     --------  ----------------------  --------------------  
      0.492        0.000                      0                 1004        0.053        0.000                      0                 1004        3.000        0.000                       0                   385  


All user specified timing constraints are met.


------------------------------------------------------------------------------------------------
| Clock Summary
| -------------
------------------------------------------------------------------------------------------------

Clock                            Waveform(ns)       Period(ns)      Frequency(MHz)
-----                            ------------       ----------      --------------
sys_clk_pin                      {0.000 5.000}      10.000          100.000         
  clkfbout_ethernet_clk_wiz      {0.000 5.000}      10.000          100.000         
  phy_ref_clk_ethernet_clk_wiz   {2.500 12.500}     20.000          50.000          
    eth_refclk_out               {2.500 12.500}     20.000          50.000          
  rmii_ref_clk_ethernet_clk_wiz  {0.000 10.000}     20.000          50.000          
    mii_tx_clk                   {0.000 20.000}     40.000          25.000          


------------------------------------------------------------------------------------------------
| Intra Clock Table
| -----------------
------------------------------------------------------------------------------------------------

Clock                                WNS(ns)      TNS(ns)  TNS Failing Endpoints  TNS Total Endpoints      WHS(ns)      THS(ns)  THS Failing Endpoints  THS Total Endpoints     WPWS(ns)     TPWS(ns)  TPWS Failing Endpoints  TPWS Total Endpoints  
-----                                -------      -------  ---------------------  -------------------      -------      -------  ---------------------  -------------------     --------     --------  ----------------------  --------------------  
sys_clk_pin                            1.282        0.000                      0                  465        0.096        0.000                      0                  465        3.000        0.000                       0                   168  
  clkfbout_ethernet_clk_wiz                                                                                                                                                        7.845        0.000                       0                     3  
  phy_ref_clk_ethernet_clk_wiz                                                                                                                                                    17.845        0.000                       0                     6  
  rmii_ref_clk_ethernet_clk_wiz       17.566        0.000                      0                   28        0.131        0.000                      0                   28        9.500        0.000                       0                    30  
    mii_tx_clk                        33.423        0.000                      0                  436        0.121        0.000                      0                  436       19.500        0.000                       0                   178  


------------------------------------------------------------------------------------------------
| Inter Clock Table
| -----------------
------------------------------------------------------------------------------------------------

From Clock                     To Clock                           WNS(ns)      TNS(ns)  TNS Failing Endpoints  TNS Total Endpoints      WHS(ns)      THS(ns)  THS Failing Endpoints  THS Total Endpoints  
----------                     --------                           -------      -------  ---------------------  -------------------      -------      -------  ---------------------  -------------------  
mii_tx_clk                     sys_clk_pin                          1.796        0.000                      0                   14        2.367        0.000                      0                   14  
rmii_ref_clk_ethernet_clk_wiz  phy_ref_clk_ethernet_clk_wiz         9.931        0.000                      0                    3        7.504        0.000                      0                    3  
phy_ref_clk_ethernet_clk_wiz   eth_refclk_out                       5.288        0.000                      0                    3        8.048        0.000                      0                    3  
mii_tx_clk                     rmii_ref_clk_ethernet_clk_wiz       11.558        0.000                      0                    6        0.221        0.000                      0                    6  
sys_clk_pin                    mii_tx_clk                           2.701        0.000                      0                   14        0.053        0.000                      0                   14  


------------------------------------------------------------------------------------------------
| Other Path Groups Table
| -----------------------
------------------------------------------------------------------------------------------------

Path Group                     From Clock                     To Clock                           WNS(ns)      TNS(ns)  TNS Failing Endpoints  TNS Total Endpoints      WHS(ns)      THS(ns)  THS Failing Endpoints  THS Total Endpoints  
----------                     ----------                     --------                           -------      -------  ---------------------  -------------------      -------      -------  ---------------------  -------------------  
**async_default**              sys_clk_pin                    mii_tx_clk                           0.492        0.000                      0                    8        3.013        0.000                      0                    8  
**async_default**              rmii_ref_clk_ethernet_clk_wiz  rmii_ref_clk_ethernet_clk_wiz       18.194        0.000                      0                   24        0.472        0.000                      0                   24  
**async_default**              sys_clk_pin                    rmii_ref_clk_ethernet_clk_wiz        1.234        0.000                      0                    4        3.261        0.000                      0                    4  
**async_default**              mii_tx_clk                     sys_clk_pin                          1.998        0.000                      0                    4        2.545        0.000                      0                    4  


------------------------------------------------------------------------------------------------
| User Ignored Path Table
| -----------------------
------------------------------------------------------------------------------------------------

Path Group    From Clock    To Clock    
----------    ----------    --------    


------------------------------------------------------------------------------------------------
| Unconstrained Path Table
| ------------------------
------------------------------------------------------------------------------------------------

Path Group                    From Clock                    To Clock                    
----------                    ----------                    --------                    
(none)                        phy_ref_clk_ethernet_clk_wiz                                
(none)                        sys_clk_pin                                                 
(none)                                                      sys_clk_pin                   


------------------------------------------------------------------------------------------------
| Timing Details
| --------------
------------------------------------------------------------------------------------------------


---------------------------------------------------------------------------------------------------
From Clock:  sys_clk_pin
  To Clock:  sys_clk_pin

Setup :            0  Failing Endpoints,  Worst Slack        1.282ns,  Total Violation        0.000ns
Hold  :            0  Failing Endpoints,  Worst Slack        0.096ns,  Total Violation        0.000ns
PW    :            0  Failing Endpoints,  Worst Slack        3.000ns,  Total Violation        0.000ns
---------------------------------------------------------------------------------------------------


Max Delay Paths
--------------------------------------------------------------------------------------
Slack (MET) :             1.282ns  (required time - arrival time)
  Source:                 phy_ready_reg/C
                            (rising edge-triggered cell FDRE clocked by sys_clk_pin  {rise@0.000ns fall@5.000ns period=10.000ns})
  Destination:            u_taxi_ethernet_subsystem/u_taxi_eth_mac_mii_fifo/tx_fifo/fifo_inst/s_frame_reg_reg/R
                            (rising edge-triggered cell FDRE clocked by sys_clk_pin  {rise@0.000ns fall@5.000ns period=10.000ns})
  Path Group:             sys_clk_pin
  Path Type:              Setup (Max at Slow Process Corner)
  Requirement:            10.000ns  (sys_clk_pin rise@10.000ns - sys_clk_pin rise@0.000ns)
  Data Path Delay:        8.277ns  (logic 0.580ns (7.007%)  route 7.697ns (92.993%))
  Logic Levels:           1  (LUT1=1)
  Clock Path Skew:        0.024ns (DCD - SCD + CPR)
    Destination Clock Delay (DCD):    5.043ns = ( 15.043 - 10.000 ) 
    Source Clock Delay      (SCD):    5.288ns
    Clock Pessimism Removal (CPR):    0.268ns
  Clock Uncertainty:      0.035ns  ((TSJ^2 + TIJ^2)^1/2 + DJ) / 2 + PE
    Total System Jitter     (TSJ):    0.071ns
    Total Input Jitter      (TIJ):    0.000ns
    Discrete Jitter          (DJ):    0.000ns
    Phase Error              (PE):    0.000ns

    Location             Delay type                Incr(ns)  Path(ns)    Netlist Resource(s)
  -------------------------------------------------------------------    -------------------
                         (clock sys_clk_pin rise edge)
                                                      0.000     0.000 r  
    E3                                                0.000     0.000 r  CLK100MHZ (IN)
                         net (fo=0)                   0.000     0.000    CLK100MHZ
    E3                   IBUF (Prop_ibuf_I_O)         1.489     1.489 r  u_sys_clk_ibuf/O
                         net (fo=2, routed)           1.967     3.455    sys_clk_ibuf
    BUFGCTRL_X0Y16       BUFG (Prop_bufg_I_O)         0.096     3.551 r  u_logic_clk_bufg/O
                         net (fo=165, routed)         1.736     5.288    logic_clk
    SLICE_X9Y109         FDRE                                         r  phy_ready_reg/C
  -------------------------------------------------------------------    -------------------
    SLICE_X9Y109         FDRE (Prop_fdre_C_Q)         0.456     5.744 f  phy_ready_reg/Q
                         net (fo=13, routed)          6.361    12.105    ETH_RSTN_OBUF
    SLICE_X9Y109         LUT1 (Prop_lut1_I0_O)        0.124    12.229 r  u_fixed_packet_generator_i_1/O
                         net (fo=77, routed)          1.336    13.565    u_taxi_ethernet_subsystem/u_taxi_eth_mac_mii_fifo/tx_fifo/fifo_inst/mac_rst
    SLICE_X7Y116         FDRE                                         r  u_taxi_ethernet_subsystem/u_taxi_eth_mac_mii_fifo/tx_fifo/fifo_inst/s_frame_reg_reg/R
  -------------------------------------------------------------------    -------------------

                         (clock sys_clk_pin rise edge)
                                                     10.000    10.000 r  
    E3                                                0.000    10.000 r  CLK100MHZ (IN)
                         net (fo=0)                   0.000    10.000    CLK100MHZ
    E3                   IBUF (Prop_ibuf_I_O)         1.418    11.418 r  u_sys_clk_ibuf/O
                         net (fo=2, routed)           1.862    13.280    sys_clk_ibuf
    BUFGCTRL_X0Y16       BUFG (Prop_bufg_I_O)         0.091    13.371 r  u_logic_clk_bufg/O
                         net (fo=165, routed)         1.672    15.043    u_taxi_ethernet_subsystem/u_taxi_eth_mac_mii_fifo/tx_fifo/fifo_inst/logic_clk
    SLICE_X7Y116         FDRE                                         r  u_taxi_ethernet_subsystem/u_taxi_eth_mac_mii_fifo/tx_fifo/fifo_inst/s_frame_reg_reg/C
                         clock pessimism              0.268    15.312    
                         clock uncertainty           -0.035    15.276    
    SLICE_X7Y116         FDRE (Setup_fdre_C_R)       -0.429    14.847    u_taxi_ethernet_subsystem/u_taxi_eth_mac_mii_fifo/tx_fifo/fifo_inst/s_frame_reg_reg
  -------------------------------------------------------------------
                         required time                         14.847    
                         arrival time                         -13.565    
  -------------------------------------------------------------------
                         slack                                  1.282    





Min Delay Paths
--------------------------------------------------------------------------------------
Slack (MET) :             0.096ns  (arrival time - required time)
  Source:                 u_fixed_packet_generator/byte_index_reg[4]/C
                            (rising edge-triggered cell FDRE clocked by sys_clk_pin  {rise@0.000ns fall@5.000ns period=10.000ns})
  Destination:            u_ethernet_byte_fifo/mem_reg/DIADI[4]
                            (rising edge-triggered cell RAMB18E1 clocked by sys_clk_pin  {rise@0.000ns fall@5.000ns period=10.000ns})
  Path Group:             sys_clk_pin
  Path Type:              Hold (Min at Fast Process Corner)
  Requirement:            0.000ns  (sys_clk_pin rise@0.000ns - sys_clk_pin rise@0.000ns)
  Data Path Delay:        0.306ns  (logic 0.164ns (53.567%)  route 0.142ns (46.433%))
  Logic Levels:           0  
  Clock Path Skew:        0.055ns (DCD - SCD - CPR)
    Destination Clock Delay (DCD):    2.115ns
    Source Clock Delay      (SCD):    1.556ns
    Clock Pessimism Removal (CPR):    0.504ns

    Location             Delay type                Incr(ns)  Path(ns)    Netlist Resource(s)
  -------------------------------------------------------------------    -------------------
                         (clock sys_clk_pin rise edge)
                                                      0.000     0.000 r  
    E3                                                0.000     0.000 r  CLK100MHZ (IN)
                         net (fo=0)                   0.000     0.000    CLK100MHZ
    E3                   IBUF (Prop_ibuf_I_O)         0.257     0.257 r  u_sys_clk_ibuf/O
                         net (fo=2, routed)           0.631     0.888    sys_clk_ibuf
    BUFGCTRL_X0Y16       BUFG (Prop_bufg_I_O)         0.026     0.914 r  u_logic_clk_bufg/O
                         net (fo=165, routed)         0.642     1.556    u_fixed_packet_generator/clk
    SLICE_X8Y111         FDRE                                         r  u_fixed_packet_generator/byte_index_reg[4]/C
  -------------------------------------------------------------------    -------------------
    SLICE_X8Y111         FDRE (Prop_fdre_C_Q)         0.164     1.720 r  u_fixed_packet_generator/byte_index_reg[4]/Q
                         net (fo=5, routed)           0.142     1.862    u_ethernet_byte_fifo/in_data[4]
    RAMB18_X0Y44         RAMB18E1                                     r  u_ethernet_byte_fifo/mem_reg/DIADI[4]
  -------------------------------------------------------------------    -------------------

                         (clock sys_clk_pin rise edge)
                                                      0.000     0.000 r  
    E3                                                0.000     0.000 r  CLK100MHZ (IN)
                         net (fo=0)                   0.000     0.000    CLK100MHZ
    E3                   IBUF (Prop_ibuf_I_O)         0.445     0.445 r  u_sys_clk_ibuf/O
                         net (fo=2, routed)           0.685     1.129    sys_clk_ibuf
    BUFGCTRL_X0Y16       BUFG (Prop_bufg_I_O)         0.029     1.158 r  u_logic_clk_bufg/O
                         net (fo=165, routed)         0.957     2.115    u_ethernet_byte_fifo/clk
    RAMB18_X0Y44         RAMB18E1                                     r  u_ethernet_byte_fifo/mem_reg/CLKARDCLK
                         clock pessimism             -0.504     1.611    
    RAMB18_X0Y44         RAMB18E1 (Hold_ramb18e1_CLKARDCLK_DIADI[4])
                                                      0.155     1.766    u_ethernet_byte_fifo/mem_reg
  -------------------------------------------------------------------
                         required time                         -1.766    
                         arrival time                           1.862    
  -------------------------------------------------------------------
                         slack                                  0.096    





Pulse Width Checks
--------------------------------------------------------------------------------------
Clock Name:         sys_clk_pin
Waveform(ns):       { 0.000 5.000 }
Period(ns):         10.000
Sources:            { CLK100MHZ }

Check Type        Corner  Lib Pin             Reference Pin  Required(ns)  Actual(ns)  Slack(ns)  Location         Pin
Min Period        n/a     RAMB18E1/CLKARDCLK  n/a            2.944         10.000      7.056      RAMB18_X0Y44     u_ethernet_byte_fifo/mem_reg/CLKARDCLK
Max Period        n/a     MMCME2_ADV/CLKIN1   n/a            100.000       10.000      90.000     MMCME2_ADV_X1Y0  u_ethernet_clk_wiz/inst/mmcm_adv_inst/CLKIN1
Low Pulse Width   Slow    MMCME2_ADV/CLKIN1   n/a            2.000         5.000       3.000      MMCME2_ADV_X1Y0  u_ethernet_clk_wiz/inst/mmcm_adv_inst/CLKIN1
High Pulse Width  Slow    MMCME2_ADV/CLKIN1   n/a            2.000         5.000       3.000      MMCME2_ADV_X1Y0  u_ethernet_clk_wiz/inst/mmcm_adv_inst/CLKIN1



---------------------------------------------------------------------------------------------------
From Clock:  clkfbout_ethernet_clk_wiz
  To Clock:  clkfbout_ethernet_clk_wiz

Setup :           NA  Failing Endpoints,  Worst Slack           NA  ,  Total Violation           NA
Hold  :           NA  Failing Endpoints,  Worst Slack           NA  ,  Total Violation           NA
PW    :            0  Failing Endpoints,  Worst Slack        7.845ns,  Total Violation        0.000ns
---------------------------------------------------------------------------------------------------


Pulse Width Checks
--------------------------------------------------------------------------------------
Clock Name:         clkfbout_ethernet_clk_wiz
Waveform(ns):       { 0.000 5.000 }
Period(ns):         10.000
Sources:            { u_ethernet_clk_wiz/inst/mmcm_adv_inst/CLKFBOUT }

Check Type  Corner  Lib Pin             Reference Pin  Required(ns)  Actual(ns)  Slack(ns)  Location         Pin
Min Period  n/a     BUFG/I              n/a            2.155         10.000      7.845      BUFGCTRL_X0Y3    u_ethernet_clk_wiz/inst/clkf_buf/I
Max Period  n/a     MMCME2_ADV/CLKFBIN  n/a            100.000       10.000      90.000     MMCME2_ADV_X1Y0  u_ethernet_clk_wiz/inst/mmcm_adv_inst/CLKFBIN



---------------------------------------------------------------------------------------------------
From Clock:  phy_ref_clk_ethernet_clk_wiz
  To Clock:  phy_ref_clk_ethernet_clk_wiz

Setup :           NA  Failing Endpoints,  Worst Slack           NA  ,  Total Violation           NA
Hold  :           NA  Failing Endpoints,  Worst Slack           NA  ,  Total Violation           NA
PW    :            0  Failing Endpoints,  Worst Slack       17.845ns,  Total Violation        0.000ns
---------------------------------------------------------------------------------------------------


Pulse Width Checks
--------------------------------------------------------------------------------------
Clock Name:         phy_ref_clk_ethernet_clk_wiz
Waveform(ns):       { 2.500 12.500 }
Period(ns):         20.000
Sources:            { u_ethernet_clk_wiz/inst/mmcm_adv_inst/CLKOUT1 }

Check Type  Corner  Lib Pin             Reference Pin  Required(ns)  Actual(ns)  Slack(ns)  Location         Pin
Min Period  n/a     BUFG/I              n/a            2.155         20.000      17.845     BUFGCTRL_X0Y0    u_ethernet_clk_wiz/inst/clkout2_buf/I
Max Period  n/a     MMCME2_ADV/CLKOUT1  n/a            213.360       20.000      193.360    MMCME2_ADV_X1Y0  u_ethernet_clk_wiz/inst/mmcm_adv_inst/CLKOUT1



---------------------------------------------------------------------------------------------------
From Clock:  rmii_ref_clk_ethernet_clk_wiz
  To Clock:  rmii_ref_clk_ethernet_clk_wiz

Setup :            0  Failing Endpoints,  Worst Slack       17.566ns,  Total Violation        0.000ns
Hold  :            0  Failing Endpoints,  Worst Slack        0.131ns,  Total Violation        0.000ns
PW    :            0  Failing Endpoints,  Worst Slack        9.500ns,  Total Violation        0.000ns
---------------------------------------------------------------------------------------------------


Max Delay Paths
--------------------------------------------------------------------------------------
Slack (MET) :             17.566ns  (required time - arrival time)
  Source:                 u_ethernet_mii_rmii_bridge/u_rmii_phy_if/mode_speed_r_reg/C
                            (rising edge-triggered cell FDCE clocked by rmii_ref_clk_ethernet_clk_wiz  {rise@0.000ns fall@10.000ns period=20.000ns})
  Destination:            u_ethernet_mii_rmii_bridge/u_rmii_phy_if/rstn_shift_reg[5]/D
                            (rising edge-triggered cell FDCE clocked by rmii_ref_clk_ethernet_clk_wiz  {rise@0.000ns fall@10.000ns period=20.000ns})
  Path Group:             rmii_ref_clk_ethernet_clk_wiz
  Path Type:              Setup (Max at Slow Process Corner)
  Requirement:            20.000ns  (rmii_ref_clk_ethernet_clk_wiz rise@20.000ns - rmii_ref_clk_ethernet_clk_wiz rise@0.000ns)
  Data Path Delay:        2.384ns  (logic 0.580ns (24.331%)  route 1.804ns (75.669%))
  Logic Levels:           1  (LUT2=1)
  Clock Path Skew:        0.000ns (DCD - SCD + CPR)
    Destination Clock Delay (DCD):    5.046ns = ( 25.046 - 20.000 ) 
    Source Clock Delay      (SCD):    5.351ns
    Clock Pessimism Removal (CPR):    0.304ns
  Clock Uncertainty:      0.082ns  ((TSJ^2 + DJ^2)^1/2) / 2 + PE
    Total System Jitter     (TSJ):    0.071ns
    Discrete Jitter          (DJ):    0.147ns
    Phase Error              (PE):    0.000ns

    Location             Delay type                Incr(ns)  Path(ns)    Netlist Resource(s)
  -------------------------------------------------------------------    -------------------
                         (clock rmii_ref_clk_ethernet_clk_wiz rise edge)
                                                      0.000     0.000 r  
    E3                                                0.000     0.000 r  CLK100MHZ (IN)
                         net (fo=0)                   0.000     0.000    CLK100MHZ
    E3                   IBUF (Prop_ibuf_I_O)         1.489     1.489 r  u_sys_clk_ibuf/O
                         net (fo=2, routed)           1.967     3.455    u_ethernet_clk_wiz/inst/sys_clk
    BUFGCTRL_X0Y17       BUFG (Prop_bufg_I_O)         0.096     3.551 r  u_ethernet_clk_wiz/inst/clkin1_bufg/O
                         net (fo=1, routed)           1.577     5.129    u_ethernet_clk_wiz/inst/sys_clk_ethernet_clk_wiz
    MMCME2_ADV_X1Y0      MMCME2_ADV (Prop_mmcme2_adv_CLKIN1_CLKOUT0)
                                                     -3.333     1.796 r  u_ethernet_clk_wiz/inst/mmcm_adv_inst/CLKOUT0
                         net (fo=1, routed)           1.661     3.457    u_ethernet_clk_wiz/inst/rmii_ref_clk_ethernet_clk_wiz
    BUFGCTRL_X0Y2        BUFG (Prop_bufg_I_O)         0.096     3.553 r  u_ethernet_clk_wiz/inst/clkout1_buf/O
                         net (fo=28, routed)          1.797     5.351    u_ethernet_mii_rmii_bridge/u_rmii_phy_if/rmii_ref_clk
    SLICE_X0Y119         FDCE                                         r  u_ethernet_mii_rmii_bridge/u_rmii_phy_if/mode_speed_r_reg/C
  -------------------------------------------------------------------    -------------------
    SLICE_X0Y119         FDCE (Prop_fdce_C_Q)         0.456     5.807 r  u_ethernet_mii_rmii_bridge/u_rmii_phy_if/mode_speed_r_reg/Q
                         net (fo=13, routed)          1.804     7.611    u_ethernet_mii_rmii_bridge/u_rmii_phy_if/mode_speed_r
    SLICE_X0Y119         LUT2 (Prop_lut2_I1_O)        0.124     7.735 r  u_ethernet_mii_rmii_bridge/u_rmii_phy_if/rstn_shift[5]_i_1/O
                         net (fo=1, routed)           0.000     7.735    u_ethernet_mii_rmii_bridge/u_rmii_phy_if/rstn_shift[5]_i_1_n_0
    SLICE_X0Y119         FDCE                                         r  u_ethernet_mii_rmii_bridge/u_rmii_phy_if/rstn_shift_reg[5]/D
  -------------------------------------------------------------------    -------------------

                         (clock rmii_ref_clk_ethernet_clk_wiz rise edge)
                                                     20.000    20.000 r  
    E3                                                0.000    20.000 r  CLK100MHZ (IN)
                         net (fo=0)                   0.000    20.000    CLK100MHZ
    E3                   IBUF (Prop_ibuf_I_O)         1.418    21.418 r  u_sys_clk_ibuf/O
                         net (fo=2, routed)           1.862    23.280    u_ethernet_clk_wiz/inst/sys_clk
    BUFGCTRL_X0Y17       BUFG (Prop_bufg_I_O)         0.091    23.371 r  u_ethernet_clk_wiz/inst/clkin1_bufg/O
                         net (fo=1, routed)           1.460    24.832    u_ethernet_clk_wiz/inst/sys_clk_ethernet_clk_wiz
    MMCME2_ADV_X1Y0      MMCME2_ADV (Prop_mmcme2_adv_CLKIN1_CLKOUT0)
                                                     -3.129    21.702 r  u_ethernet_clk_wiz/inst/mmcm_adv_inst/CLKOUT0
                         net (fo=1, routed)           1.581    23.283    u_ethernet_clk_wiz/inst/rmii_ref_clk_ethernet_clk_wiz
    BUFGCTRL_X0Y2        BUFG (Prop_bufg_I_O)         0.091    23.374 r  u_ethernet_clk_wiz/inst/clkout1_buf/O
                         net (fo=28, routed)          1.672    25.046    u_ethernet_mii_rmii_bridge/u_rmii_phy_if/rmii_ref_clk
    SLICE_X0Y119         FDCE                                         r  u_ethernet_mii_rmii_bridge/u_rmii_phy_if/rstn_shift_reg[5]/C
                         clock pessimism              0.304    25.351    
                         clock uncertainty           -0.082    25.269    
    SLICE_X0Y119         FDCE (Setup_fdce_C_D)        0.031    25.300    u_ethernet_mii_rmii_bridge/u_rmii_phy_if/rstn_shift_reg[5]
  -------------------------------------------------------------------
                         required time                         25.300    
                         arrival time                          -7.735    
  -------------------------------------------------------------------
                         slack                                 17.566    





Min Delay Paths
--------------------------------------------------------------------------------------
Slack (MET) :             0.131ns  (arrival time - required time)
  Source:                 u_ethernet_mii_rmii_bridge/rmii_reset_sync_reg[0]/C
                            (rising edge-triggered cell FDPE clocked by rmii_ref_clk_ethernet_clk_wiz  {rise@0.000ns fall@10.000ns period=20.000ns})
  Destination:            u_ethernet_mii_rmii_bridge/rmii_reset_sync_reg[1]/D
                            (rising edge-triggered cell FDPE clocked by rmii_ref_clk_ethernet_clk_wiz  {rise@0.000ns fall@10.000ns period=20.000ns})
  Path Group:             rmii_ref_clk_ethernet_clk_wiz
  Path Type:              Hold (Min at Fast Process Corner)
  Requirement:            0.000ns  (rmii_ref_clk_ethernet_clk_wiz rise@0.000ns - rmii_ref_clk_ethernet_clk_wiz rise@0.000ns)
  Data Path Delay:        0.206ns  (logic 0.141ns (68.336%)  route 0.065ns (31.664%))
  Logic Levels:           0  
  Clock Path Skew:        0.000ns (DCD - SCD - CPR)
    Destination Clock Delay (DCD):    2.102ns
    Source Clock Delay      (SCD):    1.585ns
    Clock Pessimism Removal (CPR):    0.518ns

    Location             Delay type                Incr(ns)  Path(ns)    Netlist Resource(s)
  -------------------------------------------------------------------    -------------------
                         (clock rmii_ref_clk_ethernet_clk_wiz rise edge)
                                                      0.000     0.000 r  
    E3                                                0.000     0.000 r  CLK100MHZ (IN)
                         net (fo=0)                   0.000     0.000    CLK100MHZ
    E3                   IBUF (Prop_ibuf_I_O)         0.257     0.257 r  u_sys_clk_ibuf/O
                         net (fo=2, routed)           0.631     0.888    u_ethernet_clk_wiz/inst/sys_clk
    BUFGCTRL_X0Y17       BUFG (Prop_bufg_I_O)         0.026     0.914 r  u_ethernet_clk_wiz/inst/clkin1_bufg/O
                         net (fo=1, routed)           0.551     1.464    u_ethernet_clk_wiz/inst/sys_clk_ethernet_clk_wiz
    MMCME2_ADV_X1Y0      MMCME2_ADV (Prop_mmcme2_adv_CLKIN1_CLKOUT0)
                                                     -1.061     0.404 r  u_ethernet_clk_wiz/inst/mmcm_adv_inst/CLKOUT0
                         net (fo=1, routed)           0.486     0.890    u_ethernet_clk_wiz/inst/rmii_ref_clk_ethernet_clk_wiz
    BUFGCTRL_X0Y2        BUFG (Prop_bufg_I_O)         0.026     0.916 r  u_ethernet_clk_wiz/inst/clkout1_buf/O
                         net (fo=28, routed)          0.669     1.585    u_ethernet_mii_rmii_bridge/rmii_ref_clk
    SLICE_X0Y117         FDPE                                         r  u_ethernet_mii_rmii_bridge/rmii_reset_sync_reg[0]/C
  -------------------------------------------------------------------    -------------------
    SLICE_X0Y117         FDPE (Prop_fdpe_C_Q)         0.141     1.726 r  u_ethernet_mii_rmii_bridge/rmii_reset_sync_reg[0]/Q
                         net (fo=1, routed)           0.065     1.791    u_ethernet_mii_rmii_bridge/rmii_reset_sync[0]
    SLICE_X0Y117         FDPE                                         r  u_ethernet_mii_rmii_bridge/rmii_reset_sync_reg[1]/D
  -------------------------------------------------------------------    -------------------

                         (clock rmii_ref_clk_ethernet_clk_wiz rise edge)
                                                      0.000     0.000 r  
    E3                                                0.000     0.000 r  CLK100MHZ (IN)
                         net (fo=0)                   0.000     0.000    CLK100MHZ
    E3                   IBUF (Prop_ibuf_I_O)         0.445     0.445 r  u_sys_clk_ibuf/O
                         net (fo=2, routed)           0.685     1.129    u_ethernet_clk_wiz/inst/sys_clk
    BUFGCTRL_X0Y17       BUFG (Prop_bufg_I_O)         0.029     1.158 r  u_ethernet_clk_wiz/inst/clkin1_bufg/O
                         net (fo=1, routed)           0.819     1.977    u_ethernet_clk_wiz/inst/sys_clk_ethernet_clk_wiz
    MMCME2_ADV_X1Y0      MMCME2_ADV (Prop_mmcme2_adv_CLKIN1_CLKOUT0)
                                                     -1.375     0.602 r  u_ethernet_clk_wiz/inst/mmcm_adv_inst/CLKOUT0
                         net (fo=1, routed)           0.530     1.131    u_ethernet_clk_wiz/inst/rmii_ref_clk_ethernet_clk_wiz
    BUFGCTRL_X0Y2        BUFG (Prop_bufg_I_O)         0.029     1.160 r  u_ethernet_clk_wiz/inst/clkout1_buf/O
                         net (fo=28, routed)          0.942     2.102    u_ethernet_mii_rmii_bridge/rmii_ref_clk
    SLICE_X0Y117         FDPE                                         r  u_ethernet_mii_rmii_bridge/rmii_reset_sync_reg[1]/C
                         clock pessimism             -0.518     1.585    
    SLICE_X0Y117         FDPE (Hold_fdpe_C_D)         0.075     1.660    u_ethernet_mii_rmii_bridge/rmii_reset_sync_reg[1]
  -------------------------------------------------------------------
                         required time                         -1.660    
                         arrival time                           1.791    
  -------------------------------------------------------------------
                         slack                                  0.131    





Pulse Width Checks
--------------------------------------------------------------------------------------
Clock Name:         rmii_ref_clk_ethernet_clk_wiz
Waveform(ns):       { 0.000 10.000 }
Period(ns):         20.000
Sources:            { u_ethernet_clk_wiz/inst/mmcm_adv_inst/CLKOUT0 }

Check Type        Corner  Lib Pin             Reference Pin  Required(ns)  Actual(ns)  Slack(ns)  Location         Pin
Min Period        n/a     BUFG/I              n/a            2.155         20.000      17.845     BUFGCTRL_X0Y2    u_ethernet_clk_wiz/inst/clkout1_buf/I
Max Period        n/a     MMCME2_ADV/CLKOUT0  n/a            213.360       20.000      193.360    MMCME2_ADV_X1Y0  u_ethernet_clk_wiz/inst/mmcm_adv_inst/CLKOUT0
Low Pulse Width   Slow    FDPE/C              n/a            0.500         10.000      9.500      SLICE_X0Y117     u_ethernet_mii_rmii_bridge/rmii_reset_sync_reg[0]/C
High Pulse Width  Slow    FDPE/C              n/a            0.500         10.000      9.500      SLICE_X0Y117     u_ethernet_mii_rmii_bridge/rmii_reset_sync_reg[0]/C



---------------------------------------------------------------------------------------------------
From Clock:  mii_tx_clk
  To Clock:  mii_tx_clk

Setup :            0  Failing Endpoints,  Worst Slack       33.423ns,  Total Violation        0.000ns
Hold  :            0  Failing Endpoints,  Worst Slack        0.121ns,  Total Violation        0.000ns
PW    :            0  Failing Endpoints,  Worst Slack       19.500ns,  Total Violation        0.000ns
---------------------------------------------------------------------------------------------------


Max Delay Paths
--------------------------------------------------------------------------------------
Slack (MET) :             33.423ns  (required time - arrival time)
  Source:                 u_taxi_ethernet_subsystem/u_taxi_eth_mac_mii_fifo/eth_mac_mii_inst/eth_mac_1g_inst/axis_gmii_tx_inst/frame_len_lim_reg_reg[5]/C
                            (rising edge-triggered cell FDSE clocked by mii_tx_clk  {rise@0.000ns fall@20.000ns period=40.000ns})
  Destination:            u_taxi_ethernet_subsystem/u_taxi_eth_mac_mii_fifo/eth_mac_mii_inst/eth_mac_1g_inst/axis_gmii_tx_inst/frame_error_reg_reg/D
                            (rising edge-triggered cell FDRE clocked by mii_tx_clk  {rise@0.000ns fall@20.000ns period=40.000ns})
  Path Group:             mii_tx_clk
  Path Type:              Setup (Max at Slow Process Corner)
  Requirement:            40.000ns  (mii_tx_clk rise@40.000ns - mii_tx_clk rise@0.000ns)
  Data Path Delay:        6.540ns  (logic 1.444ns (22.080%)  route 5.096ns (77.920%))
  Logic Levels:           5  (LUT3=1 LUT5=1 LUT6=3)
  Clock Path Skew:        -0.033ns (DCD - SCD + CPR)
    Destination Clock Delay (DCD):    10.653ns = ( 50.653 - 40.000 ) 
    Source Clock Delay      (SCD):    11.737ns
    Clock Pessimism Removal (CPR):    1.051ns
  Clock Uncertainty:      0.082ns  ((TSJ^2 + DJ^2)^1/2) / 2 + PE
    Total System Jitter     (TSJ):    0.071ns
    Discrete Jitter          (DJ):    0.147ns
    Phase Error              (PE):    0.000ns

    Location             Delay type                Incr(ns)  Path(ns)    Netlist Resource(s)
  -------------------------------------------------------------------    -------------------
                         (clock mii_tx_clk rise edge)
                                                      0.000     0.000 r  
    E3                                                0.000     0.000 r  CLK100MHZ (IN)
                         net (fo=0)                   0.000     0.000    CLK100MHZ
    E3                   IBUF (Prop_ibuf_I_O)         1.489     1.489 r  u_sys_clk_ibuf/O
                         net (fo=2, routed)           1.967     3.455    u_ethernet_clk_wiz/inst/sys_clk
    BUFGCTRL_X0Y17       BUFG (Prop_bufg_I_O)         0.096     3.551 r  u_ethernet_clk_wiz/inst/clkin1_bufg/O
                         net (fo=1, routed)           1.577     5.129    u_ethernet_clk_wiz/inst/sys_clk_ethernet_clk_wiz
    MMCME2_ADV_X1Y0      MMCME2_ADV (Prop_mmcme2_adv_CLKIN1_CLKOUT0)
                                                     -3.333     1.796 r  u_ethernet_clk_wiz/inst/mmcm_adv_inst/CLKOUT0
                         net (fo=1, routed)           1.661     3.457    u_ethernet_clk_wiz/inst/rmii_ref_clk_ethernet_clk_wiz
    BUFGCTRL_X0Y2        BUFG (Prop_bufg_I_O)         0.096     3.553 r  u_ethernet_clk_wiz/inst/clkout1_buf/O
                         net (fo=28, routed)          1.795     5.349    u_ethernet_mii_rmii_bridge/u_rmii_phy_if/rmii_ref_clk
    SLICE_X1Y121         FDCE (Prop_fdce_C_Q)         0.456     5.805 r  u_ethernet_mii_rmii_bridge/u_rmii_phy_if/mac_mii_txc_reg/Q
                         net (fo=7, routed)           4.048     9.853    u_taxi_ethernet_subsystem/u_taxi_eth_mac_mii_fifo/eth_mac_mii_inst/mii_phy_if_inst/mii_tx_clk
    BUFGCTRL_X0Y1        BUFG (Prop_bufg_I_O)         0.096     9.949 r  u_taxi_ethernet_subsystem/u_taxi_eth_mac_mii_fifo/eth_mac_mii_inst/mii_phy_if_inst/mii_bufg_inst/O
                         net (fo=177, routed)         1.788    11.737    u_taxi_ethernet_subsystem/u_taxi_eth_mac_mii_fifo/eth_mac_mii_inst/eth_mac_1g_inst/axis_gmii_tx_inst/CLK
    SLICE_X4Y125         FDSE                                         r  u_taxi_ethernet_subsystem/u_taxi_eth_mac_mii_fifo/eth_mac_mii_inst/eth_mac_1g_inst/axis_gmii_tx_inst/frame_len_lim_reg_reg[5]/C
  -------------------------------------------------------------------    -------------------
    SLICE_X4Y125         FDSE (Prop_fdse_C_Q)         0.419    12.156 f  u_taxi_ethernet_subsystem/u_taxi_eth_mac_mii_fifo/eth_mac_mii_inst/eth_mac_1g_inst/axis_gmii_tx_inst/frame_len_lim_reg_reg[5]/Q
                         net (fo=3, routed)           1.127    13.283    u_taxi_ethernet_subsystem/u_taxi_eth_mac_mii_fifo/eth_mac_mii_inst/eth_mac_1g_inst/axis_gmii_tx_inst/frame_len_lim_reg_reg_n_0_[5]
    SLICE_X4Y126         LUT5 (Prop_lut5_I1_O)        0.299    13.582 f  u_taxi_ethernet_subsystem/u_taxi_eth_mac_mii_fifo/eth_mac_mii_inst/eth_mac_1g_inst/axis_gmii_tx_inst/frame_len_lim_reg[15]_i_7/O
                         net (fo=1, routed)           0.796    14.378    u_taxi_ethernet_subsystem/u_taxi_eth_mac_mii_fifo/eth_mac_mii_inst/eth_mac_1g_inst/axis_gmii_tx_inst/frame_len_lim_reg[15]_i_7_n_0
    SLICE_X4Y127         LUT6 (Prop_lut6_I5_O)        0.124    14.502 r  u_taxi_ethernet_subsystem/u_taxi_eth_mac_mii_fifo/eth_mac_mii_inst/eth_mac_1g_inst/axis_gmii_tx_inst/frame_len_lim_reg[15]_i_5/O
                         net (fo=3, routed)           1.434    15.936    u_taxi_ethernet_subsystem/u_taxi_eth_mac_mii_fifo/eth_mac_mii_inst/eth_mac_1g_inst/axis_gmii_tx_inst/frame_len_lim_reg[15]_i_5_n_0
    SLICE_X4Y122         LUT3 (Prop_lut3_I2_O)        0.152    16.088 f  u_taxi_ethernet_subsystem/u_taxi_eth_mac_mii_fifo/eth_mac_mii_inst/eth_mac_1g_inst/axis_gmii_tx_inst/frame_error_reg_i_6/O
                         net (fo=1, routed)           0.787    16.875    u_taxi_ethernet_subsystem/u_taxi_eth_mac_mii_fifo/eth_mac_mii_inst/eth_mac_1g_inst/tx_pad_inst/frame_error_reg_reg
    SLICE_X3Y121         LUT6 (Prop_lut6_I4_O)        0.326    17.201 r  u_taxi_ethernet_subsystem/u_taxi_eth_mac_mii_fifo/eth_mac_mii_inst/eth_mac_1g_inst/tx_pad_inst/frame_error_reg_i_2/O
                         net (fo=1, routed)           0.952    18.153    u_taxi_ethernet_subsystem/u_taxi_eth_mac_mii_fifo/eth_mac_mii_inst/eth_mac_1g_inst/axis_gmii_tx_inst/frame_error_reg_reg_0
    SLICE_X6Y122         LUT6 (Prop_lut6_I0_O)        0.124    18.277 r  u_taxi_ethernet_subsystem/u_taxi_eth_mac_mii_fifo/eth_mac_mii_inst/eth_mac_1g_inst/axis_gmii_tx_inst/frame_error_reg_i_1/O
                         net (fo=1, routed)           0.000    18.277    u_taxi_ethernet_subsystem/u_taxi_eth_mac_mii_fifo/eth_mac_mii_inst/eth_mac_1g_inst/axis_gmii_tx_inst/frame_error_reg_i_1_n_0
    SLICE_X6Y122         FDRE                                         r  u_taxi_ethernet_subsystem/u_taxi_eth_mac_mii_fifo/eth_mac_mii_inst/eth_mac_1g_inst/axis_gmii_tx_inst/frame_error_reg_reg/D
  -------------------------------------------------------------------    -------------------

                         (clock mii_tx_clk rise edge)
                                                     40.000    40.000 r  
    E3                                                0.000    40.000 r  CLK100MHZ (IN)
                         net (fo=0)                   0.000    40.000    CLK100MHZ
    E3                   IBUF (Prop_ibuf_I_O)         1.418    41.418 r  u_sys_clk_ibuf/O
                         net (fo=2, routed)           1.862    43.280    u_ethernet_clk_wiz/inst/sys_clk
    BUFGCTRL_X0Y17       BUFG (Prop_bufg_I_O)         0.091    43.371 r  u_ethernet_clk_wiz/inst/clkin1_bufg/O
                         net (fo=1, routed)           1.460    44.832    u_ethernet_clk_wiz/inst/sys_clk_ethernet_clk_wiz
    MMCME2_ADV_X1Y0      MMCME2_ADV (Prop_mmcme2_adv_CLKIN1_CLKOUT0)
                                                     -3.129    41.702 r  u_ethernet_clk_wiz/inst/mmcm_adv_inst/CLKOUT0
                         net (fo=1, routed)           1.581    43.283    u_ethernet_clk_wiz/inst/rmii_ref_clk_ethernet_clk_wiz
    BUFGCTRL_X0Y2        BUFG (Prop_bufg_I_O)         0.091    43.374 r  u_ethernet_clk_wiz/inst/clkout1_buf/O
                         net (fo=28, routed)          1.671    45.045    u_ethernet_mii_rmii_bridge/u_rmii_phy_if/rmii_ref_clk
    SLICE_X1Y121         FDCE (Prop_fdce_C_Q)         0.367    45.412 r  u_ethernet_mii_rmii_bridge/u_rmii_phy_if/mac_mii_txc_reg/Q
                         net (fo=7, routed)           3.482    48.894    u_taxi_ethernet_subsystem/u_taxi_eth_mac_mii_fifo/eth_mac_mii_inst/mii_phy_if_inst/mii_tx_clk
    BUFGCTRL_X0Y1        BUFG (Prop_bufg_I_O)         0.091    48.985 r  u_taxi_ethernet_subsystem/u_taxi_eth_mac_mii_fifo/eth_mac_mii_inst/mii_phy_if_inst/mii_bufg_inst/O
                         net (fo=177, routed)         1.668    50.653    u_taxi_ethernet_subsystem/u_taxi_eth_mac_mii_fifo/eth_mac_mii_inst/eth_mac_1g_inst/axis_gmii_tx_inst/CLK
    SLICE_X6Y122         FDRE                                         r  u_taxi_ethernet_subsystem/u_taxi_eth_mac_mii_fifo/eth_mac_mii_inst/eth_mac_1g_inst/axis_gmii_tx_inst/frame_error_reg_reg/C
                         clock pessimism              1.051    51.704    
                         clock uncertainty           -0.082    51.623    
    SLICE_X6Y122         FDRE (Setup_fdre_C_D)        0.077    51.700    u_taxi_ethernet_subsystem/u_taxi_eth_mac_mii_fifo/eth_mac_mii_inst/eth_mac_1g_inst/axis_gmii_tx_inst/frame_error_reg_reg
  -------------------------------------------------------------------
                         required time                         51.700    
                         arrival time                         -18.277    
  -------------------------------------------------------------------
                         slack                                 33.423    





Min Delay Paths
--------------------------------------------------------------------------------------
Slack (MET) :             0.121ns  (arrival time - required time)
  Source:                 u_taxi_ethernet_subsystem/u_taxi_eth_mac_mii_fifo/tx_fifo/fifo_inst/m_reset_sync_inst/sync_reg_reg[0]/C
                            (rising edge-triggered cell FDPE clocked by mii_tx_clk  {rise@0.000ns fall@20.000ns period=40.000ns})
  Destination:            u_taxi_ethernet_subsystem/u_taxi_eth_mac_mii_fifo/tx_fifo/fifo_inst/m_reset_sync_inst/sync_reg_reg[1]/D
                            (rising edge-triggered cell FDPE clocked by mii_tx_clk  {rise@0.000ns fall@20.000ns period=40.000ns})
  Path Group:             mii_tx_clk
  Path Type:              Hold (Min at Fast Process Corner)
  Requirement:            0.000ns  (mii_tx_clk rise@0.000ns - mii_tx_clk rise@0.000ns)
  Data Path Delay:        0.197ns  (logic 0.141ns (71.611%)  route 0.056ns (28.389%))
  Logic Levels:           0  
  Clock Path Skew:        0.000ns (DCD - SCD - CPR)
    Destination Clock Delay (DCD):    5.344ns
    Source Clock Delay      (SCD):    4.260ns
    Clock Pessimism Removal (CPR):    1.084ns

    Location             Delay type                Incr(ns)  Path(ns)    Netlist Resource(s)
  -------------------------------------------------------------------    -------------------
                         (clock mii_tx_clk rise edge)
                                                      0.000     0.000 r  
    E3                                                0.000     0.000 r  CLK100MHZ (IN)
                         net (fo=0)                   0.000     0.000    CLK100MHZ
    E3                   IBUF (Prop_ibuf_I_O)         0.257     0.257 r  u_sys_clk_ibuf/O
                         net (fo=2, routed)           0.631     0.888    u_ethernet_clk_wiz/inst/sys_clk
    BUFGCTRL_X0Y17       BUFG (Prop_bufg_I_O)         0.026     0.914 r  u_ethernet_clk_wiz/inst/clkin1_bufg/O
                         net (fo=1, routed)           0.551     1.464    u_ethernet_clk_wiz/inst/sys_clk_ethernet_clk_wiz
    MMCME2_ADV_X1Y0      MMCME2_ADV (Prop_mmcme2_adv_CLKIN1_CLKOUT0)
                                                     -1.061     0.404 r  u_ethernet_clk_wiz/inst/mmcm_adv_inst/CLKOUT0
                         net (fo=1, routed)           0.486     0.890    u_ethernet_clk_wiz/inst/rmii_ref_clk_ethernet_clk_wiz
    BUFGCTRL_X0Y2        BUFG (Prop_bufg_I_O)         0.026     0.916 r  u_ethernet_clk_wiz/inst/clkout1_buf/O
                         net (fo=28, routed)          0.665     1.581    u_ethernet_mii_rmii_bridge/u_rmii_phy_if/rmii_ref_clk
    SLICE_X1Y121         FDCE (Prop_fdce_C_Q)         0.141     1.722 r  u_ethernet_mii_rmii_bridge/u_rmii_phy_if/mac_mii_txc_reg/Q
                         net (fo=7, routed)           1.843     3.565    u_taxi_ethernet_subsystem/u_taxi_eth_mac_mii_fifo/eth_mac_mii_inst/mii_phy_if_inst/mii_tx_clk
    BUFGCTRL_X0Y1        BUFG (Prop_bufg_I_O)         0.026     3.591 r  u_taxi_ethernet_subsystem/u_taxi_eth_mac_mii_fifo/eth_mac_mii_inst/mii_phy_if_inst/mii_bufg_inst/O
                         net (fo=177, routed)         0.669     4.260    u_taxi_ethernet_subsystem/u_taxi_eth_mac_mii_fifo/tx_fifo/fifo_inst/m_reset_sync_inst/tx_clk
    SLICE_X1Y117         FDPE                                         r  u_taxi_ethernet_subsystem/u_taxi_eth_mac_mii_fifo/tx_fifo/fifo_inst/m_reset_sync_inst/sync_reg_reg[0]/C
  -------------------------------------------------------------------    -------------------
    SLICE_X1Y117         FDPE (Prop_fdpe_C_Q)         0.141     4.401 r  u_taxi_ethernet_subsystem/u_taxi_eth_mac_mii_fifo/tx_fifo/fifo_inst/m_reset_sync_inst/sync_reg_reg[0]/Q
                         net (fo=1, routed)           0.056     4.457    u_taxi_ethernet_subsystem/u_taxi_eth_mac_mii_fifo/tx_fifo/fifo_inst/m_reset_sync_inst/sync_reg[0]
    SLICE_X1Y117         FDPE                                         r  u_taxi_ethernet_subsystem/u_taxi_eth_mac_mii_fifo/tx_fifo/fifo_inst/m_reset_sync_inst/sync_reg_reg[1]/D
  -------------------------------------------------------------------    -------------------

                         (clock mii_tx_clk rise edge)
                                                      0.000     0.000 r  
    E3                                                0.000     0.000 r  CLK100MHZ (IN)
                         net (fo=0)                   0.000     0.000    CLK100MHZ
    E3                   IBUF (Prop_ibuf_I_O)         0.445     0.445 r  u_sys_clk_ibuf/O
                         net (fo=2, routed)           0.685     1.129    u_ethernet_clk_wiz/inst/sys_clk
    BUFGCTRL_X0Y17       BUFG (Prop_bufg_I_O)         0.029     1.158 r  u_ethernet_clk_wiz/inst/clkin1_bufg/O
                         net (fo=1, routed)           0.819     1.977    u_ethernet_clk_wiz/inst/sys_clk_ethernet_clk_wiz
    MMCME2_ADV_X1Y0      MMCME2_ADV (Prop_mmcme2_adv_CLKIN1_CLKOUT0)
                                                     -1.375     0.602 r  u_ethernet_clk_wiz/inst/mmcm_adv_inst/CLKOUT0
                         net (fo=1, routed)           0.530     1.131    u_ethernet_clk_wiz/inst/rmii_ref_clk_ethernet_clk_wiz
    BUFGCTRL_X0Y2        BUFG (Prop_bufg_I_O)         0.029     1.160 r  u_ethernet_clk_wiz/inst/clkout1_buf/O
                         net (fo=28, routed)          0.938     2.098    u_ethernet_mii_rmii_bridge/u_rmii_phy_if/rmii_ref_clk
    SLICE_X1Y121         FDCE (Prop_fdce_C_Q)         0.175     2.273 r  u_ethernet_mii_rmii_bridge/u_rmii_phy_if/mac_mii_txc_reg/Q
                         net (fo=7, routed)           2.099     4.372    u_taxi_ethernet_subsystem/u_taxi_eth_mac_mii_fifo/eth_mac_mii_inst/mii_phy_if_inst/mii_tx_clk
    BUFGCTRL_X0Y1        BUFG (Prop_bufg_I_O)         0.029     4.401 r  u_taxi_ethernet_subsystem/u_taxi_eth_mac_mii_fifo/eth_mac_mii_inst/mii_phy_if_inst/mii_bufg_inst/O
                         net (fo=177, routed)         0.942     5.344    u_taxi_ethernet_subsystem/u_taxi_eth_mac_mii_fifo/tx_fifo/fifo_inst/m_reset_sync_inst/tx_clk
    SLICE_X1Y117         FDPE                                         r  u_taxi_ethernet_subsystem/u_taxi_eth_mac_mii_fifo/tx_fifo/fifo_inst/m_reset_sync_inst/sync_reg_reg[1]/C
                         clock pessimism             -1.084     4.260    
    SLICE_X1Y117         FDPE (Hold_fdpe_C_D)         0.076     4.336    u_taxi_ethernet_subsystem/u_taxi_eth_mac_mii_fifo/tx_fifo/fifo_inst/m_reset_sync_inst/sync_reg_reg[1]
  -------------------------------------------------------------------
                         required time                         -4.336    
                         arrival time                           4.457    
  -------------------------------------------------------------------
                         slack                                  0.121    





Pulse Width Checks
--------------------------------------------------------------------------------------
Clock Name:         mii_tx_clk
Waveform(ns):       { 0.000 20.000 }
Period(ns):         40.000
Sources:            { u_ethernet_mii_rmii_bridge/u_rmii_phy_if/mac_mii_txc_reg/Q }

Check Type        Corner  Lib Pin             Reference Pin  Required(ns)  Actual(ns)  Slack(ns)  Location      Pin
Min Period        n/a     RAMB36E1/CLKBWRCLK  n/a            2.576         40.000      37.424     RAMB36_X0Y23  u_taxi_ethernet_subsystem/u_taxi_eth_mac_mii_fifo/tx_fifo/fifo_inst/mem_reg_0/CLKBWRCLK
Low Pulse Width   Slow    FDRE/C              n/a            0.500         20.000      19.500     SLICE_X5Y122  u_taxi_ethernet_subsystem/u_taxi_eth_mac_mii_fifo/eth_mac_mii_inst/eth_mac_1g_inst/axis_gmii_tx_inst/FSM_sequential_state_reg_reg[0]/C
High Pulse Width  Slow    FDRE/C              n/a            0.500         20.000      19.500     SLICE_X5Y122  u_taxi_ethernet_subsystem/u_taxi_eth_mac_mii_fifo/eth_mac_mii_inst/eth_mac_1g_inst/axis_gmii_tx_inst/FSM_sequential_state_reg_reg[0]/C



---------------------------------------------------------------------------------------------------
From Clock:  mii_tx_clk
  To Clock:  sys_clk_pin

Setup :            0  Failing Endpoints,  Worst Slack        1.796ns,  Total Violation        0.000ns
Hold  :            0  Failing Endpoints,  Worst Slack        2.367ns,  Total Violation        0.000ns
---------------------------------------------------------------------------------------------------


Max Delay Paths
--------------------------------------------------------------------------------------
Slack (MET) :             1.796ns  (required time - arrival time)
  Source:                 u_taxi_ethernet_subsystem/u_taxi_eth_mac_mii_fifo/tx_fifo/fifo_inst/rd_ptr_gray_reg_reg[8]/C
                            (rising edge-triggered cell FDRE clocked by mii_tx_clk  {rise@0.000ns fall@20.000ns period=40.000ns})
  Destination:            u_taxi_ethernet_subsystem/u_taxi_eth_mac_mii_fifo/tx_fifo/fifo_inst/rd_ptr_gray_sync1_reg_reg[8]/D
                            (rising edge-triggered cell FDRE clocked by sys_clk_pin  {rise@0.000ns fall@5.000ns period=10.000ns})
  Path Group:             sys_clk_pin
  Path Type:              Setup (Max at Slow Process Corner)
  Requirement:            10.000ns  (sys_clk_pin rise@10.000ns - mii_tx_clk rise@0.000ns)
  Data Path Delay:        1.185ns  (logic 0.419ns (35.356%)  route 0.766ns (64.644%))
  Logic Levels:           0  
  Clock Path Skew:        -6.635ns (DCD - SCD + CPR)
    Destination Clock Delay (DCD):    5.046ns = ( 15.046 - 10.000 ) 
    Source Clock Delay      (SCD):    11.752ns
    Clock Pessimism Removal (CPR):    0.071ns
  Clock Uncertainty:      0.180ns  ((TSJ^2 + DJ^2)^1/2) / 2 + PE
    Total System Jitter     (TSJ):    0.071ns
    Discrete Jitter          (DJ):    0.147ns
    Phase Error              (PE):    0.099ns

    Location             Delay type                Incr(ns)  Path(ns)    Netlist Resource(s)
  -------------------------------------------------------------------    -------------------
                         (clock mii_tx_clk rise edge)
                                                      0.000     0.000 r  
    E3                                                0.000     0.000 r  CLK100MHZ (IN)
                         net (fo=0)                   0.000     0.000    CLK100MHZ
    E3                   IBUF (Prop_ibuf_I_O)         1.489     1.489 r  u_sys_clk_ibuf/O
                         net (fo=2, routed)           1.967     3.455    u_ethernet_clk_wiz/inst/sys_clk
    BUFGCTRL_X0Y17       BUFG (Prop_bufg_I_O)         0.096     3.551 r  u_ethernet_clk_wiz/inst/clkin1_bufg/O
                         net (fo=1, routed)           1.577     5.129    u_ethernet_clk_wiz/inst/sys_clk_ethernet_clk_wiz
    MMCME2_ADV_X1Y0      MMCME2_ADV (Prop_mmcme2_adv_CLKIN1_CLKOUT0)
                                                     -3.333     1.796 r  u_ethernet_clk_wiz/inst/mmcm_adv_inst/CLKOUT0
                         net (fo=1, routed)           1.661     3.457    u_ethernet_clk_wiz/inst/rmii_ref_clk_ethernet_clk_wiz
    BUFGCTRL_X0Y2        BUFG (Prop_bufg_I_O)         0.096     3.553 r  u_ethernet_clk_wiz/inst/clkout1_buf/O
                         net (fo=28, routed)          1.795     5.349    u_ethernet_mii_rmii_bridge/u_rmii_phy_if/rmii_ref_clk
    SLICE_X1Y121         FDCE (Prop_fdce_C_Q)         0.456     5.805 r  u_ethernet_mii_rmii_bridge/u_rmii_phy_if/mac_mii_txc_reg/Q
                         net (fo=7, routed)           4.048     9.853    u_taxi_ethernet_subsystem/u_taxi_eth_mac_mii_fifo/eth_mac_mii_inst/mii_phy_if_inst/mii_tx_clk
    BUFGCTRL_X0Y1        BUFG (Prop_bufg_I_O)         0.096     9.949 r  u_taxi_ethernet_subsystem/u_taxi_eth_mac_mii_fifo/eth_mac_mii_inst/mii_phy_if_inst/mii_bufg_inst/O
                         net (fo=177, routed)         1.803    11.752    u_taxi_ethernet_subsystem/u_taxi_eth_mac_mii_fifo/tx_fifo/fifo_inst/tx_clk
    SLICE_X4Y114         FDRE                                         r  u_taxi_ethernet_subsystem/u_taxi_eth_mac_mii_fifo/tx_fifo/fifo_inst/rd_ptr_gray_reg_reg[8]/C
  -------------------------------------------------------------------    -------------------
    SLICE_X4Y114         FDRE (Prop_fdre_C_Q)         0.419    12.171 r  u_taxi_ethernet_subsystem/u_taxi_eth_mac_mii_fifo/tx_fifo/fifo_inst/rd_ptr_gray_reg_reg[8]/Q
                         net (fo=1, routed)           0.766    12.937    u_taxi_ethernet_subsystem/u_taxi_eth_mac_mii_fifo/tx_fifo/fifo_inst/rd_ptr_gray_reg[8]
    SLICE_X2Y114         FDRE                                         r  u_taxi_ethernet_subsystem/u_taxi_eth_mac_mii_fifo/tx_fifo/fifo_inst/rd_ptr_gray_sync1_reg_reg[8]/D
  -------------------------------------------------------------------    -------------------

                         (clock sys_clk_pin rise edge)
                                                     10.000    10.000 r  
    E3                                                0.000    10.000 r  CLK100MHZ (IN)
                         net (fo=0)                   0.000    10.000    CLK100MHZ
    E3                   IBUF (Prop_ibuf_I_O)         1.418    11.418 r  u_sys_clk_ibuf/O
                         net (fo=2, routed)           1.862    13.280    sys_clk_ibuf
    BUFGCTRL_X0Y16       BUFG (Prop_bufg_I_O)         0.091    13.371 r  u_logic_clk_bufg/O
                         net (fo=165, routed)         1.675    15.046    u_taxi_ethernet_subsystem/u_taxi_eth_mac_mii_fifo/tx_fifo/fifo_inst/logic_clk
    SLICE_X2Y114         FDRE                                         r  u_taxi_ethernet_subsystem/u_taxi_eth_mac_mii_fifo/tx_fifo/fifo_inst/rd_ptr_gray_sync1_reg_reg[8]/C
                         clock pessimism              0.071    15.117    
                         clock uncertainty           -0.180    14.937    
    SLICE_X2Y114         FDRE (Setup_fdre_C_D)       -0.203    14.734    u_taxi_ethernet_subsystem/u_taxi_eth_mac_mii_fifo/tx_fifo/fifo_inst/rd_ptr_gray_sync1_reg_reg[8]
  -------------------------------------------------------------------
                         required time                         14.734    
                         arrival time                         -12.937    
  -------------------------------------------------------------------
                         slack                                  1.796    





Min Delay Paths
--------------------------------------------------------------------------------------
Slack (MET) :             2.367ns  (arrival time - required time)
  Source:                 u_taxi_ethernet_subsystem/u_taxi_eth_mac_mii_fifo/tx_fifo/fifo_inst/rd_ptr_gray_reg_reg[3]/C
                            (rising edge-triggered cell FDRE clocked by mii_tx_clk  {rise@0.000ns fall@20.000ns period=40.000ns})
  Destination:            u_taxi_ethernet_subsystem/u_taxi_eth_mac_mii_fifo/tx_fifo/fifo_inst/rd_ptr_gray_sync1_reg_reg[3]/D
                            (rising edge-triggered cell FDRE clocked by sys_clk_pin  {rise@0.000ns fall@5.000ns period=10.000ns})
  Path Group:             sys_clk_pin
  Path Type:              Hold (Min at Fast Process Corner)
  Requirement:            0.000ns  (sys_clk_pin rise@0.000ns - mii_tx_clk rise@0.000ns)
  Data Path Delay:        0.258ns  (logic 0.141ns (54.595%)  route 0.117ns (45.405%))
  Logic Levels:           0  
  Clock Path Skew:        -2.348ns (DCD - SCD - CPR)
    Destination Clock Delay (DCD):    2.101ns
    Source Clock Delay      (SCD):    4.261ns
    Clock Pessimism Removal (CPR):    0.188ns
  Clock Uncertainty:      0.180ns  ((TSJ^2 + DJ^2)^1/2) / 2 + PE
    Total System Jitter     (TSJ):    0.071ns
    Discrete Jitter          (DJ):    0.147ns
    Phase Error              (PE):    0.099ns

    Location             Delay type                Incr(ns)  Path(ns)    Netlist Resource(s)
  -------------------------------------------------------------------    -------------------
                         (clock mii_tx_clk rise edge)
                                                      0.000     0.000 r  
    E3                                                0.000     0.000 r  CLK100MHZ (IN)
                         net (fo=0)                   0.000     0.000    CLK100MHZ
    E3                   IBUF (Prop_ibuf_I_O)         0.257     0.257 r  u_sys_clk_ibuf/O
                         net (fo=2, routed)           0.631     0.888    u_ethernet_clk_wiz/inst/sys_clk
    BUFGCTRL_X0Y17       BUFG (Prop_bufg_I_O)         0.026     0.914 r  u_ethernet_clk_wiz/inst/clkin1_bufg/O
                         net (fo=1, routed)           0.551     1.464    u_ethernet_clk_wiz/inst/sys_clk_ethernet_clk_wiz
    MMCME2_ADV_X1Y0      MMCME2_ADV (Prop_mmcme2_adv_CLKIN1_CLKOUT0)
                                                     -1.061     0.404 r  u_ethernet_clk_wiz/inst/mmcm_adv_inst/CLKOUT0
                         net (fo=1, routed)           0.486     0.890    u_ethernet_clk_wiz/inst/rmii_ref_clk_ethernet_clk_wiz
    BUFGCTRL_X0Y2        BUFG (Prop_bufg_I_O)         0.026     0.916 r  u_ethernet_clk_wiz/inst/clkout1_buf/O
                         net (fo=28, routed)          0.665     1.581    u_ethernet_mii_rmii_bridge/u_rmii_phy_if/rmii_ref_clk
    SLICE_X1Y121         FDCE (Prop_fdce_C_Q)         0.141     1.722 r  u_ethernet_mii_rmii_bridge/u_rmii_phy_if/mac_mii_txc_reg/Q
                         net (fo=7, routed)           1.843     3.565    u_taxi_ethernet_subsystem/u_taxi_eth_mac_mii_fifo/eth_mac_mii_inst/mii_phy_if_inst/mii_tx_clk
    BUFGCTRL_X0Y1        BUFG (Prop_bufg_I_O)         0.026     3.591 r  u_taxi_ethernet_subsystem/u_taxi_eth_mac_mii_fifo/eth_mac_mii_inst/mii_phy_if_inst/mii_bufg_inst/O
                         net (fo=177, routed)         0.670     4.261    u_taxi_ethernet_subsystem/u_taxi_eth_mac_mii_fifo/tx_fifo/fifo_inst/tx_clk
    SLICE_X4Y114         FDRE                                         r  u_taxi_ethernet_subsystem/u_taxi_eth_mac_mii_fifo/tx_fifo/fifo_inst/rd_ptr_gray_reg_reg[3]/C
  -------------------------------------------------------------------    -------------------
    SLICE_X4Y114         FDRE (Prop_fdre_C_Q)         0.141     4.402 r  u_taxi_ethernet_subsystem/u_taxi_eth_mac_mii_fifo/tx_fifo/fifo_inst/rd_ptr_gray_reg_reg[3]/Q
                         net (fo=1, routed)           0.117     4.519    u_taxi_ethernet_subsystem/u_taxi_eth_mac_mii_fifo/tx_fifo/fifo_inst/rd_ptr_gray_reg[3]
    SLICE_X2Y114         FDRE                                         r  u_taxi_ethernet_subsystem/u_taxi_eth_mac_mii_fifo/tx_fifo/fifo_inst/rd_ptr_gray_sync1_reg_reg[3]/D
  -------------------------------------------------------------------    -------------------

                         (clock sys_clk_pin rise edge)
                                                      0.000     0.000 r  
    E3                                                0.000     0.000 r  CLK100MHZ (IN)
                         net (fo=0)                   0.000     0.000    CLK100MHZ
    E3                   IBUF (Prop_ibuf_I_O)         0.445     0.445 r  u_sys_clk_ibuf/O
                         net (fo=2, routed)           0.685     1.129    sys_clk_ibuf
    BUFGCTRL_X0Y16       BUFG (Prop_bufg_I_O)         0.029     1.158 r  u_logic_clk_bufg/O
                         net (fo=165, routed)         0.943     2.101    u_taxi_ethernet_subsystem/u_taxi_eth_mac_mii_fifo/tx_fifo/fifo_inst/logic_clk
    SLICE_X2Y114         FDRE                                         r  u_taxi_ethernet_subsystem/u_taxi_eth_mac_mii_fifo/tx_fifo/fifo_inst/rd_ptr_gray_sync1_reg_reg[3]/C
                         clock pessimism             -0.188     1.913    
                         clock uncertainty            0.180     2.094    
    SLICE_X2Y114         FDRE (Hold_fdre_C_D)         0.059     2.153    u_taxi_ethernet_subsystem/u_taxi_eth_mac_mii_fifo/tx_fifo/fifo_inst/rd_ptr_gray_sync1_reg_reg[3]
  -------------------------------------------------------------------
                         required time                         -2.153    
                         arrival time                           4.519    
  -------------------------------------------------------------------
                         slack                                  2.367    





---------------------------------------------------------------------------------------------------
From Clock:  rmii_ref_clk_ethernet_clk_wiz
  To Clock:  phy_ref_clk_ethernet_clk_wiz

Setup :            0  Failing Endpoints,  Worst Slack        9.931ns,  Total Violation        0.000ns
Hold  :            0  Failing Endpoints,  Worst Slack        7.504ns,  Total Violation        0.000ns
---------------------------------------------------------------------------------------------------


Max Delay Paths
--------------------------------------------------------------------------------------
Slack (MET) :             9.931ns  (required time - arrival time)
  Source:                 u_ethernet_mii_rmii_bridge/u_rmii_phy_if/phy_rmii_txen_reg/C
                            (rising edge-triggered cell FDCE clocked by rmii_ref_clk_ethernet_clk_wiz  {rise@0.000ns fall@10.000ns period=20.000ns})
  Destination:            eth_txen_out_reg/D
                            (falling edge-triggered cell FDRE clocked by phy_ref_clk_ethernet_clk_wiz  {rise@2.500ns fall@12.500ns period=20.000ns})
  Path Group:             phy_ref_clk_ethernet_clk_wiz
  Path Type:              Setup (Max at Slow Process Corner)
  Requirement:            12.500ns  (phy_ref_clk_ethernet_clk_wiz fall@12.500ns - rmii_ref_clk_ethernet_clk_wiz rise@0.000ns)
  Data Path Delay:        1.168ns  (logic 0.419ns (35.885%)  route 0.749ns (64.115%))
  Logic Levels:           0  
  Clock Path Skew:        -0.194ns (DCD - SCD + CPR)
    Destination Clock Delay (DCD):    5.061ns = ( 17.561 - 12.500 ) 
    Source Clock Delay      (SCD):    5.349ns
    Clock Pessimism Removal (CPR):    0.094ns
  Clock Uncertainty:      0.202ns  ((TSJ^2 + DJ^2)^1/2) / 2 + PE
    Total System Jitter     (TSJ):    0.071ns
    Discrete Jitter          (DJ):    0.147ns
    Phase Error              (PE):    0.120ns

    Location             Delay type                Incr(ns)  Path(ns)    Netlist Resource(s)
  -------------------------------------------------------------------    -------------------
                         (clock rmii_ref_clk_ethernet_clk_wiz rise edge)
                                                      0.000     0.000 r  
    E3                                                0.000     0.000 r  CLK100MHZ (IN)
                         net (fo=0)                   0.000     0.000    CLK100MHZ
    E3                   IBUF (Prop_ibuf_I_O)         1.489     1.489 r  u_sys_clk_ibuf/O
                         net (fo=2, routed)           1.967     3.455    u_ethernet_clk_wiz/inst/sys_clk
    BUFGCTRL_X0Y17       BUFG (Prop_bufg_I_O)         0.096     3.551 r  u_ethernet_clk_wiz/inst/clkin1_bufg/O
                         net (fo=1, routed)           1.577     5.129    u_ethernet_clk_wiz/inst/sys_clk_ethernet_clk_wiz
    MMCME2_ADV_X1Y0      MMCME2_ADV (Prop_mmcme2_adv_CLKIN1_CLKOUT0)
                                                     -3.333     1.796 r  u_ethernet_clk_wiz/inst/mmcm_adv_inst/CLKOUT0
                         net (fo=1, routed)           1.661     3.457    u_ethernet_clk_wiz/inst/rmii_ref_clk_ethernet_clk_wiz
    BUFGCTRL_X0Y2        BUFG (Prop_bufg_I_O)         0.096     3.553 r  u_ethernet_clk_wiz/inst/clkout1_buf/O
                         net (fo=28, routed)          1.795     5.349    u_ethernet_mii_rmii_bridge/u_rmii_phy_if/rmii_ref_clk
    SLICE_X0Y121         FDCE                                         r  u_ethernet_mii_rmii_bridge/u_rmii_phy_if/phy_rmii_txen_reg/C
  -------------------------------------------------------------------    -------------------
    SLICE_X0Y121         FDCE (Prop_fdce_C_Q)         0.419     5.768 r  u_ethernet_mii_rmii_bridge/u_rmii_phy_if/phy_rmii_txen_reg/Q
                         net (fo=1, routed)           0.749     6.516    rmii_tx_en_dbg
    OLOGIC_X0Y127        FDRE                                         r  eth_txen_out_reg/D
  -------------------------------------------------------------------    -------------------

                         (clock phy_ref_clk_ethernet_clk_wiz fall edge)
                                                     12.500    12.500 f  
    E3                                                0.000    12.500 f  CLK100MHZ (IN)
                         net (fo=0)                   0.000    12.500    CLK100MHZ
    E3                   IBUF (Prop_ibuf_I_O)         1.418    13.918 f  u_sys_clk_ibuf/O
                         net (fo=2, routed)           1.862    15.780    u_ethernet_clk_wiz/inst/sys_clk
    BUFGCTRL_X0Y17       BUFG (Prop_bufg_I_O)         0.091    15.871 f  u_ethernet_clk_wiz/inst/clkin1_bufg/O
                         net (fo=1, routed)           1.460    17.332    u_ethernet_clk_wiz/inst/sys_clk_ethernet_clk_wiz
    MMCME2_ADV_X1Y0      MMCME2_ADV (Prop_mmcme2_adv_CLKIN1_CLKOUT1)
                                                     -3.129    14.202 f  u_ethernet_clk_wiz/inst/mmcm_adv_inst/CLKOUT1
                         net (fo=1, routed)           1.581    15.783    u_ethernet_clk_wiz/inst/phy_ref_clk_ethernet_clk_wiz
    BUFGCTRL_X0Y0        BUFG (Prop_bufg_I_O)         0.091    15.874 f  u_ethernet_clk_wiz/inst/clkout2_buf/O
                         net (fo=4, routed)           1.687    17.561    phy_ref_clk
    OLOGIC_X0Y127        FDRE                                         r  eth_txen_out_reg/C  (IS_INVERTED)
                         clock pessimism              0.094    17.655    
                         clock uncertainty           -0.202    17.453    
    OLOGIC_X0Y127        FDRE (Setup_fdre_C_D)       -1.006    16.447    eth_txen_out_reg
  -------------------------------------------------------------------
                         required time                         16.447    
                         arrival time                          -6.516    
  -------------------------------------------------------------------
                         slack                                  9.931    





Min Delay Paths
--------------------------------------------------------------------------------------
Slack (MET) :             7.504ns  (arrival time - required time)
  Source:                 u_ethernet_mii_rmii_bridge/u_rmii_phy_if/phy_rmii_txd_reg[0]/C
                            (rising edge-triggered cell FDCE clocked by rmii_ref_clk_ethernet_clk_wiz  {rise@0.000ns fall@10.000ns period=20.000ns})
  Destination:            eth_txd_out_reg[0]/D
                            (falling edge-triggered cell FDRE clocked by phy_ref_clk_ethernet_clk_wiz  {rise@2.500ns fall@12.500ns period=20.000ns})
  Path Group:             phy_ref_clk_ethernet_clk_wiz
  Path Type:              Hold (Min at Fast Process Corner)
  Requirement:            -7.500ns  (phy_ref_clk_ethernet_clk_wiz fall@12.500ns - rmii_ref_clk_ethernet_clk_wiz rise@20.000ns)
  Data Path Delay:        0.375ns  (logic 0.128ns (34.139%)  route 0.247ns (65.861%))
  Logic Levels:           0  
  Clock Path Skew:        0.317ns (DCD - SCD - CPR)
    Destination Clock Delay (DCD):    2.095ns = ( 14.595 - 12.500 ) 
    Source Clock Delay      (SCD):    1.581ns = ( 21.581 - 20.000 ) 
    Clock Pessimism Removal (CPR):    0.198ns
  Clock Uncertainty:      0.202ns  ((TSJ^2 + DJ^2)^1/2) / 2 + PE
    Total System Jitter     (TSJ):    0.071ns
    Discrete Jitter          (DJ):    0.147ns
    Phase Error              (PE):    0.120ns

    Location             Delay type                Incr(ns)  Path(ns)    Netlist Resource(s)
  -------------------------------------------------------------------    -------------------
                         (clock rmii_ref_clk_ethernet_clk_wiz rise edge)
                                                     20.000    20.000 r  
    E3                                                0.000    20.000 r  CLK100MHZ (IN)
                         net (fo=0)                   0.000    20.000    CLK100MHZ
    E3                   IBUF (Prop_ibuf_I_O)         0.257    20.257 r  u_sys_clk_ibuf/O
                         net (fo=2, routed)           0.631    20.888    u_ethernet_clk_wiz/inst/sys_clk
    BUFGCTRL_X0Y17       BUFG (Prop_bufg_I_O)         0.026    20.914 r  u_ethernet_clk_wiz/inst/clkin1_bufg/O
                         net (fo=1, routed)           0.551    21.464    u_ethernet_clk_wiz/inst/sys_clk_ethernet_clk_wiz
    MMCME2_ADV_X1Y0      MMCME2_ADV (Prop_mmcme2_adv_CLKIN1_CLKOUT0)
                                                     -1.061    20.404 r  u_ethernet_clk_wiz/inst/mmcm_adv_inst/CLKOUT0
                         net (fo=1, routed)           0.486    20.890    u_ethernet_clk_wiz/inst/rmii_ref_clk_ethernet_clk_wiz
    BUFGCTRL_X0Y2        BUFG (Prop_bufg_I_O)         0.026    20.916 r  u_ethernet_clk_wiz/inst/clkout1_buf/O
                         net (fo=28, routed)          0.665    21.581    u_ethernet_mii_rmii_bridge/u_rmii_phy_if/rmii_ref_clk
    SLICE_X0Y121         FDCE                                         r  u_ethernet_mii_rmii_bridge/u_rmii_phy_if/phy_rmii_txd_reg[0]/C
  -------------------------------------------------------------------    -------------------
    SLICE_X0Y121         FDCE (Prop_fdce_C_Q)         0.128    21.709 r  u_ethernet_mii_rmii_bridge/u_rmii_phy_if/phy_rmii_txd_reg[0]/Q
                         net (fo=1, routed)           0.247    21.956    rmii_txd_dbg[0]
    OLOGIC_X0Y122        FDRE                                         r  eth_txd_out_reg[0]/D
  -------------------------------------------------------------------    -------------------

                         (clock phy_ref_clk_ethernet_clk_wiz fall edge)
                                                     12.500    12.500 f  
    E3                                                0.000    12.500 f  CLK100MHZ (IN)
                         net (fo=0)                   0.000    12.500    CLK100MHZ
    E3                   IBUF (Prop_ibuf_I_O)         0.445    12.945 f  u_sys_clk_ibuf/O
                         net (fo=2, routed)           0.685    13.629    u_ethernet_clk_wiz/inst/sys_clk
    BUFGCTRL_X0Y17       BUFG (Prop_bufg_I_O)         0.029    13.658 f  u_ethernet_clk_wiz/inst/clkin1_bufg/O
                         net (fo=1, routed)           0.819    14.477    u_ethernet_clk_wiz/inst/sys_clk_ethernet_clk_wiz
    MMCME2_ADV_X1Y0      MMCME2_ADV (Prop_mmcme2_adv_CLKIN1_CLKOUT1)
                                                     -1.375    13.102 f  u_ethernet_clk_wiz/inst/mmcm_adv_inst/CLKOUT1
                         net (fo=1, routed)           0.530    13.631    u_ethernet_clk_wiz/inst/phy_ref_clk_ethernet_clk_wiz
    BUFGCTRL_X0Y0        BUFG (Prop_bufg_I_O)         0.029    13.660 f  u_ethernet_clk_wiz/inst/clkout2_buf/O
                         net (fo=4, routed)           0.935    14.595    phy_ref_clk
    OLOGIC_X0Y122        FDRE                                         r  eth_txd_out_reg[0]/C  (IS_INVERTED)
                         clock pessimism             -0.198    14.398    
                         clock uncertainty            0.202    14.599    
    OLOGIC_X0Y122        FDRE (Hold_fdre_C_D)        -0.147    14.452    eth_txd_out_reg[0]
  -------------------------------------------------------------------
                         required time                        -14.452    
                         arrival time                          21.956    
  -------------------------------------------------------------------
                         slack                                  7.504    





---------------------------------------------------------------------------------------------------
From Clock:  phy_ref_clk_ethernet_clk_wiz
  To Clock:  eth_refclk_out

Setup :            0  Failing Endpoints,  Worst Slack        5.288ns,  Total Violation        0.000ns
Hold  :            0  Failing Endpoints,  Worst Slack        8.048ns,  Total Violation        0.000ns
---------------------------------------------------------------------------------------------------


Max Delay Paths
--------------------------------------------------------------------------------------
Slack (MET) :             5.288ns  (required time - arrival time)
  Source:                 eth_txd_out_reg[0]/C
                            (falling edge-triggered cell FDRE clocked by phy_ref_clk_ethernet_clk_wiz  {rise@2.500ns fall@12.500ns period=20.000ns})
  Destination:            ETH_TXD[0]
                            (output port clocked by eth_refclk_out  {rise@2.500ns fall@12.500ns period=20.000ns})
  Path Group:             eth_refclk_out
  Path Type:              Max at Slow Process Corner
  Requirement:            10.000ns  (eth_refclk_out rise@22.500ns - phy_ref_clk_ethernet_clk_wiz fall@12.500ns)
  Data Path Delay:        4.067ns  (logic 4.066ns (99.975%)  route 0.001ns (0.025%))
  Logic Levels:           1  (OBUF=1)
  Output Delay:           4.000ns
  Clock Path Skew:        3.437ns (DCD - SCD + CPR)
    Destination Clock Delay (DCD):    8.641ns = ( 31.141 - 22.500 ) 
    Source Clock Delay      (SCD):    5.390ns = ( 17.890 - 12.500 ) 
    Clock Pessimism Removal (CPR):    0.186ns
  Clock Uncertainty:      0.082ns  ((TSJ^2 + DJ^2)^1/2) / 2 + PE
    Total System Jitter     (TSJ):    0.071ns
    Discrete Jitter          (DJ):    0.147ns
    Phase Error              (PE):    0.000ns

    Location             Delay type                Incr(ns)  Path(ns)    Netlist Resource(s)
  -------------------------------------------------------------------    -------------------
                         (clock phy_ref_clk_ethernet_clk_wiz fall edge)
                                                     12.500    12.500 f  
    E3                                                0.000    12.500 f  CLK100MHZ (IN)
                         net (fo=0)                   0.000    12.500    CLK100MHZ
    E3                   IBUF (Prop_ibuf_I_O)         1.489    13.989 f  u_sys_clk_ibuf/O
                         net (fo=2, routed)           1.967    15.955    u_ethernet_clk_wiz/inst/sys_clk
    BUFGCTRL_X0Y17       BUFG (Prop_bufg_I_O)         0.096    16.051 f  u_ethernet_clk_wiz/inst/clkin1_bufg/O
                         net (fo=1, routed)           1.577    17.629    u_ethernet_clk_wiz/inst/sys_clk_ethernet_clk_wiz
    MMCME2_ADV_X1Y0      MMCME2_ADV (Prop_mmcme2_adv_CLKIN1_CLKOUT1)
                                                     -3.333    14.296 f  u_ethernet_clk_wiz/inst/mmcm_adv_inst/CLKOUT1
                         net (fo=1, routed)           1.661    15.957    u_ethernet_clk_wiz/inst/phy_ref_clk_ethernet_clk_wiz
    BUFGCTRL_X0Y0        BUFG (Prop_bufg_I_O)         0.096    16.053 f  u_ethernet_clk_wiz/inst/clkout2_buf/O
                         net (fo=4, routed)           1.837    17.890    phy_ref_clk
    OLOGIC_X0Y122        FDRE                                         r  eth_txd_out_reg[0]/C  (IS_INVERTED)
  -------------------------------------------------------------------    -------------------
    OLOGIC_X0Y122        FDRE (Prop_fdre_C_Q)         0.472    18.362 r  eth_txd_out_reg[0]/Q
                         net (fo=1, routed)           0.001    18.363    ETH_TXD_OBUF[0]
    A10                  OBUF (Prop_obuf_I_O)         3.594    21.958 r  ETH_TXD_OBUF[0]_inst/O
                         net (fo=0)                   0.000    21.958    ETH_TXD[0]
    A10                                                               r  ETH_TXD[0] (OUT)
  -------------------------------------------------------------------    -------------------

                         (clock eth_refclk_out rise edge)
                                                     22.500    22.500 f  
    E3                                                0.000    22.500 f  CLK100MHZ (IN)
                         net (fo=0)                   0.000    22.500    CLK100MHZ
    E3                   IBUF (Prop_ibuf_I_O)         1.418    23.918 f  u_sys_clk_ibuf/O
                         net (fo=2, routed)           1.862    25.780    u_ethernet_clk_wiz/inst/sys_clk
    BUFGCTRL_X0Y17       BUFG (Prop_bufg_I_O)         0.091    25.871 f  u_ethernet_clk_wiz/inst/clkin1_bufg/O
                         net (fo=1, routed)           1.460    27.332    u_ethernet_clk_wiz/inst/sys_clk_ethernet_clk_wiz
    MMCME2_ADV_X1Y0      MMCME2_ADV (Prop_mmcme2_adv_CLKIN1_CLKOUT1)
                                                     -3.129    24.202 f  u_ethernet_clk_wiz/inst/mmcm_adv_inst/CLKOUT1
                         net (fo=1, routed)           1.581    25.783    u_ethernet_clk_wiz/inst/phy_ref_clk_ethernet_clk_wiz
    BUFGCTRL_X0Y0        BUFG (Prop_bufg_I_O)         0.091    25.874 f  u_ethernet_clk_wiz/inst/clkout2_buf/O
                         net (fo=4, routed)           1.512    27.386    phy_ref_clk
    OLOGIC_X1Y78         ODDR (Prop_oddr_C_Q)         0.411    27.797 r  u_eth_refclk_oddr/Q
                         net (fo=1, routed)           0.001    27.798    ETH_REFCLK_OBUF
    D5                   OBUF (Prop_obuf_I_O)         3.343    31.141 r  ETH_REFCLK_OBUF_inst/O
                         net (fo=0)                   0.000    31.141    ETH_REFCLK
    D5                                                                r  ETH_REFCLK (OUT)
                         clock pessimism              0.186    31.328    
                         clock uncertainty           -0.082    31.246    
                         output delay                -4.000    27.246    
  -------------------------------------------------------------------
                         required time                         27.246    
                         arrival time                         -21.958    
  -------------------------------------------------------------------
                         slack                                  5.288    





Min Delay Paths
--------------------------------------------------------------------------------------
Slack (MET) :             8.048ns  (arrival time - required time)
  Source:                 eth_txen_out_reg/C
                            (falling edge-triggered cell FDRE clocked by phy_ref_clk_ethernet_clk_wiz  {rise@2.500ns fall@12.500ns period=20.000ns})
  Destination:            ETH_TXEN
                            (output port clocked by eth_refclk_out  {rise@2.500ns fall@12.500ns period=20.000ns})
  Path Group:             eth_refclk_out
  Path Type:              Min at Fast Process Corner
  Requirement:            -10.000ns  (eth_refclk_out rise@2.500ns - phy_ref_clk_ethernet_clk_wiz fall@12.500ns)
  Data Path Delay:        1.463ns  (logic 1.462ns (99.932%)  route 0.001ns (0.068%))
  Logic Levels:           1  (OBUF=1)
  Output Delay:           -1.500ns
  Clock Path Skew:        1.834ns (DCD - SCD - CPR)
    Destination Clock Delay (DCD):    3.660ns = ( 6.160 - 2.500 ) 
    Source Clock Delay      (SCD):    1.577ns = ( 14.077 - 12.500 ) 
    Clock Pessimism Removal (CPR):    0.250ns
  Clock Uncertainty:      0.082ns  ((TSJ^2 + DJ^2)^1/2) / 2 + PE
    Total System Jitter     (TSJ):    0.071ns
    Discrete Jitter          (DJ):    0.147ns
    Phase Error              (PE):    0.000ns

    Location             Delay type                Incr(ns)  Path(ns)    Netlist Resource(s)
  -------------------------------------------------------------------    -------------------
                         (clock phy_ref_clk_ethernet_clk_wiz fall edge)
                                                     12.500    12.500 f  
    E3                                                0.000    12.500 f  CLK100MHZ (IN)
                         net (fo=0)                   0.000    12.500    CLK100MHZ
    E3                   IBUF (Prop_ibuf_I_O)         0.257    12.757 f  u_sys_clk_ibuf/O
                         net (fo=2, routed)           0.631    13.388    u_ethernet_clk_wiz/inst/sys_clk
    BUFGCTRL_X0Y17       BUFG (Prop_bufg_I_O)         0.026    13.414 f  u_ethernet_clk_wiz/inst/clkin1_bufg/O
                         net (fo=1, routed)           0.551    13.964    u_ethernet_clk_wiz/inst/sys_clk_ethernet_clk_wiz
    MMCME2_ADV_X1Y0      MMCME2_ADV (Prop_mmcme2_adv_CLKIN1_CLKOUT1)
                                                     -1.061    12.904 f  u_ethernet_clk_wiz/inst/mmcm_adv_inst/CLKOUT1
                         net (fo=1, routed)           0.486    13.390    u_ethernet_clk_wiz/inst/phy_ref_clk_ethernet_clk_wiz
    BUFGCTRL_X0Y0        BUFG (Prop_bufg_I_O)         0.026    13.416 f  u_ethernet_clk_wiz/inst/clkout2_buf/O
                         net (fo=4, routed)           0.661    14.077    phy_ref_clk
    OLOGIC_X0Y127        FDRE                                         r  eth_txen_out_reg/C  (IS_INVERTED)
  -------------------------------------------------------------------    -------------------
    OLOGIC_X0Y127        FDRE (Prop_fdre_C_Q)         0.177    14.254 r  eth_txen_out_reg/Q
                         net (fo=1, routed)           0.001    14.255    ETH_TXEN_OBUF
    B9                   OBUF (Prop_obuf_I_O)         1.285    15.540 r  ETH_TXEN_OBUF_inst/O
                         net (fo=0)                   0.000    15.540    ETH_TXEN
    B9                                                                r  ETH_TXEN (OUT)
  -------------------------------------------------------------------    -------------------

                         (clock eth_refclk_out rise edge)
                                                      2.500     2.500 f  
    E3                                                0.000     2.500 f  CLK100MHZ (IN)
                         net (fo=0)                   0.000     2.500    CLK100MHZ
    E3                   IBUF (Prop_ibuf_I_O)         0.445     2.945 f  u_sys_clk_ibuf/O
                         net (fo=2, routed)           0.685     3.629    u_ethernet_clk_wiz/inst/sys_clk
    BUFGCTRL_X0Y17       BUFG (Prop_bufg_I_O)         0.029     3.658 f  u_ethernet_clk_wiz/inst/clkin1_bufg/O
                         net (fo=1, routed)           0.819     4.477    u_ethernet_clk_wiz/inst/sys_clk_ethernet_clk_wiz
    MMCME2_ADV_X1Y0      MMCME2_ADV (Prop_mmcme2_adv_CLKIN1_CLKOUT1)
                                                     -1.375     3.102 f  u_ethernet_clk_wiz/inst/mmcm_adv_inst/CLKOUT1
                         net (fo=1, routed)           0.530     3.631    u_ethernet_clk_wiz/inst/phy_ref_clk_ethernet_clk_wiz
    BUFGCTRL_X0Y0        BUFG (Prop_bufg_I_O)         0.029     3.660 f  u_ethernet_clk_wiz/inst/clkout2_buf/O
                         net (fo=4, routed)           0.849     4.509    phy_ref_clk
    OLOGIC_X1Y78         ODDR (Prop_oddr_C_Q)         0.204     4.713 r  u_eth_refclk_oddr/Q
                         net (fo=1, routed)           0.001     4.714    ETH_REFCLK_OBUF
    D5                   OBUF (Prop_obuf_I_O)         1.446     6.160 r  ETH_REFCLK_OBUF_inst/O
                         net (fo=0)                   0.000     6.160    ETH_REFCLK
    D5                                                                r  ETH_REFCLK (OUT)
                         clock pessimism             -0.250     5.911    
                         clock uncertainty            0.082     5.992    
                         output delay                 1.500     7.492    
  -------------------------------------------------------------------
                         required time                         -7.492    
                         arrival time                          15.540    
  -------------------------------------------------------------------
                         slack                                  8.048    





---------------------------------------------------------------------------------------------------
From Clock:  mii_tx_clk
  To Clock:  rmii_ref_clk_ethernet_clk_wiz

Setup :            0  Failing Endpoints,  Worst Slack       11.558ns,  Total Violation        0.000ns
Hold  :            0  Failing Endpoints,  Worst Slack        0.221ns,  Total Violation        0.000ns
---------------------------------------------------------------------------------------------------


Max Delay Paths
--------------------------------------------------------------------------------------
Slack (MET) :             11.558ns  (required time - arrival time)
  Source:                 u_taxi_ethernet_subsystem/u_taxi_eth_mac_mii_fifo/eth_mac_mii_inst/mii_phy_if_inst/phy_mii_txd_reg_reg[2]/C
                            (rising edge-triggered cell FDRE clocked by mii_tx_clk  {rise@0.000ns fall@20.000ns period=40.000ns})
  Destination:            u_ethernet_mii_rmii_bridge/u_rmii_phy_if/rmii_txd_r_reg[0]/D
                            (rising edge-triggered cell FDCE clocked by rmii_ref_clk_ethernet_clk_wiz  {rise@0.000ns fall@10.000ns period=20.000ns})
  Path Group:             rmii_ref_clk_ethernet_clk_wiz
  Path Type:              Setup (Max at Slow Process Corner)
  Requirement:            20.000ns  (rmii_ref_clk_ethernet_clk_wiz rise@20.000ns - mii_tx_clk rise@0.000ns)
  Data Path Delay:        1.878ns  (logic 0.580ns (30.889%)  route 1.298ns (69.111%))
  Logic Levels:           1  (LUT6=1)
  Clock Path Skew:        -6.514ns (DCD - SCD + CPR)
    Destination Clock Delay (DCD):    5.045ns = ( 25.045 - 20.000 ) 
    Source Clock Delay      (SCD):    11.738ns
    Clock Pessimism Removal (CPR):    0.179ns
  Clock Uncertainty:      0.082ns  ((TSJ^2 + DJ^2)^1/2) / 2 + PE
    Total System Jitter     (TSJ):    0.071ns
    Discrete Jitter          (DJ):    0.147ns
    Phase Error              (PE):    0.000ns

    Location             Delay type                Incr(ns)  Path(ns)    Netlist Resource(s)
  -------------------------------------------------------------------    -------------------
                         (clock mii_tx_clk rise edge)
                                                      0.000     0.000 r  
    E3                                                0.000     0.000 r  CLK100MHZ (IN)
                         net (fo=0)                   0.000     0.000    CLK100MHZ
    E3                   IBUF (Prop_ibuf_I_O)         1.489     1.489 r  u_sys_clk_ibuf/O
                         net (fo=2, routed)           1.967     3.455    u_ethernet_clk_wiz/inst/sys_clk
    BUFGCTRL_X0Y17       BUFG (Prop_bufg_I_O)         0.096     3.551 r  u_ethernet_clk_wiz/inst/clkin1_bufg/O
                         net (fo=1, routed)           1.577     5.129    u_ethernet_clk_wiz/inst/sys_clk_ethernet_clk_wiz
    MMCME2_ADV_X1Y0      MMCME2_ADV (Prop_mmcme2_adv_CLKIN1_CLKOUT0)
                                                     -3.333     1.796 r  u_ethernet_clk_wiz/inst/mmcm_adv_inst/CLKOUT0
                         net (fo=1, routed)           1.661     3.457    u_ethernet_clk_wiz/inst/rmii_ref_clk_ethernet_clk_wiz
    BUFGCTRL_X0Y2        BUFG (Prop_bufg_I_O)         0.096     3.553 r  u_ethernet_clk_wiz/inst/clkout1_buf/O
                         net (fo=28, routed)          1.795     5.349    u_ethernet_mii_rmii_bridge/u_rmii_phy_if/rmii_ref_clk
    SLICE_X1Y121         FDCE (Prop_fdce_C_Q)         0.456     5.805 r  u_ethernet_mii_rmii_bridge/u_rmii_phy_if/mac_mii_txc_reg/Q
                         net (fo=7, routed)           4.048     9.853    u_taxi_ethernet_subsystem/u_taxi_eth_mac_mii_fifo/eth_mac_mii_inst/mii_phy_if_inst/mii_tx_clk
    BUFGCTRL_X0Y1        BUFG (Prop_bufg_I_O)         0.096     9.949 r  u_taxi_ethernet_subsystem/u_taxi_eth_mac_mii_fifo/eth_mac_mii_inst/mii_phy_if_inst/mii_bufg_inst/O
                         net (fo=177, routed)         1.789    11.738    u_taxi_ethernet_subsystem/u_taxi_eth_mac_mii_fifo/eth_mac_mii_inst/mii_phy_if_inst/CLK
    SLICE_X3Y124         FDRE                                         r  u_taxi_ethernet_subsystem/u_taxi_eth_mac_mii_fifo/eth_mac_mii_inst/mii_phy_if_inst/phy_mii_txd_reg_reg[2]/C
  -------------------------------------------------------------------    -------------------
    SLICE_X3Y124         FDRE (Prop_fdre_C_Q)         0.456    12.194 r  u_taxi_ethernet_subsystem/u_taxi_eth_mac_mii_fifo/eth_mac_mii_inst/mii_phy_if_inst/phy_mii_txd_reg_reg[2]/Q
                         net (fo=1, routed)           1.298    13.492    u_ethernet_mii_rmii_bridge/u_rmii_phy_if/mii_txd[2]
    SLICE_X0Y121         LUT6 (Prop_lut6_I2_O)        0.124    13.616 r  u_ethernet_mii_rmii_bridge/u_rmii_phy_if/rmii_txd_r[0]_i_1/O
                         net (fo=1, routed)           0.000    13.616    u_ethernet_mii_rmii_bridge/u_rmii_phy_if/rmii_txd_r[0]_i_1_n_0
    SLICE_X0Y121         FDCE                                         r  u_ethernet_mii_rmii_bridge/u_rmii_phy_if/rmii_txd_r_reg[0]/D
  -------------------------------------------------------------------    -------------------

                         (clock rmii_ref_clk_ethernet_clk_wiz rise edge)
                                                     20.000    20.000 r  
    E3                                                0.000    20.000 r  CLK100MHZ (IN)
                         net (fo=0)                   0.000    20.000    CLK100MHZ
    E3                   IBUF (Prop_ibuf_I_O)         1.418    21.418 r  u_sys_clk_ibuf/O
                         net (fo=2, routed)           1.862    23.280    u_ethernet_clk_wiz/inst/sys_clk
    BUFGCTRL_X0Y17       BUFG (Prop_bufg_I_O)         0.091    23.371 r  u_ethernet_clk_wiz/inst/clkin1_bufg/O
                         net (fo=1, routed)           1.460    24.832    u_ethernet_clk_wiz/inst/sys_clk_ethernet_clk_wiz
    MMCME2_ADV_X1Y0      MMCME2_ADV (Prop_mmcme2_adv_CLKIN1_CLKOUT0)
                                                     -3.129    21.702 r  u_ethernet_clk_wiz/inst/mmcm_adv_inst/CLKOUT0
                         net (fo=1, routed)           1.581    23.283    u_ethernet_clk_wiz/inst/rmii_ref_clk_ethernet_clk_wiz
    BUFGCTRL_X0Y2        BUFG (Prop_bufg_I_O)         0.091    23.374 r  u_ethernet_clk_wiz/inst/clkout1_buf/O
                         net (fo=28, routed)          1.671    25.045    u_ethernet_mii_rmii_bridge/u_rmii_phy_if/rmii_ref_clk
    SLICE_X0Y121         FDCE                                         r  u_ethernet_mii_rmii_bridge/u_rmii_phy_if/rmii_txd_r_reg[0]/C
                         clock pessimism              0.179    25.225    
                         clock uncertainty           -0.082    25.143    
    SLICE_X0Y121         FDCE (Setup_fdce_C_D)        0.031    25.174    u_ethernet_mii_rmii_bridge/u_rmii_phy_if/rmii_txd_r_reg[0]
  -------------------------------------------------------------------
                         required time                         25.174    
                         arrival time                         -13.616    
  -------------------------------------------------------------------
                         slack                                 11.558    





Min Delay Paths
--------------------------------------------------------------------------------------
Slack (MET) :             0.221ns  (arrival time - required time)
  Source:                 u_ethernet_mii_rmii_bridge/u_rmii_phy_if/mac_mii_txc_reg/Q
                            (clock source 'mii_tx_clk'  {rise@0.000ns fall@20.000ns period=40.000ns})
  Destination:            u_ethernet_mii_rmii_bridge/u_rmii_phy_if/rmii_txd_r_reg[0]/D
                            (rising edge-triggered cell FDCE clocked by rmii_ref_clk_ethernet_clk_wiz  {rise@0.000ns fall@10.000ns period=20.000ns})
  Path Group:             rmii_ref_clk_ethernet_clk_wiz
  Path Type:              Hold (Min at Fast Process Corner)
  Requirement:            0.000ns  (rmii_ref_clk_ethernet_clk_wiz rise@0.000ns - mii_tx_clk rise@0.000ns)
  Data Path Delay:        0.445ns  (logic 0.045ns (10.107%)  route 0.400ns (89.892%))
  Logic Levels:           1  (LUT6=1)
  Clock Path Skew:        0.132ns (DCD - SCD - CPR)
    Destination Clock Delay (DCD):    2.098ns
    Source Clock Delay      (SCD):    1.722ns
    Clock Pessimism Removal (CPR):    0.245ns

    Location             Delay type                Incr(ns)  Path(ns)    Netlist Resource(s)
  -------------------------------------------------------------------    -------------------
                         (clock mii_tx_clk rise edge)
                                                      0.000     0.000 r  
    E3                                                0.000     0.000 r  CLK100MHZ (IN)
                         net (fo=0)                   0.000     0.000    CLK100MHZ
    E3                   IBUF (Prop_ibuf_I_O)         0.257     0.257 r  u_sys_clk_ibuf/O
                         net (fo=2, routed)           0.631     0.888    u_ethernet_clk_wiz/inst/sys_clk
    BUFGCTRL_X0Y17       BUFG (Prop_bufg_I_O)         0.026     0.914 r  u_ethernet_clk_wiz/inst/clkin1_bufg/O
                         net (fo=1, routed)           0.551     1.464    u_ethernet_clk_wiz/inst/sys_clk_ethernet_clk_wiz
    MMCME2_ADV_X1Y0      MMCME2_ADV (Prop_mmcme2_adv_CLKIN1_CLKOUT0)
                                                     -1.061     0.404 r  u_ethernet_clk_wiz/inst/mmcm_adv_inst/CLKOUT0
                         net (fo=1, routed)           0.486     0.890    u_ethernet_clk_wiz/inst/rmii_ref_clk_ethernet_clk_wiz
    BUFGCTRL_X0Y2        BUFG (Prop_bufg_I_O)         0.026     0.916 r  u_ethernet_clk_wiz/inst/clkout1_buf/O
                         net (fo=28, routed)          0.665     1.581    u_ethernet_mii_rmii_bridge/u_rmii_phy_if/rmii_ref_clk
  -------------------------------------------------------------------    -------------------
    SLICE_X1Y121         FDCE (Prop_fdce_C_Q)         0.141     1.722 r  u_ethernet_mii_rmii_bridge/u_rmii_phy_if/mac_mii_txc_reg/Q
                         net (fo=7, routed)           0.400     2.122    u_ethernet_mii_rmii_bridge/u_rmii_phy_if/mac_mii_txc_reg_0
    SLICE_X0Y121         LUT6 (Prop_lut6_I4_O)        0.045     2.167 r  u_ethernet_mii_rmii_bridge/u_rmii_phy_if/rmii_txd_r[0]_i_1/O
                         net (fo=1, routed)           0.000     2.167    u_ethernet_mii_rmii_bridge/u_rmii_phy_if/rmii_txd_r[0]_i_1_n_0
    SLICE_X0Y121         FDCE                                         r  u_ethernet_mii_rmii_bridge/u_rmii_phy_if/rmii_txd_r_reg[0]/D
  -------------------------------------------------------------------    -------------------

                         (clock rmii_ref_clk_ethernet_clk_wiz rise edge)
                                                      0.000     0.000 r  
    E3                                                0.000     0.000 r  CLK100MHZ (IN)
                         net (fo=0)                   0.000     0.000    CLK100MHZ
    E3                   IBUF (Prop_ibuf_I_O)         0.445     0.445 r  u_sys_clk_ibuf/O
                         net (fo=2, routed)           0.685     1.129    u_ethernet_clk_wiz/inst/sys_clk
    BUFGCTRL_X0Y17       BUFG (Prop_bufg_I_O)         0.029     1.158 r  u_ethernet_clk_wiz/inst/clkin1_bufg/O
                         net (fo=1, routed)           0.819     1.977    u_ethernet_clk_wiz/inst/sys_clk_ethernet_clk_wiz
    MMCME2_ADV_X1Y0      MMCME2_ADV (Prop_mmcme2_adv_CLKIN1_CLKOUT0)
                                                     -1.375     0.602 r  u_ethernet_clk_wiz/inst/mmcm_adv_inst/CLKOUT0
                         net (fo=1, routed)           0.530     1.131    u_ethernet_clk_wiz/inst/rmii_ref_clk_ethernet_clk_wiz
    BUFGCTRL_X0Y2        BUFG (Prop_bufg_I_O)         0.029     1.160 r  u_ethernet_clk_wiz/inst/clkout1_buf/O
                         net (fo=28, routed)          0.938     2.098    u_ethernet_mii_rmii_bridge/u_rmii_phy_if/rmii_ref_clk
    SLICE_X0Y121         FDCE                                         r  u_ethernet_mii_rmii_bridge/u_rmii_phy_if/rmii_txd_r_reg[0]/C
                         clock pessimism             -0.245     1.854    
    SLICE_X0Y121         FDCE (Hold_fdce_C_D)         0.092     1.946    u_ethernet_mii_rmii_bridge/u_rmii_phy_if/rmii_txd_r_reg[0]
  -------------------------------------------------------------------
                         required time                         -1.946    
                         arrival time                           2.167    
  -------------------------------------------------------------------
                         slack                                  0.221    





---------------------------------------------------------------------------------------------------
From Clock:  sys_clk_pin
  To Clock:  mii_tx_clk

Setup :            0  Failing Endpoints,  Worst Slack        2.701ns,  Total Violation        0.000ns
Hold  :            0  Failing Endpoints,  Worst Slack        0.053ns,  Total Violation        0.000ns
---------------------------------------------------------------------------------------------------


Max Delay Paths
--------------------------------------------------------------------------------------
Slack (MET) :             2.701ns  (required time - arrival time)
  Source:                 u_taxi_ethernet_subsystem/u_taxi_eth_mac_mii_fifo/tx_fifo/fifo_inst/wr_ptr_sync_commit_reg_reg[5]/C
                            (rising edge-triggered cell FDRE clocked by sys_clk_pin  {rise@0.000ns fall@5.000ns period=10.000ns})
  Destination:            u_taxi_ethernet_subsystem/u_taxi_eth_mac_mii_fifo/tx_fifo/fifo_inst/wr_ptr_commit_sync_reg_reg[5]/D
                            (rising edge-triggered cell FDRE clocked by mii_tx_clk  {rise@0.000ns fall@20.000ns period=40.000ns})
  Path Group:             mii_tx_clk
  Path Type:              Setup (Max at Slow Process Corner)
  Requirement:            10.000ns  (mii_tx_clk rise@40.000ns - sys_clk_pin rise@30.000ns)
  Data Path Delay:        12.262ns  (logic 0.419ns (3.417%)  route 11.843ns (96.583%))
  Logic Levels:           0  
  Clock Path Skew:        5.382ns (DCD - SCD + CPR)
    Destination Clock Delay (DCD):    10.656ns = ( 50.656 - 40.000 ) 
    Source Clock Delay      (SCD):    5.345ns = ( 35.345 - 30.000 ) 
    Clock Pessimism Removal (CPR):    0.071ns
  Clock Uncertainty:      0.180ns  ((TSJ^2 + DJ^2)^1/2) / 2 + PE
    Total System Jitter     (TSJ):    0.071ns
    Discrete Jitter          (DJ):    0.147ns
    Phase Error              (PE):    0.099ns

    Location             Delay type                Incr(ns)  Path(ns)    Netlist Resource(s)
  -------------------------------------------------------------------    -------------------
                         (clock sys_clk_pin rise edge)
                                                     30.000    30.000 r  
    E3                                                0.000    30.000 r  CLK100MHZ (IN)
                         net (fo=0)                   0.000    30.000    CLK100MHZ
    E3                   IBUF (Prop_ibuf_I_O)         1.489    31.489 r  u_sys_clk_ibuf/O
                         net (fo=2, routed)           1.967    33.455    sys_clk_ibuf
    BUFGCTRL_X0Y16       BUFG (Prop_bufg_I_O)         0.096    33.551 r  u_logic_clk_bufg/O
                         net (fo=165, routed)         1.793    35.345    u_taxi_ethernet_subsystem/u_taxi_eth_mac_mii_fifo/tx_fifo/fifo_inst/logic_clk
    SLICE_X5Y120         FDRE                                         r  u_taxi_ethernet_subsystem/u_taxi_eth_mac_mii_fifo/tx_fifo/fifo_inst/wr_ptr_sync_commit_reg_reg[5]/C
  -------------------------------------------------------------------    -------------------
    SLICE_X5Y120         FDRE (Prop_fdre_C_Q)         0.419    35.764 r  u_taxi_ethernet_subsystem/u_taxi_eth_mac_mii_fifo/tx_fifo/fifo_inst/wr_ptr_sync_commit_reg_reg[5]/Q
                         net (fo=1, routed)          11.843    47.607    u_taxi_ethernet_subsystem/u_taxi_eth_mac_mii_fifo/tx_fifo/fifo_inst/wr_ptr_sync_commit_reg[5]
    SLICE_X6Y119         FDRE                                         r  u_taxi_ethernet_subsystem/u_taxi_eth_mac_mii_fifo/tx_fifo/fifo_inst/wr_ptr_commit_sync_reg_reg[5]/D
  -------------------------------------------------------------------    -------------------

                         (clock mii_tx_clk rise edge)
                                                     40.000    40.000 r  
    E3                                                0.000    40.000 r  CLK100MHZ (IN)
                         net (fo=0)                   0.000    40.000    CLK100MHZ
    E3                   IBUF (Prop_ibuf_I_O)         1.418    41.418 r  u_sys_clk_ibuf/O
                         net (fo=2, routed)           1.862    43.280    u_ethernet_clk_wiz/inst/sys_clk
    BUFGCTRL_X0Y17       BUFG (Prop_bufg_I_O)         0.091    43.371 r  u_ethernet_clk_wiz/inst/clkin1_bufg/O
                         net (fo=1, routed)           1.460    44.832    u_ethernet_clk_wiz/inst/sys_clk_ethernet_clk_wiz
    MMCME2_ADV_X1Y0      MMCME2_ADV (Prop_mmcme2_adv_CLKIN1_CLKOUT0)
                                                     -3.129    41.702 r  u_ethernet_clk_wiz/inst/mmcm_adv_inst/CLKOUT0
                         net (fo=1, routed)           1.581    43.283    u_ethernet_clk_wiz/inst/rmii_ref_clk_ethernet_clk_wiz
    BUFGCTRL_X0Y2        BUFG (Prop_bufg_I_O)         0.091    43.374 r  u_ethernet_clk_wiz/inst/clkout1_buf/O
                         net (fo=28, routed)          1.671    45.045    u_ethernet_mii_rmii_bridge/u_rmii_phy_if/rmii_ref_clk
    SLICE_X1Y121         FDCE (Prop_fdce_C_Q)         0.367    45.412 r  u_ethernet_mii_rmii_bridge/u_rmii_phy_if/mac_mii_txc_reg/Q
                         net (fo=7, routed)           3.482    48.894    u_taxi_ethernet_subsystem/u_taxi_eth_mac_mii_fifo/eth_mac_mii_inst/mii_phy_if_inst/mii_tx_clk
    BUFGCTRL_X0Y1        BUFG (Prop_bufg_I_O)         0.091    48.985 r  u_taxi_ethernet_subsystem/u_taxi_eth_mac_mii_fifo/eth_mac_mii_inst/mii_phy_if_inst/mii_bufg_inst/O
                         net (fo=177, routed)         1.671    50.656    u_taxi_ethernet_subsystem/u_taxi_eth_mac_mii_fifo/tx_fifo/fifo_inst/tx_clk
    SLICE_X6Y119         FDRE                                         r  u_taxi_ethernet_subsystem/u_taxi_eth_mac_mii_fifo/tx_fifo/fifo_inst/wr_ptr_commit_sync_reg_reg[5]/C
                         clock pessimism              0.071    50.727    
                         clock uncertainty           -0.180    50.547    
    SLICE_X6Y119         FDRE (Setup_fdre_C_D)       -0.239    50.308    u_taxi_ethernet_subsystem/u_taxi_eth_mac_mii_fifo/tx_fifo/fifo_inst/wr_ptr_commit_sync_reg_reg[5]
  -------------------------------------------------------------------
                         required time                         50.308    
                         arrival time                         -47.607    
  -------------------------------------------------------------------
                         slack                                  2.701    





Min Delay Paths
--------------------------------------------------------------------------------------
Slack (MET) :             0.053ns  (arrival time - required time)
  Source:                 u_taxi_ethernet_subsystem/u_taxi_eth_mac_mii_fifo/tx_fifo/fifo_inst/wr_ptr_sync_commit_reg_reg[9]/C
                            (rising edge-triggered cell FDRE clocked by sys_clk_pin  {rise@0.000ns fall@5.000ns period=10.000ns})
  Destination:            u_taxi_ethernet_subsystem/u_taxi_eth_mac_mii_fifo/tx_fifo/fifo_inst/wr_ptr_commit_sync_reg_reg[9]/D
                            (rising edge-triggered cell FDRE clocked by mii_tx_clk  {rise@0.000ns fall@20.000ns period=40.000ns})
  Path Group:             mii_tx_clk
  Path Type:              Hold (Min at Fast Process Corner)
  Requirement:            0.000ns  (mii_tx_clk rise@0.000ns - sys_clk_pin rise@0.000ns)
  Data Path Delay:        3.830ns  (logic 0.128ns (3.342%)  route 3.702ns (96.658%))
  Logic Levels:           0  
  Clock Path Skew:        3.575ns (DCD - SCD - CPR)
    Destination Clock Delay (DCD):    5.340ns
    Source Clock Delay      (SCD):    1.577ns
    Clock Pessimism Removal (CPR):    0.188ns
  Clock Uncertainty:      0.180ns  ((TSJ^2 + DJ^2)^1/2) / 2 + PE
    Total System Jitter     (TSJ):    0.071ns
    Discrete Jitter          (DJ):    0.147ns
    Phase Error              (PE):    0.099ns

    Location             Delay type                Incr(ns)  Path(ns)    Netlist Resource(s)
  -------------------------------------------------------------------    -------------------
                         (clock sys_clk_pin rise edge)
                                                      0.000     0.000 r  
    E3                                                0.000     0.000 r  CLK100MHZ (IN)
                         net (fo=0)                   0.000     0.000    CLK100MHZ
    E3                   IBUF (Prop_ibuf_I_O)         0.257     0.257 r  u_sys_clk_ibuf/O
                         net (fo=2, routed)           0.631     0.888    sys_clk_ibuf
    BUFGCTRL_X0Y16       BUFG (Prop_bufg_I_O)         0.026     0.914 r  u_logic_clk_bufg/O
                         net (fo=165, routed)         0.663     1.577    u_taxi_ethernet_subsystem/u_taxi_eth_mac_mii_fifo/tx_fifo/fifo_inst/logic_clk
    SLICE_X5Y120         FDRE                                         r  u_taxi_ethernet_subsystem/u_taxi_eth_mac_mii_fifo/tx_fifo/fifo_inst/wr_ptr_sync_commit_reg_reg[9]/C
  -------------------------------------------------------------------    -------------------
    SLICE_X5Y120         FDRE (Prop_fdre_C_Q)         0.128     1.705 r  u_taxi_ethernet_subsystem/u_taxi_eth_mac_mii_fifo/tx_fifo/fifo_inst/wr_ptr_sync_commit_reg_reg[9]/Q
                         net (fo=1, routed)           3.702     5.407    u_taxi_ethernet_subsystem/u_taxi_eth_mac_mii_fifo/tx_fifo/fifo_inst/wr_ptr_sync_commit_reg[9]
    SLICE_X5Y119         FDRE                                         r  u_taxi_ethernet_subsystem/u_taxi_eth_mac_mii_fifo/tx_fifo/fifo_inst/wr_ptr_commit_sync_reg_reg[9]/D
  -------------------------------------------------------------------    -------------------

                         (clock mii_tx_clk rise edge)
                                                      0.000     0.000 r  
    E3                                                0.000     0.000 r  CLK100MHZ (IN)
                         net (fo=0)                   0.000     0.000    CLK100MHZ
    E3                   IBUF (Prop_ibuf_I_O)         0.445     0.445 r  u_sys_clk_ibuf/O
                         net (fo=2, routed)           0.685     1.129    u_ethernet_clk_wiz/inst/sys_clk
    BUFGCTRL_X0Y17       BUFG (Prop_bufg_I_O)         0.029     1.158 r  u_ethernet_clk_wiz/inst/clkin1_bufg/O
                         net (fo=1, routed)           0.819     1.977    u_ethernet_clk_wiz/inst/sys_clk_ethernet_clk_wiz
    MMCME2_ADV_X1Y0      MMCME2_ADV (Prop_mmcme2_adv_CLKIN1_CLKOUT0)
                                                     -1.375     0.602 r  u_ethernet_clk_wiz/inst/mmcm_adv_inst/CLKOUT0
                         net (fo=1, routed)           0.530     1.131    u_ethernet_clk_wiz/inst/rmii_ref_clk_ethernet_clk_wiz
    BUFGCTRL_X0Y2        BUFG (Prop_bufg_I_O)         0.029     1.160 r  u_ethernet_clk_wiz/inst/clkout1_buf/O
                         net (fo=28, routed)          0.938     2.098    u_ethernet_mii_rmii_bridge/u_rmii_phy_if/rmii_ref_clk
    SLICE_X1Y121         FDCE (Prop_fdce_C_Q)         0.175     2.273 r  u_ethernet_mii_rmii_bridge/u_rmii_phy_if/mac_mii_txc_reg/Q
                         net (fo=7, routed)           2.099     4.372    u_taxi_ethernet_subsystem/u_taxi_eth_mac_mii_fifo/eth_mac_mii_inst/mii_phy_if_inst/mii_tx_clk
    BUFGCTRL_X0Y1        BUFG (Prop_bufg_I_O)         0.029     4.401 r  u_taxi_ethernet_subsystem/u_taxi_eth_mac_mii_fifo/eth_mac_mii_inst/mii_phy_if_inst/mii_bufg_inst/O
                         net (fo=177, routed)         0.938     5.340    u_taxi_ethernet_subsystem/u_taxi_eth_mac_mii_fifo/tx_fifo/fifo_inst/tx_clk
    SLICE_X5Y119         FDRE                                         r  u_taxi_ethernet_subsystem/u_taxi_eth_mac_mii_fifo/tx_fifo/fifo_inst/wr_ptr_commit_sync_reg_reg[9]/C
                         clock pessimism             -0.188     5.152    
                         clock uncertainty            0.180     5.332    
    SLICE_X5Y119         FDRE (Hold_fdre_C_D)         0.022     5.354    u_taxi_ethernet_subsystem/u_taxi_eth_mac_mii_fifo/tx_fifo/fifo_inst/wr_ptr_commit_sync_reg_reg[9]
  -------------------------------------------------------------------
                         required time                         -5.354    
                         arrival time                           5.407    
  -------------------------------------------------------------------
                         slack                                  0.053    





---------------------------------------------------------------------------------------------------
Path Group:  **async_default**
From Clock:  sys_clk_pin
  To Clock:  mii_tx_clk

Setup :            0  Failing Endpoints,  Worst Slack        0.492ns,  Total Violation        0.000ns
Hold  :            0  Failing Endpoints,  Worst Slack        3.013ns,  Total Violation        0.000ns
---------------------------------------------------------------------------------------------------


Max Delay Paths
--------------------------------------------------------------------------------------
Slack (MET) :             0.492ns  (required time - arrival time)
  Source:                 phy_ready_reg/C
                            (rising edge-triggered cell FDRE clocked by sys_clk_pin  {rise@0.000ns fall@5.000ns period=10.000ns})
  Destination:            u_taxi_ethernet_subsystem/u_taxi_eth_mac_mii_fifo/eth_mac_mii_inst/mii_phy_if_inst/tx_reset_sync_inst/sync_reg_reg[0]/PRE
                            (recovery check against rising-edge clock mii_tx_clk  {rise@0.000ns fall@20.000ns period=40.000ns})
  Path Group:             **async_default**
  Path Type:              Recovery (Max at Slow Process Corner)
  Requirement:            10.000ns  (mii_tx_clk rise@40.000ns - sys_clk_pin rise@30.000ns)
  Data Path Delay:        14.413ns  (logic 0.580ns (4.024%)  route 13.833ns (95.976%))
  Logic Levels:           1  (LUT1=1)
  Clock Path Skew:        5.443ns (DCD - SCD + CPR)
    Destination Clock Delay (DCD):    10.660ns = ( 50.660 - 40.000 ) 
    Source Clock Delay      (SCD):    5.288ns = ( 35.288 - 30.000 ) 
    Clock Pessimism Removal (CPR):    0.071ns
  Clock Uncertainty:      0.180ns  ((TSJ^2 + DJ^2)^1/2) / 2 + PE
    Total System Jitter     (TSJ):    0.071ns
    Discrete Jitter          (DJ):    0.147ns
    Phase Error              (PE):    0.099ns

    Location             Delay type                Incr(ns)  Path(ns)    Netlist Resource(s)
  -------------------------------------------------------------------    -------------------
                         (clock sys_clk_pin rise edge)
                                                     30.000    30.000 r  
    E3                                                0.000    30.000 r  CLK100MHZ (IN)
                         net (fo=0)                   0.000    30.000    CLK100MHZ
    E3                   IBUF (Prop_ibuf_I_O)         1.489    31.489 r  u_sys_clk_ibuf/O
                         net (fo=2, routed)           1.967    33.455    sys_clk_ibuf
    BUFGCTRL_X0Y16       BUFG (Prop_bufg_I_O)         0.096    33.551 r  u_logic_clk_bufg/O
                         net (fo=165, routed)         1.736    35.288    logic_clk
    SLICE_X9Y109         FDRE                                         r  phy_ready_reg/C
  -------------------------------------------------------------------    -------------------
    SLICE_X9Y109         FDRE (Prop_fdre_C_Q)         0.456    35.744 r  phy_ready_reg/Q
                         net (fo=13, routed)          6.361    42.105    ETH_RSTN_OBUF
    SLICE_X9Y109         LUT1 (Prop_lut1_I0_O)        0.124    42.229 f  u_fixed_packet_generator_i_1/O
                         net (fo=77, routed)          7.472    49.700    u_taxi_ethernet_subsystem/u_taxi_eth_mac_mii_fifo/eth_mac_mii_inst/mii_phy_if_inst/tx_reset_sync_inst/mac_rst
    SLICE_X1Y117         FDPE                                         f  u_taxi_ethernet_subsystem/u_taxi_eth_mac_mii_fifo/eth_mac_mii_inst/mii_phy_if_inst/tx_reset_sync_inst/sync_reg_reg[0]/PRE
  -------------------------------------------------------------------    -------------------

                         (clock mii_tx_clk rise edge)
                                                     40.000    40.000 r  
    E3                                                0.000    40.000 r  CLK100MHZ (IN)
                         net (fo=0)                   0.000    40.000    CLK100MHZ
    E3                   IBUF (Prop_ibuf_I_O)         1.418    41.418 r  u_sys_clk_ibuf/O
                         net (fo=2, routed)           1.862    43.280    u_ethernet_clk_wiz/inst/sys_clk
    BUFGCTRL_X0Y17       BUFG (Prop_bufg_I_O)         0.091    43.371 r  u_ethernet_clk_wiz/inst/clkin1_bufg/O
                         net (fo=1, routed)           1.460    44.832    u_ethernet_clk_wiz/inst/sys_clk_ethernet_clk_wiz
    MMCME2_ADV_X1Y0      MMCME2_ADV (Prop_mmcme2_adv_CLKIN1_CLKOUT0)
                                                     -3.129    41.702 r  u_ethernet_clk_wiz/inst/mmcm_adv_inst/CLKOUT0
                         net (fo=1, routed)           1.581    43.283    u_ethernet_clk_wiz/inst/rmii_ref_clk_ethernet_clk_wiz
    BUFGCTRL_X0Y2        BUFG (Prop_bufg_I_O)         0.091    43.374 r  u_ethernet_clk_wiz/inst/clkout1_buf/O
                         net (fo=28, routed)          1.671    45.045    u_ethernet_mii_rmii_bridge/u_rmii_phy_if/rmii_ref_clk
    SLICE_X1Y121         FDCE (Prop_fdce_C_Q)         0.367    45.412 r  u_ethernet_mii_rmii_bridge/u_rmii_phy_if/mac_mii_txc_reg/Q
                         net (fo=7, routed)           3.482    48.894    u_taxi_ethernet_subsystem/u_taxi_eth_mac_mii_fifo/eth_mac_mii_inst/mii_phy_if_inst/mii_tx_clk
    BUFGCTRL_X0Y1        BUFG (Prop_bufg_I_O)         0.091    48.985 r  u_taxi_ethernet_subsystem/u_taxi_eth_mac_mii_fifo/eth_mac_mii_inst/mii_phy_if_inst/mii_bufg_inst/O
                         net (fo=177, routed)         1.675    50.660    u_taxi_ethernet_subsystem/u_taxi_eth_mac_mii_fifo/eth_mac_mii_inst/mii_phy_if_inst/tx_reset_sync_inst/CLK
    SLICE_X1Y117         FDPE                                         r  u_taxi_ethernet_subsystem/u_taxi_eth_mac_mii_fifo/eth_mac_mii_inst/mii_phy_if_inst/tx_reset_sync_inst/sync_reg_reg[0]/C
                         clock pessimism              0.071    50.731    
                         clock uncertainty           -0.180    50.551    
    SLICE_X1Y117         FDPE (Recov_fdpe_C_PRE)     -0.359    50.192    u_taxi_ethernet_subsystem/u_taxi_eth_mac_mii_fifo/eth_mac_mii_inst/mii_phy_if_inst/tx_reset_sync_inst/sync_reg_reg[0]
  -------------------------------------------------------------------
                         required time                         50.192    
                         arrival time                         -49.700    
  -------------------------------------------------------------------
                         slack                                  0.492    





Min Delay Paths
--------------------------------------------------------------------------------------
Slack (MET) :             3.013ns  (arrival time - required time)
  Source:                 phy_ready_reg/C
                            (rising edge-triggered cell FDRE clocked by sys_clk_pin  {rise@0.000ns fall@5.000ns period=10.000ns})
  Destination:            u_taxi_ethernet_subsystem/u_taxi_eth_mac_mii_fifo/eth_mac_mii_inst/mii_phy_if_inst/tx_reset_sync_inst/sync_reg_reg[0]/PRE
                            (removal check against rising-edge clock mii_tx_clk  {rise@0.000ns fall@20.000ns period=40.000ns})
  Path Group:             **async_default**
  Path Type:              Removal (Min at Fast Process Corner)
  Requirement:            0.000ns  (mii_tx_clk rise@0.000ns - sys_clk_pin rise@0.000ns)
  Data Path Delay:        6.697ns  (logic 0.186ns (2.778%)  route 6.511ns (97.222%))
  Logic Levels:           1  (LUT1=1)
  Clock Path Skew:        3.599ns (DCD - SCD - CPR)
    Destination Clock Delay (DCD):    5.344ns
    Source Clock Delay      (SCD):    1.557ns
    Clock Pessimism Removal (CPR):    0.188ns
  Clock Uncertainty:      0.180ns  ((TSJ^2 + DJ^2)^1/2) / 2 + PE
    Total System Jitter     (TSJ):    0.071ns
    Discrete Jitter          (DJ):    0.147ns
    Phase Error              (PE):    0.099ns

    Location             Delay type                Incr(ns)  Path(ns)    Netlist Resource(s)
  -------------------------------------------------------------------    -------------------
                         (clock sys_clk_pin rise edge)
                                                      0.000     0.000 r  
    E3                                                0.000     0.000 r  CLK100MHZ (IN)
                         net (fo=0)                   0.000     0.000    CLK100MHZ
    E3                   IBUF (Prop_ibuf_I_O)         0.257     0.257 r  u_sys_clk_ibuf/O
                         net (fo=2, routed)           0.631     0.888    sys_clk_ibuf
    BUFGCTRL_X0Y16       BUFG (Prop_bufg_I_O)         0.026     0.914 r  u_logic_clk_bufg/O
                         net (fo=165, routed)         0.643     1.557    logic_clk
    SLICE_X9Y109         FDRE                                         r  phy_ready_reg/C
  -------------------------------------------------------------------    -------------------
    SLICE_X9Y109         FDRE (Prop_fdre_C_Q)         0.141     1.698 r  phy_ready_reg/Q
                         net (fo=13, routed)          2.995     4.693    ETH_RSTN_OBUF
    SLICE_X9Y109         LUT1 (Prop_lut1_I0_O)        0.045     4.738 f  u_fixed_packet_generator_i_1/O
                         net (fo=77, routed)          3.516     8.253    u_taxi_ethernet_subsystem/u_taxi_eth_mac_mii_fifo/eth_mac_mii_inst/mii_phy_if_inst/tx_reset_sync_inst/mac_rst
    SLICE_X1Y117         FDPE                                         f  u_taxi_ethernet_subsystem/u_taxi_eth_mac_mii_fifo/eth_mac_mii_inst/mii_phy_if_inst/tx_reset_sync_inst/sync_reg_reg[0]/PRE
  -------------------------------------------------------------------    -------------------

                         (clock mii_tx_clk rise edge)
                                                      0.000     0.000 r  
    E3                                                0.000     0.000 r  CLK100MHZ (IN)
                         net (fo=0)                   0.000     0.000    CLK100MHZ
    E3                   IBUF (Prop_ibuf_I_O)         0.445     0.445 r  u_sys_clk_ibuf/O
                         net (fo=2, routed)           0.685     1.129    u_ethernet_clk_wiz/inst/sys_clk
    BUFGCTRL_X0Y17       BUFG (Prop_bufg_I_O)         0.029     1.158 r  u_ethernet_clk_wiz/inst/clkin1_bufg/O
                         net (fo=1, routed)           0.819     1.977    u_ethernet_clk_wiz/inst/sys_clk_ethernet_clk_wiz
    MMCME2_ADV_X1Y0      MMCME2_ADV (Prop_mmcme2_adv_CLKIN1_CLKOUT0)
                                                     -1.375     0.602 r  u_ethernet_clk_wiz/inst/mmcm_adv_inst/CLKOUT0
                         net (fo=1, routed)           0.530     1.131    u_ethernet_clk_wiz/inst/rmii_ref_clk_ethernet_clk_wiz
    BUFGCTRL_X0Y2        BUFG (Prop_bufg_I_O)         0.029     1.160 r  u_ethernet_clk_wiz/inst/clkout1_buf/O
                         net (fo=28, routed)          0.938     2.098    u_ethernet_mii_rmii_bridge/u_rmii_phy_if/rmii_ref_clk
    SLICE_X1Y121         FDCE (Prop_fdce_C_Q)         0.175     2.273 r  u_ethernet_mii_rmii_bridge/u_rmii_phy_if/mac_mii_txc_reg/Q
                         net (fo=7, routed)           2.099     4.372    u_taxi_ethernet_subsystem/u_taxi_eth_mac_mii_fifo/eth_mac_mii_inst/mii_phy_if_inst/mii_tx_clk
    BUFGCTRL_X0Y1        BUFG (Prop_bufg_I_O)         0.029     4.401 r  u_taxi_ethernet_subsystem/u_taxi_eth_mac_mii_fifo/eth_mac_mii_inst/mii_phy_if_inst/mii_bufg_inst/O
                         net (fo=177, routed)         0.942     5.344    u_taxi_ethernet_subsystem/u_taxi_eth_mac_mii_fifo/eth_mac_mii_inst/mii_phy_if_inst/tx_reset_sync_inst/CLK
    SLICE_X1Y117         FDPE                                         r  u_taxi_ethernet_subsystem/u_taxi_eth_mac_mii_fifo/eth_mac_mii_inst/mii_phy_if_inst/tx_reset_sync_inst/sync_reg_reg[0]/C
                         clock pessimism             -0.188     5.156    
                         clock uncertainty            0.180     5.336    
    SLICE_X1Y117         FDPE (Remov_fdpe_C_PRE)     -0.095     5.241    u_taxi_ethernet_subsystem/u_taxi_eth_mac_mii_fifo/eth_mac_mii_inst/mii_phy_if_inst/tx_reset_sync_inst/sync_reg_reg[0]
  -------------------------------------------------------------------
                         required time                         -5.241    
                         arrival time                           8.253    
  -------------------------------------------------------------------
                         slack                                  3.013    





---------------------------------------------------------------------------------------------------
Path Group:  **async_default**
From Clock:  rmii_ref_clk_ethernet_clk_wiz
  To Clock:  rmii_ref_clk_ethernet_clk_wiz

Setup :            0  Failing Endpoints,  Worst Slack       18.194ns,  Total Violation        0.000ns
Hold  :            0  Failing Endpoints,  Worst Slack        0.472ns,  Total Violation        0.000ns
---------------------------------------------------------------------------------------------------


Max Delay Paths
--------------------------------------------------------------------------------------
Slack (MET) :             18.194ns  (required time - arrival time)
  Source:                 u_ethernet_mii_rmii_bridge/u_rmii_phy_if/rstn_reg_inv/C
                            (rising edge-triggered cell FDPE clocked by rmii_ref_clk_ethernet_clk_wiz  {rise@0.000ns fall@10.000ns period=20.000ns})
  Destination:            u_ethernet_mii_rmii_bridge/u_rmii_phy_if/action_reg/CLR
                            (recovery check against rising-edge clock rmii_ref_clk_ethernet_clk_wiz  {rise@0.000ns fall@10.000ns period=20.000ns})
  Path Group:             **async_default**
  Path Type:              Recovery (Max at Slow Process Corner)
  Requirement:            20.000ns  (rmii_ref_clk_ethernet_clk_wiz rise@20.000ns - rmii_ref_clk_ethernet_clk_wiz rise@0.000ns)
  Data Path Delay:        1.293ns  (logic 0.456ns (35.256%)  route 0.837ns (64.744%))
  Logic Levels:           0  
  Clock Path Skew:        -0.026ns (DCD - SCD + CPR)
    Destination Clock Delay (DCD):    5.043ns = ( 25.043 - 20.000 ) 
    Source Clock Delay      (SCD):    5.350ns
    Clock Pessimism Removal (CPR):    0.280ns
  Clock Uncertainty:      0.082ns  ((TSJ^2 + DJ^2)^1/2) / 2 + PE
    Total System Jitter     (TSJ):    0.071ns
    Discrete Jitter          (DJ):    0.147ns
    Phase Error              (PE):    0.000ns

    Location             Delay type                Incr(ns)  Path(ns)    Netlist Resource(s)
  -------------------------------------------------------------------    -------------------
                         (clock rmii_ref_clk_ethernet_clk_wiz rise edge)
                                                      0.000     0.000 r  
    E3                                                0.000     0.000 r  CLK100MHZ (IN)
                         net (fo=0)                   0.000     0.000    CLK100MHZ
    E3                   IBUF (Prop_ibuf_I_O)         1.489     1.489 r  u_sys_clk_ibuf/O
                         net (fo=2, routed)           1.967     3.455    u_ethernet_clk_wiz/inst/sys_clk
    BUFGCTRL_X0Y17       BUFG (Prop_bufg_I_O)         0.096     3.551 r  u_ethernet_clk_wiz/inst/clkin1_bufg/O
                         net (fo=1, routed)           1.577     5.129    u_ethernet_clk_wiz/inst/sys_clk_ethernet_clk_wiz
    MMCME2_ADV_X1Y0      MMCME2_ADV (Prop_mmcme2_adv_CLKIN1_CLKOUT0)
                                                     -3.333     1.796 r  u_ethernet_clk_wiz/inst/mmcm_adv_inst/CLKOUT0
                         net (fo=1, routed)           1.661     3.457    u_ethernet_clk_wiz/inst/rmii_ref_clk_ethernet_clk_wiz
    BUFGCTRL_X0Y2        BUFG (Prop_bufg_I_O)         0.096     3.553 r  u_ethernet_clk_wiz/inst/clkout1_buf/O
                         net (fo=28, routed)          1.796     5.350    u_ethernet_mii_rmii_bridge/u_rmii_phy_if/rmii_ref_clk
    SLICE_X0Y120         FDPE                                         r  u_ethernet_mii_rmii_bridge/u_rmii_phy_if/rstn_reg_inv/C
  -------------------------------------------------------------------    -------------------
    SLICE_X0Y120         FDPE (Prop_fdpe_C_Q)         0.456     5.806 f  u_ethernet_mii_rmii_bridge/u_rmii_phy_if/rstn_reg_inv/Q
                         net (fo=14, routed)          0.837     6.643    u_ethernet_mii_rmii_bridge/u_rmii_phy_if/rstn
    SLICE_X0Y122         FDCE                                         f  u_ethernet_mii_rmii_bridge/u_rmii_phy_if/action_reg/CLR
  -------------------------------------------------------------------    -------------------

                         (clock rmii_ref_clk_ethernet_clk_wiz rise edge)
                                                     20.000    20.000 r  
    E3                                                0.000    20.000 r  CLK100MHZ (IN)
                         net (fo=0)                   0.000    20.000    CLK100MHZ
    E3                   IBUF (Prop_ibuf_I_O)         1.418    21.418 r  u_sys_clk_ibuf/O
                         net (fo=2, routed)           1.862    23.280    u_ethernet_clk_wiz/inst/sys_clk
    BUFGCTRL_X0Y17       BUFG (Prop_bufg_I_O)         0.091    23.371 r  u_ethernet_clk_wiz/inst/clkin1_bufg/O
                         net (fo=1, routed)           1.460    24.832    u_ethernet_clk_wiz/inst/sys_clk_ethernet_clk_wiz
    MMCME2_ADV_X1Y0      MMCME2_ADV (Prop_mmcme2_adv_CLKIN1_CLKOUT0)
                                                     -3.129    21.702 r  u_ethernet_clk_wiz/inst/mmcm_adv_inst/CLKOUT0
                         net (fo=1, routed)           1.581    23.283    u_ethernet_clk_wiz/inst/rmii_ref_clk_ethernet_clk_wiz
    BUFGCTRL_X0Y2        BUFG (Prop_bufg_I_O)         0.091    23.374 r  u_ethernet_clk_wiz/inst/clkout1_buf/O
                         net (fo=28, routed)          1.669    25.043    u_ethernet_mii_rmii_bridge/u_rmii_phy_if/rmii_ref_clk
    SLICE_X0Y122         FDCE                                         r  u_ethernet_mii_rmii_bridge/u_rmii_phy_if/action_reg/C
                         clock pessimism              0.280    25.324    
                         clock uncertainty           -0.082    25.242    
    SLICE_X0Y122         FDCE (Recov_fdce_C_CLR)     -0.405    24.837    u_ethernet_mii_rmii_bridge/u_rmii_phy_if/action_reg
  -------------------------------------------------------------------
                         required time                         24.837    
                         arrival time                          -6.643    
  -------------------------------------------------------------------
                         slack                                 18.194    





Min Delay Paths
--------------------------------------------------------------------------------------
Slack (MET) :             0.472ns  (arrival time - required time)
  Source:                 u_ethernet_mii_rmii_bridge/u_rmii_phy_if/rstn_reg_inv/C
                            (rising edge-triggered cell FDPE clocked by rmii_ref_clk_ethernet_clk_wiz  {rise@0.000ns fall@10.000ns period=20.000ns})
  Destination:            u_ethernet_mii_rmii_bridge/u_rmii_phy_if/mac_mii_txc_reg/CLR
                            (removal check against rising-edge clock rmii_ref_clk_ethernet_clk_wiz  {rise@0.000ns fall@10.000ns period=20.000ns})
  Path Group:             **async_default**
  Path Type:              Removal (Min at Fast Process Corner)
  Requirement:            0.000ns  (rmii_ref_clk_ethernet_clk_wiz rise@0.000ns - rmii_ref_clk_ethernet_clk_wiz rise@0.000ns)
  Data Path Delay:        0.393ns  (logic 0.141ns (35.863%)  route 0.252ns (64.137%))
  Logic Levels:           0  
  Clock Path Skew:        0.013ns (DCD - SCD - CPR)
    Destination Clock Delay (DCD):    2.098ns
    Source Clock Delay      (SCD):    1.582ns
    Clock Pessimism Removal (CPR):    0.504ns

    Location             Delay type                Incr(ns)  Path(ns)    Netlist Resource(s)
  -------------------------------------------------------------------    -------------------
                         (clock rmii_ref_clk_ethernet_clk_wiz rise edge)
                                                      0.000     0.000 r  
    E3                                                0.000     0.000 r  CLK100MHZ (IN)
                         net (fo=0)                   0.000     0.000    CLK100MHZ
    E3                   IBUF (Prop_ibuf_I_O)         0.257     0.257 r  u_sys_clk_ibuf/O
                         net (fo=2, routed)           0.631     0.888    u_ethernet_clk_wiz/inst/sys_clk
    BUFGCTRL_X0Y17       BUFG (Prop_bufg_I_O)         0.026     0.914 r  u_ethernet_clk_wiz/inst/clkin1_bufg/O
                         net (fo=1, routed)           0.551     1.464    u_ethernet_clk_wiz/inst/sys_clk_ethernet_clk_wiz
    MMCME2_ADV_X1Y0      MMCME2_ADV (Prop_mmcme2_adv_CLKIN1_CLKOUT0)
                                                     -1.061     0.404 r  u_ethernet_clk_wiz/inst/mmcm_adv_inst/CLKOUT0
                         net (fo=1, routed)           0.486     0.890    u_ethernet_clk_wiz/inst/rmii_ref_clk_ethernet_clk_wiz
    BUFGCTRL_X0Y2        BUFG (Prop_bufg_I_O)         0.026     0.916 r  u_ethernet_clk_wiz/inst/clkout1_buf/O
                         net (fo=28, routed)          0.666     1.582    u_ethernet_mii_rmii_bridge/u_rmii_phy_if/rmii_ref_clk
    SLICE_X0Y120         FDPE                                         r  u_ethernet_mii_rmii_bridge/u_rmii_phy_if/rstn_reg_inv/C
  -------------------------------------------------------------------    -------------------
    SLICE_X0Y120         FDPE (Prop_fdpe_C_Q)         0.141     1.723 f  u_ethernet_mii_rmii_bridge/u_rmii_phy_if/rstn_reg_inv/Q
                         net (fo=14, routed)          0.252     1.975    u_ethernet_mii_rmii_bridge/u_rmii_phy_if/rstn
    SLICE_X1Y121         FDCE                                         f  u_ethernet_mii_rmii_bridge/u_rmii_phy_if/mac_mii_txc_reg/CLR
  -------------------------------------------------------------------    -------------------

                         (clock rmii_ref_clk_ethernet_clk_wiz rise edge)
                                                      0.000     0.000 r  
    E3                                                0.000     0.000 r  CLK100MHZ (IN)
                         net (fo=0)                   0.000     0.000    CLK100MHZ
    E3                   IBUF (Prop_ibuf_I_O)         0.445     0.445 r  u_sys_clk_ibuf/O
                         net (fo=2, routed)           0.685     1.129    u_ethernet_clk_wiz/inst/sys_clk
    BUFGCTRL_X0Y17       BUFG (Prop_bufg_I_O)         0.029     1.158 r  u_ethernet_clk_wiz/inst/clkin1_bufg/O
                         net (fo=1, routed)           0.819     1.977    u_ethernet_clk_wiz/inst/sys_clk_ethernet_clk_wiz
    MMCME2_ADV_X1Y0      MMCME2_ADV (Prop_mmcme2_adv_CLKIN1_CLKOUT0)
                                                     -1.375     0.602 r  u_ethernet_clk_wiz/inst/mmcm_adv_inst/CLKOUT0
                         net (fo=1, routed)           0.530     1.131    u_ethernet_clk_wiz/inst/rmii_ref_clk_ethernet_clk_wiz
    BUFGCTRL_X0Y2        BUFG (Prop_bufg_I_O)         0.029     1.160 r  u_ethernet_clk_wiz/inst/clkout1_buf/O
                         net (fo=28, routed)          0.938     2.098    u_ethernet_mii_rmii_bridge/u_rmii_phy_if/rmii_ref_clk
    SLICE_X1Y121         FDCE                                         r  u_ethernet_mii_rmii_bridge/u_rmii_phy_if/mac_mii_txc_reg/C
                         clock pessimism             -0.504     1.595    
    SLICE_X1Y121         FDCE (Remov_fdce_C_CLR)     -0.092     1.503    u_ethernet_mii_rmii_bridge/u_rmii_phy_if/mac_mii_txc_reg
  -------------------------------------------------------------------
                         required time                         -1.503    
                         arrival time                           1.975    
  -------------------------------------------------------------------
                         slack                                  0.472    





---------------------------------------------------------------------------------------------------
Path Group:  **async_default**
From Clock:  sys_clk_pin
  To Clock:  rmii_ref_clk_ethernet_clk_wiz

Setup :            0  Failing Endpoints,  Worst Slack        1.234ns,  Total Violation        0.000ns
Hold  :            0  Failing Endpoints,  Worst Slack        3.261ns,  Total Violation        0.000ns
---------------------------------------------------------------------------------------------------


Max Delay Paths
--------------------------------------------------------------------------------------
Slack (MET) :             1.234ns  (required time - arrival time)
  Source:                 phy_ready_reg/C
                            (rising edge-triggered cell FDRE clocked by sys_clk_pin  {rise@0.000ns fall@5.000ns period=10.000ns})
  Destination:            u_ethernet_mii_rmii_bridge/rmii_reset_sync_reg[0]/PRE
                            (recovery check against rising-edge clock rmii_ref_clk_ethernet_clk_wiz  {rise@0.000ns fall@10.000ns period=20.000ns})
  Path Group:             **async_default**
  Path Type:              Recovery (Max at Slow Process Corner)
  Requirement:            10.000ns  (rmii_ref_clk_ethernet_clk_wiz rise@20.000ns - sys_clk_pin rise@10.000ns)
  Data Path Delay:        8.059ns  (logic 0.580ns (7.197%)  route 7.479ns (92.803%))
  Logic Levels:           1  (LUT1=1)
  Clock Path Skew:        -0.168ns (DCD - SCD + CPR)
    Destination Clock Delay (DCD):    5.049ns = ( 25.049 - 20.000 ) 
    Source Clock Delay      (SCD):    5.288ns = ( 15.288 - 10.000 ) 
    Clock Pessimism Removal (CPR):    0.071ns
  Clock Uncertainty:      0.180ns  ((TSJ^2 + DJ^2)^1/2) / 2 + PE
    Total System Jitter     (TSJ):    0.071ns
    Discrete Jitter          (DJ):    0.147ns
    Phase Error              (PE):    0.099ns

    Location             Delay type                Incr(ns)  Path(ns)    Netlist Resource(s)
  -------------------------------------------------------------------    -------------------
                         (clock sys_clk_pin rise edge)
                                                     10.000    10.000 r  
    E3                                                0.000    10.000 r  CLK100MHZ (IN)
                         net (fo=0)                   0.000    10.000    CLK100MHZ
    E3                   IBUF (Prop_ibuf_I_O)         1.489    11.489 r  u_sys_clk_ibuf/O
                         net (fo=2, routed)           1.967    13.455    sys_clk_ibuf
    BUFGCTRL_X0Y16       BUFG (Prop_bufg_I_O)         0.096    13.551 r  u_logic_clk_bufg/O
                         net (fo=165, routed)         1.736    15.288    logic_clk
    SLICE_X9Y109         FDRE                                         r  phy_ready_reg/C
  -------------------------------------------------------------------    -------------------
    SLICE_X9Y109         FDRE (Prop_fdre_C_Q)         0.456    15.744 r  phy_ready_reg/Q
                         net (fo=13, routed)          6.361    22.105    ETH_RSTN_OBUF
    SLICE_X9Y109         LUT1 (Prop_lut1_I0_O)        0.124    22.229 f  u_fixed_packet_generator_i_1/O
                         net (fo=77, routed)          1.118    23.347    u_ethernet_mii_rmii_bridge/rst
    SLICE_X0Y117         FDPE                                         f  u_ethernet_mii_rmii_bridge/rmii_reset_sync_reg[0]/PRE
  -------------------------------------------------------------------    -------------------

                         (clock rmii_ref_clk_ethernet_clk_wiz rise edge)
                                                     20.000    20.000 r  
    E3                                                0.000    20.000 r  CLK100MHZ (IN)
                         net (fo=0)                   0.000    20.000    CLK100MHZ
    E3                   IBUF (Prop_ibuf_I_O)         1.418    21.418 r  u_sys_clk_ibuf/O
                         net (fo=2, routed)           1.862    23.280    u_ethernet_clk_wiz/inst/sys_clk
    BUFGCTRL_X0Y17       BUFG (Prop_bufg_I_O)         0.091    23.371 r  u_ethernet_clk_wiz/inst/clkin1_bufg/O
                         net (fo=1, routed)           1.460    24.832    u_ethernet_clk_wiz/inst/sys_clk_ethernet_clk_wiz
    MMCME2_ADV_X1Y0      MMCME2_ADV (Prop_mmcme2_adv_CLKIN1_CLKOUT0)
                                                     -3.129    21.702 r  u_ethernet_clk_wiz/inst/mmcm_adv_inst/CLKOUT0
                         net (fo=1, routed)           1.581    23.283    u_ethernet_clk_wiz/inst/rmii_ref_clk_ethernet_clk_wiz
    BUFGCTRL_X0Y2        BUFG (Prop_bufg_I_O)         0.091    23.374 r  u_ethernet_clk_wiz/inst/clkout1_buf/O
                         net (fo=28, routed)          1.675    25.049    u_ethernet_mii_rmii_bridge/rmii_ref_clk
    SLICE_X0Y117         FDPE                                         r  u_ethernet_mii_rmii_bridge/rmii_reset_sync_reg[0]/C
                         clock pessimism              0.071    25.120    
                         clock uncertainty           -0.180    24.940    
    SLICE_X0Y117         FDPE (Recov_fdpe_C_PRE)     -0.359    24.581    u_ethernet_mii_rmii_bridge/rmii_reset_sync_reg[0]
  -------------------------------------------------------------------
                         required time                         24.581    
                         arrival time                         -23.347    
  -------------------------------------------------------------------
                         slack                                  1.234    





Min Delay Paths
--------------------------------------------------------------------------------------
Slack (MET) :             3.261ns  (arrival time - required time)
  Source:                 phy_ready_reg/C
                            (rising edge-triggered cell FDRE clocked by sys_clk_pin  {rise@0.000ns fall@5.000ns period=10.000ns})
  Destination:            u_ethernet_mii_rmii_bridge/rmii_reset_sync_reg[0]/PRE
                            (removal check against rising-edge clock rmii_ref_clk_ethernet_clk_wiz  {rise@0.000ns fall@10.000ns period=20.000ns})
  Path Group:             **async_default**
  Path Type:              Removal (Min at Fast Process Corner)
  Requirement:            0.000ns  (rmii_ref_clk_ethernet_clk_wiz rise@0.000ns - sys_clk_pin rise@0.000ns)
  Data Path Delay:        3.704ns  (logic 0.186ns (5.022%)  route 3.518ns (94.978%))
  Logic Levels:           1  (LUT1=1)
  Clock Path Skew:        0.358ns (DCD - SCD - CPR)
    Destination Clock Delay (DCD):    2.102ns
    Source Clock Delay      (SCD):    1.557ns
    Clock Pessimism Removal (CPR):    0.188ns
  Clock Uncertainty:      0.180ns  ((TSJ^2 + DJ^2)^1/2) / 2 + PE
    Total System Jitter     (TSJ):    0.071ns
    Discrete Jitter          (DJ):    0.147ns
    Phase Error              (PE):    0.099ns

    Location             Delay type                Incr(ns)  Path(ns)    Netlist Resource(s)
  -------------------------------------------------------------------    -------------------
                         (clock sys_clk_pin rise edge)
                                                      0.000     0.000 r  
    E3                                                0.000     0.000 r  CLK100MHZ (IN)
                         net (fo=0)                   0.000     0.000    CLK100MHZ
    E3                   IBUF (Prop_ibuf_I_O)         0.257     0.257 r  u_sys_clk_ibuf/O
                         net (fo=2, routed)           0.631     0.888    sys_clk_ibuf
    BUFGCTRL_X0Y16       BUFG (Prop_bufg_I_O)         0.026     0.914 r  u_logic_clk_bufg/O
                         net (fo=165, routed)         0.643     1.557    logic_clk
    SLICE_X9Y109         FDRE                                         r  phy_ready_reg/C
  -------------------------------------------------------------------    -------------------
    SLICE_X9Y109         FDRE (Prop_fdre_C_Q)         0.141     1.698 r  phy_ready_reg/Q
                         net (fo=13, routed)          2.995     4.693    ETH_RSTN_OBUF
    SLICE_X9Y109         LUT1 (Prop_lut1_I0_O)        0.045     4.738 f  u_fixed_packet_generator_i_1/O
                         net (fo=77, routed)          0.523     5.261    u_ethernet_mii_rmii_bridge/rst
    SLICE_X0Y117         FDPE                                         f  u_ethernet_mii_rmii_bridge/rmii_reset_sync_reg[0]/PRE
  -------------------------------------------------------------------    -------------------

                         (clock rmii_ref_clk_ethernet_clk_wiz rise edge)
                                                      0.000     0.000 r  
    E3                                                0.000     0.000 r  CLK100MHZ (IN)
                         net (fo=0)                   0.000     0.000    CLK100MHZ
    E3                   IBUF (Prop_ibuf_I_O)         0.445     0.445 r  u_sys_clk_ibuf/O
                         net (fo=2, routed)           0.685     1.129    u_ethernet_clk_wiz/inst/sys_clk
    BUFGCTRL_X0Y17       BUFG (Prop_bufg_I_O)         0.029     1.158 r  u_ethernet_clk_wiz/inst/clkin1_bufg/O
                         net (fo=1, routed)           0.819     1.977    u_ethernet_clk_wiz/inst/sys_clk_ethernet_clk_wiz
    MMCME2_ADV_X1Y0      MMCME2_ADV (Prop_mmcme2_adv_CLKIN1_CLKOUT0)
                                                     -1.375     0.602 r  u_ethernet_clk_wiz/inst/mmcm_adv_inst/CLKOUT0
                         net (fo=1, routed)           0.530     1.131    u_ethernet_clk_wiz/inst/rmii_ref_clk_ethernet_clk_wiz
    BUFGCTRL_X0Y2        BUFG (Prop_bufg_I_O)         0.029     1.160 r  u_ethernet_clk_wiz/inst/clkout1_buf/O
                         net (fo=28, routed)          0.942     2.102    u_ethernet_mii_rmii_bridge/rmii_ref_clk
    SLICE_X0Y117         FDPE                                         r  u_ethernet_mii_rmii_bridge/rmii_reset_sync_reg[0]/C
                         clock pessimism             -0.188     1.914    
                         clock uncertainty            0.180     2.095    
    SLICE_X0Y117         FDPE (Remov_fdpe_C_PRE)     -0.095     2.000    u_ethernet_mii_rmii_bridge/rmii_reset_sync_reg[0]
  -------------------------------------------------------------------
                         required time                         -2.000    
                         arrival time                           5.261    
  -------------------------------------------------------------------
                         slack                                  3.261    





---------------------------------------------------------------------------------------------------
Path Group:  **async_default**
From Clock:  mii_tx_clk
  To Clock:  sys_clk_pin

Setup :            0  Failing Endpoints,  Worst Slack        1.998ns,  Total Violation        0.000ns
Hold  :            0  Failing Endpoints,  Worst Slack        2.545ns,  Total Violation        0.000ns
---------------------------------------------------------------------------------------------------


Max Delay Paths
--------------------------------------------------------------------------------------
Slack (MET) :             1.998ns  (required time - arrival time)
  Source:                 u_taxi_ethernet_subsystem/u_taxi_eth_mac_mii_fifo/eth_mac_mii_inst/mii_phy_if_inst/tx_reset_sync_inst/sync_reg_reg[3]/C
                            (rising edge-triggered cell FDPE clocked by mii_tx_clk  {rise@0.000ns fall@20.000ns period=40.000ns})
  Destination:            u_taxi_ethernet_subsystem/u_taxi_eth_mac_mii_fifo/tx_fifo/fifo_inst/s_reset_sync_inst/sync_reg_reg[0]/PRE
                            (recovery check against rising-edge clock sys_clk_pin  {rise@0.000ns fall@5.000ns period=10.000ns})
  Path Group:             **async_default**
  Path Type:              Recovery (Max at Slow Process Corner)
  Requirement:            10.000ns  (sys_clk_pin rise@10.000ns - mii_tx_clk rise@0.000ns)
  Data Path Delay:        0.829ns  (logic 0.456ns (55.014%)  route 0.373ns (44.986%))
  Logic Levels:           0  
  Clock Path Skew:        -6.634ns (DCD - SCD + CPR)
    Destination Clock Delay (DCD):    5.044ns = ( 15.044 - 10.000 ) 
    Source Clock Delay      (SCD):    11.749ns
    Clock Pessimism Removal (CPR):    0.071ns
  Clock Uncertainty:      0.180ns  ((TSJ^2 + DJ^2)^1/2) / 2 + PE
    Total System Jitter     (TSJ):    0.071ns
    Discrete Jitter          (DJ):    0.147ns
    Phase Error              (PE):    0.099ns

    Location             Delay type                Incr(ns)  Path(ns)    Netlist Resource(s)
  -------------------------------------------------------------------    -------------------
                         (clock mii_tx_clk rise edge)
                                                      0.000     0.000 r  
    E3                                                0.000     0.000 r  CLK100MHZ (IN)
                         net (fo=0)                   0.000     0.000    CLK100MHZ
    E3                   IBUF (Prop_ibuf_I_O)         1.489     1.489 r  u_sys_clk_ibuf/O
                         net (fo=2, routed)           1.967     3.455    u_ethernet_clk_wiz/inst/sys_clk
    BUFGCTRL_X0Y17       BUFG (Prop_bufg_I_O)         0.096     3.551 r  u_ethernet_clk_wiz/inst/clkin1_bufg/O
                         net (fo=1, routed)           1.577     5.129    u_ethernet_clk_wiz/inst/sys_clk_ethernet_clk_wiz
    MMCME2_ADV_X1Y0      MMCME2_ADV (Prop_mmcme2_adv_CLKIN1_CLKOUT0)
                                                     -3.333     1.796 r  u_ethernet_clk_wiz/inst/mmcm_adv_inst/CLKOUT0
                         net (fo=1, routed)           1.661     3.457    u_ethernet_clk_wiz/inst/rmii_ref_clk_ethernet_clk_wiz
    BUFGCTRL_X0Y2        BUFG (Prop_bufg_I_O)         0.096     3.553 r  u_ethernet_clk_wiz/inst/clkout1_buf/O
                         net (fo=28, routed)          1.795     5.349    u_ethernet_mii_rmii_bridge/u_rmii_phy_if/rmii_ref_clk
    SLICE_X1Y121         FDCE (Prop_fdce_C_Q)         0.456     5.805 r  u_ethernet_mii_rmii_bridge/u_rmii_phy_if/mac_mii_txc_reg/Q
                         net (fo=7, routed)           4.048     9.853    u_taxi_ethernet_subsystem/u_taxi_eth_mac_mii_fifo/eth_mac_mii_inst/mii_phy_if_inst/mii_tx_clk
    BUFGCTRL_X0Y1        BUFG (Prop_bufg_I_O)         0.096     9.949 r  u_taxi_ethernet_subsystem/u_taxi_eth_mac_mii_fifo/eth_mac_mii_inst/mii_phy_if_inst/mii_bufg_inst/O
                         net (fo=177, routed)         1.800    11.749    u_taxi_ethernet_subsystem/u_taxi_eth_mac_mii_fifo/eth_mac_mii_inst/mii_phy_if_inst/tx_reset_sync_inst/CLK
    SLICE_X1Y117         FDPE                                         r  u_taxi_ethernet_subsystem/u_taxi_eth_mac_mii_fifo/eth_mac_mii_inst/mii_phy_if_inst/tx_reset_sync_inst/sync_reg_reg[3]/C
  -------------------------------------------------------------------    -------------------
    SLICE_X1Y117         FDPE (Prop_fdpe_C_Q)         0.456    12.205 f  u_taxi_ethernet_subsystem/u_taxi_eth_mac_mii_fifo/eth_mac_mii_inst/mii_phy_if_inst/tx_reset_sync_inst/sync_reg_reg[3]/Q
                         net (fo=41, routed)          0.373    12.578    u_taxi_ethernet_subsystem/u_taxi_eth_mac_mii_fifo/tx_fifo/fifo_inst/s_reset_sync_inst/tx_rst
    SLICE_X1Y116         FDPE                                         f  u_taxi_ethernet_subsystem/u_taxi_eth_mac_mii_fifo/tx_fifo/fifo_inst/s_reset_sync_inst/sync_reg_reg[0]/PRE
  -------------------------------------------------------------------    -------------------

                         (clock sys_clk_pin rise edge)
                                                     10.000    10.000 r  
    E3                                                0.000    10.000 r  CLK100MHZ (IN)
                         net (fo=0)                   0.000    10.000    CLK100MHZ
    E3                   IBUF (Prop_ibuf_I_O)         1.418    11.418 r  u_sys_clk_ibuf/O
                         net (fo=2, routed)           1.862    13.280    sys_clk_ibuf
    BUFGCTRL_X0Y16       BUFG (Prop_bufg_I_O)         0.091    13.371 r  u_logic_clk_bufg/O
                         net (fo=165, routed)         1.673    15.044    u_taxi_ethernet_subsystem/u_taxi_eth_mac_mii_fifo/tx_fifo/fifo_inst/s_reset_sync_inst/logic_clk
    SLICE_X1Y116         FDPE                                         r  u_taxi_ethernet_subsystem/u_taxi_eth_mac_mii_fifo/tx_fifo/fifo_inst/s_reset_sync_inst/sync_reg_reg[0]/C
                         clock pessimism              0.071    15.115    
                         clock uncertainty           -0.180    14.935    
    SLICE_X1Y116         FDPE (Recov_fdpe_C_PRE)     -0.359    14.576    u_taxi_ethernet_subsystem/u_taxi_eth_mac_mii_fifo/tx_fifo/fifo_inst/s_reset_sync_inst/sync_reg_reg[0]
  -------------------------------------------------------------------
                         required time                         14.576    
                         arrival time                         -12.578    
  -------------------------------------------------------------------
                         slack                                  1.998    





Min Delay Paths
--------------------------------------------------------------------------------------
Slack (MET) :             2.545ns  (arrival time - required time)
  Source:                 u_taxi_ethernet_subsystem/u_taxi_eth_mac_mii_fifo/eth_mac_mii_inst/mii_phy_if_inst/tx_reset_sync_inst/sync_reg_reg[3]/C
                            (rising edge-triggered cell FDPE clocked by mii_tx_clk  {rise@0.000ns fall@20.000ns period=40.000ns})
  Destination:            u_taxi_ethernet_subsystem/u_taxi_eth_mac_mii_fifo/tx_fifo/fifo_inst/s_reset_sync_inst/sync_reg_reg[0]/PRE
                            (removal check against rising-edge clock sys_clk_pin  {rise@0.000ns fall@5.000ns period=10.000ns})
  Path Group:             **async_default**
  Path Type:              Removal (Min at Fast Process Corner)
  Requirement:            0.000ns  (sys_clk_pin rise@0.000ns - mii_tx_clk rise@0.000ns)
  Data Path Delay:        0.282ns  (logic 0.141ns (50.021%)  route 0.141ns (49.978%))
  Logic Levels:           0  
  Clock Path Skew:        -2.349ns (DCD - SCD - CPR)
    Destination Clock Delay (DCD):    2.099ns
    Source Clock Delay      (SCD):    4.260ns
    Clock Pessimism Removal (CPR):    0.188ns
  Clock Uncertainty:      0.180ns  ((TSJ^2 + DJ^2)^1/2) / 2 + PE
    Total System Jitter     (TSJ):    0.071ns
    Discrete Jitter          (DJ):    0.147ns
    Phase Error              (PE):    0.099ns

    Location             Delay type                Incr(ns)  Path(ns)    Netlist Resource(s)
  -------------------------------------------------------------------    -------------------
                         (clock mii_tx_clk rise edge)
                                                      0.000     0.000 r  
    E3                                                0.000     0.000 r  CLK100MHZ (IN)
                         net (fo=0)                   0.000     0.000    CLK100MHZ
    E3                   IBUF (Prop_ibuf_I_O)         0.257     0.257 r  u_sys_clk_ibuf/O
                         net (fo=2, routed)           0.631     0.888    u_ethernet_clk_wiz/inst/sys_clk
    BUFGCTRL_X0Y17       BUFG (Prop_bufg_I_O)         0.026     0.914 r  u_ethernet_clk_wiz/inst/clkin1_bufg/O
                         net (fo=1, routed)           0.551     1.464    u_ethernet_clk_wiz/inst/sys_clk_ethernet_clk_wiz
    MMCME2_ADV_X1Y0      MMCME2_ADV (Prop_mmcme2_adv_CLKIN1_CLKOUT0)
                                                     -1.061     0.404 r  u_ethernet_clk_wiz/inst/mmcm_adv_inst/CLKOUT0
                         net (fo=1, routed)           0.486     0.890    u_ethernet_clk_wiz/inst/rmii_ref_clk_ethernet_clk_wiz
    BUFGCTRL_X0Y2        BUFG (Prop_bufg_I_O)         0.026     0.916 r  u_ethernet_clk_wiz/inst/clkout1_buf/O
                         net (fo=28, routed)          0.665     1.581    u_ethernet_mii_rmii_bridge/u_rmii_phy_if/rmii_ref_clk
    SLICE_X1Y121         FDCE (Prop_fdce_C_Q)         0.141     1.722 r  u_ethernet_mii_rmii_bridge/u_rmii_phy_if/mac_mii_txc_reg/Q
                         net (fo=7, routed)           1.843     3.565    u_taxi_ethernet_subsystem/u_taxi_eth_mac_mii_fifo/eth_mac_mii_inst/mii_phy_if_inst/mii_tx_clk
    BUFGCTRL_X0Y1        BUFG (Prop_bufg_I_O)         0.026     3.591 r  u_taxi_ethernet_subsystem/u_taxi_eth_mac_mii_fifo/eth_mac_mii_inst/mii_phy_if_inst/mii_bufg_inst/O
                         net (fo=177, routed)         0.669     4.260    u_taxi_ethernet_subsystem/u_taxi_eth_mac_mii_fifo/eth_mac_mii_inst/mii_phy_if_inst/tx_reset_sync_inst/CLK
    SLICE_X1Y117         FDPE                                         r  u_taxi_ethernet_subsystem/u_taxi_eth_mac_mii_fifo/eth_mac_mii_inst/mii_phy_if_inst/tx_reset_sync_inst/sync_reg_reg[3]/C
  -------------------------------------------------------------------    -------------------
    SLICE_X1Y117         FDPE (Prop_fdpe_C_Q)         0.141     4.401 f  u_taxi_ethernet_subsystem/u_taxi_eth_mac_mii_fifo/eth_mac_mii_inst/mii_phy_if_inst/tx_reset_sync_inst/sync_reg_reg[3]/Q
                         net (fo=41, routed)          0.141     4.542    u_taxi_ethernet_subsystem/u_taxi_eth_mac_mii_fifo/tx_fifo/fifo_inst/s_reset_sync_inst/tx_rst
    SLICE_X1Y116         FDPE                                         f  u_taxi_ethernet_subsystem/u_taxi_eth_mac_mii_fifo/tx_fifo/fifo_inst/s_reset_sync_inst/sync_reg_reg[0]/PRE
  -------------------------------------------------------------------    -------------------

                         (clock sys_clk_pin rise edge)
                                                      0.000     0.000 r  
    E3                                                0.000     0.000 r  CLK100MHZ (IN)
                         net (fo=0)                   0.000     0.000    CLK100MHZ
    E3                   IBUF (Prop_ibuf_I_O)         0.445     0.445 r  u_sys_clk_ibuf/O
                         net (fo=2, routed)           0.685     1.129    sys_clk_ibuf
    BUFGCTRL_X0Y16       BUFG (Prop_bufg_I_O)         0.029     1.158 r  u_logic_clk_bufg/O
                         net (fo=165, routed)         0.941     2.099    u_taxi_ethernet_subsystem/u_taxi_eth_mac_mii_fifo/tx_fifo/fifo_inst/s_reset_sync_inst/logic_clk
    SLICE_X1Y116         FDPE                                         r  u_taxi_ethernet_subsystem/u_taxi_eth_mac_mii_fifo/tx_fifo/fifo_inst/s_reset_sync_inst/sync_reg_reg[0]/C
                         clock pessimism             -0.188     1.911    
                         clock uncertainty            0.180     2.092    
    SLICE_X1Y116         FDPE (Remov_fdpe_C_PRE)     -0.095     1.997    u_taxi_ethernet_subsystem/u_taxi_eth_mac_mii_fifo/tx_fifo/fifo_inst/s_reset_sync_inst/sync_reg_reg[0]
  -------------------------------------------------------------------
                         required time                         -1.997    
                         arrival time                           4.542    
  -------------------------------------------------------------------
                         slack                                  2.545    





--------------------------------------------------------------------------------------
Path Group:  (none)
From Clock:  phy_ref_clk_ethernet_clk_wiz
  To Clock:  

Max Delay             1 Endpoint
Min Delay             1 Endpoint
--------------------------------------------------------------------------------------


Max Delay Paths
--------------------------------------------------------------------------------------
Slack:                    inf
  Source:                 u_eth_refclk_oddr/C
                            (falling edge-triggered cell ODDR clocked by phy_ref_clk_ethernet_clk_wiz  {rise@2.500ns fall@12.500ns period=20.000ns})
  Destination:            ETH_REFCLK
                            (output port)
  Path Group:             (none)
  Path Type:              Max at Slow Process Corner
  Data Path Delay:        4.018ns  (logic 4.017ns (99.975%)  route 0.001ns (0.025%))
  Logic Levels:           1  (OBUF=1)
  Clock Uncertainty:      0.176ns  ((TSJ^2 + DJ^2)^1/2) / 2 + PE
    Total System Jitter     (TSJ):    0.050ns
    Discrete Jitter          (DJ):    0.147ns
    Phase Error              (PE):    0.099ns

    Location             Delay type                Incr(ns)  Path(ns)    Netlist Resource(s)
  -------------------------------------------------------------------    -------------------
                         (clock phy_ref_clk_ethernet_clk_wiz fall edge)
                                                     12.500    12.500 f  
    E3                                                0.000    12.500 f  CLK100MHZ (IN)
                         net (fo=0)                   0.000    12.500    CLK100MHZ
    E3                   IBUF (Prop_ibuf_I_O)         1.489    13.989 f  u_sys_clk_ibuf/O
                         net (fo=2, routed)           1.967    15.955    u_ethernet_clk_wiz/inst/sys_clk
    BUFGCTRL_X0Y17       BUFG (Prop_bufg_I_O)         0.096    16.051 f  u_ethernet_clk_wiz/inst/clkin1_bufg/O
                         net (fo=1, routed)           1.577    17.629    u_ethernet_clk_wiz/inst/sys_clk_ethernet_clk_wiz
    MMCME2_ADV_X1Y0      MMCME2_ADV (Prop_mmcme2_adv_CLKIN1_CLKOUT1)
                                                     -3.333    14.296 f  u_ethernet_clk_wiz/inst/mmcm_adv_inst/CLKOUT1
                         net (fo=1, routed)           1.661    15.957    u_ethernet_clk_wiz/inst/phy_ref_clk_ethernet_clk_wiz
    BUFGCTRL_X0Y0        BUFG (Prop_bufg_I_O)         0.096    16.053 f  u_ethernet_clk_wiz/inst/clkout2_buf/O
                         net (fo=4, routed)           1.653    17.707    phy_ref_clk
    OLOGIC_X1Y78         ODDR                                         f  u_eth_refclk_oddr/C
  -------------------------------------------------------------------    -------------------
    OLOGIC_X1Y78         ODDR (Prop_oddr_C_Q)         0.472    18.179 r  u_eth_refclk_oddr/Q
                         net (fo=1, routed)           0.001    18.180    ETH_REFCLK_OBUF
    D5                   OBUF (Prop_obuf_I_O)         3.545    21.725 r  ETH_REFCLK_OBUF_inst/O
                         net (fo=0)                   0.000    21.725    ETH_REFCLK
    D5                                                                r  ETH_REFCLK (OUT)
  -------------------------------------------------------------------    -------------------





Min Delay Paths
--------------------------------------------------------------------------------------
Slack:                    inf
  Source:                 u_eth_refclk_oddr/C
                            (rising edge-triggered cell ODDR clocked by phy_ref_clk_ethernet_clk_wiz  {rise@2.500ns fall@12.500ns period=20.000ns})
  Destination:            ETH_REFCLK
                            (output port)
  Path Group:             (none)
  Path Type:              Min at Fast Process Corner
  Data Path Delay:        1.424ns  (logic 1.423ns (99.930%)  route 0.001ns (0.070%))
  Logic Levels:           1  (OBUF=1)
  Clock Uncertainty:      0.176ns  ((TSJ^2 + DJ^2)^1/2) / 2 + PE
    Total System Jitter     (TSJ):    0.050ns
    Discrete Jitter          (DJ):    0.147ns
    Phase Error              (PE):    0.099ns

    Location             Delay type                Incr(ns)  Path(ns)    Netlist Resource(s)
  -------------------------------------------------------------------    -------------------
                         (clock phy_ref_clk_ethernet_clk_wiz rise edge)
                                                      2.500     2.500 r  
    E3                                                0.000     2.500 r  CLK100MHZ (IN)
                         net (fo=0)                   0.000     2.500    CLK100MHZ
    E3                   IBUF (Prop_ibuf_I_O)         0.257     2.757 r  u_sys_clk_ibuf/O
                         net (fo=2, routed)           0.631     3.388    u_ethernet_clk_wiz/inst/sys_clk
    BUFGCTRL_X0Y17       BUFG (Prop_bufg_I_O)         0.026     3.414 r  u_ethernet_clk_wiz/inst/clkin1_bufg/O
                         net (fo=1, routed)           0.551     3.964    u_ethernet_clk_wiz/inst/sys_clk_ethernet_clk_wiz
    MMCME2_ADV_X1Y0      MMCME2_ADV (Prop_mmcme2_adv_CLKIN1_CLKOUT1)
                                                     -1.061     2.904 r  u_ethernet_clk_wiz/inst/mmcm_adv_inst/CLKOUT1
                         net (fo=1, routed)           0.486     3.390    u_ethernet_clk_wiz/inst/phy_ref_clk_ethernet_clk_wiz
    BUFGCTRL_X0Y0        BUFG (Prop_bufg_I_O)         0.026     3.416 r  u_ethernet_clk_wiz/inst/clkout2_buf/O
                         net (fo=4, routed)           0.579     3.994    phy_ref_clk
    OLOGIC_X1Y78         ODDR                                         r  u_eth_refclk_oddr/C
  -------------------------------------------------------------------    -------------------
    OLOGIC_X1Y78         ODDR (Prop_oddr_C_Q)         0.177     4.171 r  u_eth_refclk_oddr/Q
                         net (fo=1, routed)           0.001     4.172    ETH_REFCLK_OBUF
    D5                   OBUF (Prop_obuf_I_O)         1.246     5.419 r  ETH_REFCLK_OBUF_inst/O
                         net (fo=0)                   0.000     5.419    ETH_REFCLK
    D5                                                                r  ETH_REFCLK (OUT)
  -------------------------------------------------------------------    -------------------





--------------------------------------------------------------------------------------
Path Group:  (none)
From Clock:  sys_clk_pin
  To Clock:  

Max Delay             1 Endpoint
Min Delay             1 Endpoint
--------------------------------------------------------------------------------------


Max Delay Paths
--------------------------------------------------------------------------------------
Slack:                    inf
  Source:                 phy_ready_reg/C
                            (rising edge-triggered cell FDRE clocked by sys_clk_pin  {rise@0.000ns fall@5.000ns period=10.000ns})
  Destination:            ETH_RSTN
                            (output port)
  Path Group:             (none)
  Path Type:              Max at Slow Process Corner
  Data Path Delay:        14.113ns  (logic 4.021ns (28.490%)  route 10.092ns (71.510%))
  Logic Levels:           1  (OBUF=1)
  Clock Uncertainty:      0.025ns  ((TSJ^2 + TIJ^2)^1/2 + DJ) / 2 + PE
    Total System Jitter     (TSJ):    0.050ns
    Total Input Jitter      (TIJ):    0.000ns
    Discrete Jitter          (DJ):    0.000ns
    Phase Error              (PE):    0.000ns

    Location             Delay type                Incr(ns)  Path(ns)    Netlist Resource(s)
  -------------------------------------------------------------------    -------------------
                         (clock sys_clk_pin rise edge)
                                                      0.000     0.000 r  
    E3                                                0.000     0.000 r  CLK100MHZ (IN)
                         net (fo=0)                   0.000     0.000    CLK100MHZ
    E3                   IBUF (Prop_ibuf_I_O)         1.489     1.489 r  u_sys_clk_ibuf/O
                         net (fo=2, routed)           1.967     3.455    sys_clk_ibuf
    BUFGCTRL_X0Y16       BUFG (Prop_bufg_I_O)         0.096     3.551 r  u_logic_clk_bufg/O
                         net (fo=165, routed)         1.736     5.288    logic_clk
    SLICE_X9Y109         FDRE                                         r  phy_ready_reg/C
  -------------------------------------------------------------------    -------------------
    SLICE_X9Y109         FDRE (Prop_fdre_C_Q)         0.456     5.744 r  phy_ready_reg/Q
                         net (fo=13, routed)         10.092    15.836    ETH_RSTN_OBUF
    B3                   OBUF (Prop_obuf_I_O)         3.565    19.401 r  ETH_RSTN_OBUF_inst/O
                         net (fo=0)                   0.000    19.401    ETH_RSTN
    B3                                                                r  ETH_RSTN (OUT)
  -------------------------------------------------------------------    -------------------





Min Delay Paths
--------------------------------------------------------------------------------------
Slack:                    inf
  Source:                 phy_ready_reg/C
                            (rising edge-triggered cell FDRE clocked by sys_clk_pin  {rise@0.000ns fall@5.000ns period=10.000ns})
  Destination:            ETH_RSTN
                            (output port)
  Path Group:             (none)
  Path Type:              Min at Fast Process Corner
  Data Path Delay:        5.728ns  (logic 1.406ns (24.555%)  route 4.321ns (75.445%))
  Logic Levels:           1  (OBUF=1)
  Clock Uncertainty:      0.025ns  ((TSJ^2 + TIJ^2)^1/2 + DJ) / 2 + PE
    Total System Jitter     (TSJ):    0.050ns
    Total Input Jitter      (TIJ):    0.000ns
    Discrete Jitter          (DJ):    0.000ns
    Phase Error              (PE):    0.000ns

    Location             Delay type                Incr(ns)  Path(ns)    Netlist Resource(s)
  -------------------------------------------------------------------    -------------------
                         (clock sys_clk_pin rise edge)
                                                      0.000     0.000 r  
    E3                                                0.000     0.000 r  CLK100MHZ (IN)
                         net (fo=0)                   0.000     0.000    CLK100MHZ
    E3                   IBUF (Prop_ibuf_I_O)         0.257     0.257 r  u_sys_clk_ibuf/O
                         net (fo=2, routed)           0.631     0.888    sys_clk_ibuf
    BUFGCTRL_X0Y16       BUFG (Prop_bufg_I_O)         0.026     0.914 r  u_logic_clk_bufg/O
                         net (fo=165, routed)         0.643     1.557    logic_clk
    SLICE_X9Y109         FDRE                                         r  phy_ready_reg/C
  -------------------------------------------------------------------    -------------------
    SLICE_X9Y109         FDRE (Prop_fdre_C_Q)         0.141     1.698 r  phy_ready_reg/Q
                         net (fo=13, routed)          4.321     6.019    ETH_RSTN_OBUF
    B3                   OBUF (Prop_obuf_I_O)         1.265     7.284 r  ETH_RSTN_OBUF_inst/O
                         net (fo=0)                   0.000     7.284    ETH_RSTN
    B3                                                                r  ETH_RSTN (OUT)
  -------------------------------------------------------------------    -------------------





--------------------------------------------------------------------------------------
Path Group:  (none)
From Clock:  
  To Clock:  sys_clk_pin

Max Delay            21 Endpoints
Min Delay            21 Endpoints
--------------------------------------------------------------------------------------


Max Delay Paths
--------------------------------------------------------------------------------------
Slack:                    inf
  Source:                 u_ethernet_clk_wiz/inst/mmcm_adv_inst/LOCKED
                            (internal pin)
  Destination:            phy_reset_count_reg[0]/R
                            (rising edge-triggered cell FDRE clocked by sys_clk_pin  {rise@0.000ns fall@5.000ns period=10.000ns})
  Path Group:             (none)
  Path Type:              Setup (Max at Slow Process Corner)
  Data Path Delay:        6.148ns  (logic 0.124ns (2.017%)  route 6.024ns (97.983%))
  Logic Levels:           1  (LUT2=1)
  Clock Uncertainty:      0.025ns  ((TSJ^2 + TIJ^2)^1/2 + DJ) / 2 + PE
    Total System Jitter     (TSJ):    0.050ns
    Total Input Jitter      (TIJ):    0.000ns
    Discrete Jitter          (DJ):    0.000ns
    Phase Error              (PE):    0.000ns

    Location             Delay type                Incr(ns)  Path(ns)    Netlist Resource(s)
  -------------------------------------------------------------------    -------------------
    MMCME2_ADV_X1Y0      MMCME2_ADV                   0.000     0.000 f  u_ethernet_clk_wiz/inst/mmcm_adv_inst/LOCKED
                         net (fo=2, routed)           4.797     4.797    clock_locked
    SLICE_X9Y109         LUT2 (Prop_lut2_I1_O)        0.124     4.921 r  phy_reset_count[0]_i_1/O
                         net (fo=20, routed)          1.227     6.148    phy_reset_count[0]_i_1_n_0
    SLICE_X7Y111         FDRE                                         r  phy_reset_count_reg[0]/R
  -------------------------------------------------------------------    -------------------

                         (clock sys_clk_pin rise edge)
                                                      0.000     0.000 r  
    E3                                                0.000     0.000 r  CLK100MHZ (IN)
                         net (fo=0)                   0.000     0.000    CLK100MHZ
    E3                   IBUF (Prop_ibuf_I_O)         1.418     1.418 r  u_sys_clk_ibuf/O
                         net (fo=2, routed)           1.862     3.280    sys_clk_ibuf
    BUFGCTRL_X0Y16       BUFG (Prop_bufg_I_O)         0.091     3.371 r  u_logic_clk_bufg/O
                         net (fo=165, routed)         1.676     5.047    logic_clk
    SLICE_X7Y111         FDRE                                         r  phy_reset_count_reg[0]/C





Min Delay Paths
--------------------------------------------------------------------------------------
Slack:                    inf
  Source:                 CPU_RESETN
                            (input port)
  Destination:            phy_ready_reg/D
                            (rising edge-triggered cell FDRE clocked by sys_clk_pin  {rise@0.000ns fall@5.000ns period=10.000ns})
  Path Group:             (none)
  Path Type:              Hold (Min at Fast Process Corner)
  Data Path Delay:        1.121ns  (logic 0.315ns (28.138%)  route 0.806ns (71.862%))
  Logic Levels:           2  (IBUF=1 LUT4=1)
  Clock Path Skew:        2.076ns (DCD - SCD - CPR)
    Destination Clock Delay (DCD):    2.076ns
    Source Clock Delay      (SCD):    0.000ns
    Clock Pessimism Removal (CPR):    -0.000ns

    Location             Delay type                Incr(ns)  Path(ns)    Netlist Resource(s)
  -------------------------------------------------------------------    -------------------
    C12                                               0.000     0.000 r  CPU_RESETN (IN)
                         net (fo=0)                   0.000     0.000    CPU_RESETN
    C12                  IBUF (Prop_ibuf_I_O)         0.273     0.273 r  CPU_RESETN_IBUF_inst/O
                         net (fo=3, routed)           0.806     1.079    CPU_RESETN_IBUF
    SLICE_X9Y109         LUT4 (Prop_lut4_I3_O)        0.042     1.121 r  phy_ready_i_1/O
                         net (fo=1, routed)           0.000     1.121    phy_ready_i_1_n_0
    SLICE_X9Y109         FDRE                                         r  phy_ready_reg/D
  -------------------------------------------------------------------    -------------------

                         (clock sys_clk_pin rise edge)
                                                      0.000     0.000 r  
    E3                                                0.000     0.000 r  CLK100MHZ (IN)
                         net (fo=0)                   0.000     0.000    CLK100MHZ
    E3                   IBUF (Prop_ibuf_I_O)         0.445     0.445 r  u_sys_clk_ibuf/O
                         net (fo=2, routed)           0.685     1.129    sys_clk_ibuf
    BUFGCTRL_X0Y16       BUFG (Prop_bufg_I_O)         0.029     1.158 r  u_logic_clk_bufg/O
                         net (fo=165, routed)         0.918     2.076    logic_clk
    SLICE_X9Y109         FDRE                                         r  phy_ready_reg/C





